district_id,month,elevation_m,slope_risk,flood_susceptibility,landslide_susceptibility,temp_celsius,humidity_percent,wind_kmh,rainfall_24h_mm,rainfall_48h_mm,rainfall_72h_mm,seasonal_rainfall_avg_mm,landslide_occurred,flood_occurred,road_blocked,disruption_severity
papum_pare,2,388.0,47.9,0.5,0.4,28.2,65.9,1.7,1.6,3.9,6.5,69.0,1,0,0,0.0
kamrup,12,34.0,9.4,0.7,0.1,25.3,71.1,9.5,0.2,0.2,0.3,18.0,0,0,0,0.0
east_khasi,4,1510.0,52.0,0.2,0.7,18.8,83.1,1.9,2.5,4.1,6.0,220.0,0,0,0,16.0
dima_hasao,3,961.0,65.0,0.3,0.8,23.3,79.8,7.9,15.0,18.6,29.0,125.0,0,0,0,9.6
west_tripura,2,-73.0,9.7,0.75,0.05,22.6,91.5,4.4,0.1,0.2,0.2,63.0,0,0,0,5.2
papum_pare,12,275.0,44.4,0.5,0.4,24.1,64.4,19.9,1.5,3.2,2.5,23.0,0,0,0,8.3
imphal_west,2,867.0,51.8,0.35,0.5,26.0,64.5,12.5,2.9,5.5,10.3,45.0,0,0,0,1.1
aizawl,7,1105.0,74.7,0.1,0.8,23.3,79.3,23.8,2.9,2.4,3.7,500.0,1,0,1,57.4
kamrup,1,81.0,9.4,0.7,0.1,31.7,84.1,20.5,0.6,0.7,1.3,36.0,0,0,0,0.8
sonitpur,4,-53.0,18.4,0.6,0.15,31.9,92.7,0.1,1.0,1.2,1.5,170.0,0,1,0,16.6
dima_hasao,9,949.0,55.4,0.3,0.8,30.0,73.8,35.7,53.7,72.4,99.6,375.0,1,1,1,96.7
aizawl,1,1170.0,75.0,0.1,0.8,20.5,78.6,42.4,0.7,1.5,1.5,40.0,0,0,0,0.0
imphal_west,4,762.0,45.0,0.35,0.5,27.1,63.4,18.0,3.4,6.4,9.8,150.0,1,0,0,19.0
west_tripura,11,-4.0,6.2,0.75,0.05,29.7,74.7,27.6,0.5,1.0,0.9,42.0,0,0,0,0.0
west_tripura,9,54.0,9.3,0.75,0.05,27.4,80.1,2.8,4.7,9.0,15.9,315.0,0,1,0,34.8
dimapur,4,159.0,31.1,0.4,0.2,28.3,60.3,1.1,0.7,0.8,1.4,160.0,0,0,0,8.5
kohima,10,1539.0,74.1,0.15,0.85,30.7,84.7,18.9,7.1,8.5,9.6,114.0,1,0,1,55.3
east_khasi,1,1477.0,53.8,0.2,0.7,27.8,78.7,2.2,2.2,4.7,6.4,44.0,1,0,1,32.9
cachar,12,21.0,20.4,0.65,0.2,24.3,60.6,26.4,3.1,7.5,14.2,22.0,0,0,0,8.3
dimapur,6,162.0,23.3,0.4,0.2,33.9,86.4,8.4,6.7,7.3,10.4,352.0,0,1,0,28.7
east_khasi,3,1551.0,57.6,0.2,0.7,29.9,73.7,3.5,11.5,23.8,38.2,110.0,0,0,0,11.8
dima_hasao,6,958.0,65.0,0.3,0.8,33.1,72.8,4.7,28.9,57.5,99.8,550.0,1,1,1,88.0
sonitpur,2,26.0,15.3,0.6,0.15,18.6,91.3,4.5,0.9,1.6,1.1,51.0,0,0,0,14.3
dimapur,2,128.0,34.2,0.4,0.2,26.8,72.3,15.9,2.4,5.0,9.8,48.0,0,1,0,0.0
west_khasi,6,1370.0,68.8,0.25,0.75,20.9,65.9,2.9,55.7,110.4,136.0,616.0,1,1,0,76.9
aizawl,5,1120.0,83.3,0.1,0.8,24.1,88.8,0.1,13.2,20.0,20.5,280.0,1,0,0,41.5
kamrup,12,-17.0,19.2,0.7,0.1,28.5,84.1,0.5,0.2,0.3,0.3,18.0,0,0,0,1.4
kohima,9,1478.0,70.3,0.15,0.85,24.6,84.4,6.1,12.6,30.1,43.6,285.0,1,0,0,55.3
sonitpur,7,55.0,14.0,0.6,0.15,18.3,63.6,11.5,4.6,4.3,3.5,425.0,0,1,0,26.7
sonitpur,9,108.0,13.2,0.6,0.15,30.5,90.5,3.3,15.2,28.4,52.3,255.0,0,0,0,46.7
east_khasi,11,1566.0,59.1,0.2,0.7,33.8,92.6,5.6,1.0,2.2,2.5,44.0,0,0,0,0.3
aizawl,6,1228.0,79.7,0.1,0.8,33.4,63.5,3.8,49.7,72.6,51.9,440.0,1,1,1,100.0
aizawl,4,1098.0,75.4,0.1,0.8,31.4,63.5,6.8,11.2,23.2,40.1,200.0,1,0,1,58.7
west_tripura,2,73.0,14.8,0.75,0.05,19.2,91.2,12.2,0.3,0.3,0.5,63.0,0,0,0,0.0
kamrup,11,5.0,11.9,0.7,0.1,27.5,76.1,23.7,0.8,0.8,1.4,36.0,0,0,0,8.7
dima_hasao,5,953.0,68.9,0.3,0.8,22.9,93.0,2.5,15.3,37.3,44.3,350.0,0,1,0,42.3
sonitpur,4,89.0,19.4,0.6,0.15,29.8,77.3,9.9,29.6,50.0,75.9,170.0,1,1,0,41.5
sonitpur,7,-16.0,19.9,0.6,0.15,25.9,73.4,8.8,20.6,26.2,24.7,425.0,0,1,1,83.5
east_khasi,8,1502.0,60.9,0.2,0.7,30.3,83.3,5.4,58.5,128.7,248.9,484.0,1,1,1,100.0
papum_pare,6,363.0,39.6,0.5,0.4,25.1,70.4,0.6,46.7,103.9,136.1,506.0,1,1,1,100.0
cachar,6,51.0,18.6,0.65,0.2,22.2,77.1,1.4,35.5,85.3,154.0,484.0,1,1,1,95.9
west_khasi,4,1401.0,58.5,0.25,0.75,26.8,92.4,8.0,15.6,26.3,44.7,280.0,1,1,1,58.7
papum_pare,5,262.0,45.3,0.5,0.4,21.6,65.2,0.1,22.7,42.0,67.9,322.0,1,1,0,39.5
west_tripura,11,14.0,0.0,0.75,0.05,32.7,96.1,1.6,3.2,4.7,7.1,42.0,0,0,0,6.5
papum_pare,2,303.0,41.8,0.5,0.4,22.1,62.9,1.4,2.3,3.2,4.8,69.0,0,0,0,13.1
aizawl,11,1060.0,73.4,0.1,0.8,20.9,70.6,1.9,0.4,0.4,0.3,40.0,0,0,0,2.0
cachar,9,14.0,17.4,0.65,0.2,19.4,93.2,25.4,0.7,1.4,2.2,330.0,0,0,0,24.3
west_tripura,4,58.0,1.9,0.75,0.05,25.9,88.4,0.4,7.0,12.9,15.2,210.0,0,0,0,14.6
cachar,8,-29.0,14.8,0.65,0.2,22.1,70.2,4.7,2.7,4.3,6.0,484.0,1,0,0,34.9
dimapur,5,131.0,28.3,0.4,0.2,28.0,88.3,5.7,7.7,7.3,10.2,224.0,0,0,0,16.3
papum_pare,12,326.0,36.7,0.5,0.4,22.0,63.9,1.7,0.5,1.3,1.9,23.0,0,0,0,0.0
imphal_west,4,754.0,53.4,0.35,0.5,34.5,92.9,17.0,30.3,30.0,36.5,150.0,0,0,0,37.9
papum_pare,6,352.0,31.9,0.5,0.4,21.2,72.3,5.5,21.4,27.4,46.5,506.0,1,1,1,78.9
kamrup,4,25.0,13.3,0.7,0.1,23.7,65.1,0.7,5.9,10.1,7.7,180.0,0,0,0,23.4
kamrup,6,25.0,13.9,0.7,0.1,33.8,91.6,33.5,12.6,18.9,21.9,396.0,0,1,1,72.4
dimapur,5,177.0,32.9,0.4,0.2,21.4,66.2,1.8,20.7,21.4,37.2,224.0,0,1,0,35.9
sonitpur,4,164.0,15.1,0.6,0.15,24.4,77.6,3.6,4.2,9.3,11.8,170.0,0,0,0,22.5
aizawl,12,1157.0,75.5,0.1,0.8,28.7,72.7,1.5,1.0,1.0,1.9,20.0,0,0,0,9.4
west_khasi,4,1367.0,62.4,0.25,0.75,30.6,61.3,8.4,2.3,3.1,3.1,280.0,1,0,1,52.1
papum_pare,8,268.0,37.8,0.5,0.4,30.2,84.4,11.8,4.1,4.9,8.0,506.0,1,1,0,35.3
dimapur,11,156.0,37.2,0.4,0.2,34.1,65.8,8.8,1.4,2.1,2.7,32.0,1,0,0,11.5
kohima,3,1453.0,73.0,0.15,0.85,27.8,83.1,5.5,12.1,24.3,21.9,95.0,0,0,0,5.5
east_khasi,3,1601.0,46.5,0.2,0.7,33.7,93.1,7.3,23.0,51.3,44.2,110.0,1,0,0,10.6
dima_hasao,12,894.0,53.4,0.3,0.8,30.5,77.2,2.5,3.2,4.4,5.0,25.0,0,0,0,2.6
imphal_west,9,735.0,48.7,0.35,0.5,28.7,60.5,10.9,27.7,39.2,57.1,225.0,1,0,0,61.7
east_khasi,12,1653.0,55.7,0.2,0.7,21.5,67.2,0.4,1.5,1.8,3.3,22.0,0,0,0,0.0
aizawl,7,1093.0,68.0,0.1,0.8,27.5,65.9,2.0,18.6,28.8,35.1,500.0,1,1,1,83.4
aizawl,7,1137.0,71.1,0.1,0.8,21.9,85.5,0.2,26.9,22.8,22.5,500.0,1,0,1,82.3
west_khasi,4,1381.0,54.6,0.25,0.75,32.5,91.5,5.1,1.5,1.8,2.9,280.0,1,0,1,35.6
cachar,9,63.0,26.8,0.65,0.2,22.4,74.4,8.9,36.8,80.6,92.3,330.0,1,1,1,92.9
kohima,2,1452.0,70.6,0.15,0.85,20.4,93.0,6.7,1.0,2.4,4.1,57.0,0,0,0,14.0
kamrup,2,-26.0,15.4,0.7,0.1,34.7,80.0,1.9,0.8,0.8,1.5,54.0,0,0,0,5.2
cachar,11,76.0,26.3,0.65,0.2,33.3,93.2,9.1,0.5,0.4,0.4,44.0,0,0,0,4.6
cachar,11,-51.0,6.2,0.65,0.2,19.4,82.9,2.8,0.1,0.1,0.2,44.0,0,0,0,0.0
dimapur,10,156.0,22.1,0.4,0.2,33.9,87.8,2.4,4.0,6.5,10.1,96.0,0,0,0,14.8
sonitpur,7,105.0,16.2,0.6,0.15,29.7,76.5,2.8,1.7,3.4,4.5,425.0,0,1,0,29.5
dimapur,10,83.0,25.9,0.4,0.2,20.3,96.1,5.9,2.1,2.1,3.9,96.0,0,0,0,21.4
kohima,9,1485.0,75.3,0.15,0.85,21.8,97.5,28.8,27.0,33.0,44.1,285.0,1,0,1,86.0
east_khasi,9,1499.0,59.7,0.2,0.7,26.1,92.8,18.6,42.6,104.4,201.3,330.0,1,1,1,94.8
kamrup,11,98.0,18.4,0.7,0.1,27.2,90.0,3.8,2.3,2.1,2.3,36.0,0,0,0,4.1
west_tripura,2,85.0,5.4,0.75,0.05,27.0,95.7,16.0,6.4,5.4,9.9,63.0,0,0,0,0.0
papum_pare,9,253.0,31.2,0.5,0.4,24.0,70.9,3.5,23.1,27.8,23.5,345.0,1,1,0,55.3
east_khasi,11,1544.0,49.4,0.2,0.7,32.9,95.9,6.3,3.4,3.2,4.0,44.0,0,0,0,8.8
west_khasi,2,1325.0,68.1,0.25,0.75,21.7,67.1,15.1,3.0,3.6,3.3,84.0,0,0,0,2.6
east_khasi,7,1557.0,52.2,0.2,0.7,30.9,86.4,1.7,145.2,159.1,193.3,550.0,1,1,1,95.8
cachar,8,52.0,18.8,0.65,0.2,33.1,96.3,19.8,50.8,63.6,55.2,484.0,1,1,1,100.0
kamrup,12,66.0,9.4,0.7,0.1,26.4,63.1,2.5,0.4,0.5,0.9,18.0,0,0,0,8.3
west_tripura,5,62.0,9.7,0.75,0.05,22.5,93.4,16.0,6.3,12.3,17.6,294.0,0,0,0,22.1
imphal_west,3,797.0,49.2,0.35,0.5,30.8,66.0,21.3,4.5,8.8,13.2,75.0,0,0,0,5.3
imphal_west,2,828.0,52.0,0.35,0.5,28.5,97.3,10.0,1.6,1.3,1.4,45.0,0,0,0,0.0
papum_pare,5,360.0,37.8,0.5,0.4,23.8,84.0,26.9,23.0,39.6,77.4,322.0,1,0,1,53.2
papum_pare,9,368.0,44.8,0.5,0.4,34.5,96.8,13.8,16.7,14.7,26.9,345.0,1,1,1,75.2
aizawl,4,1022.0,67.8,0.1,0.8,25.6,70.4,58.5,6.7,14.1,22.5,200.0,1,0,0,30.7
cachar,6,-36.0,24.6,0.65,0.2,25.3,95.9,5.4,7.7,18.7,16.7,484.0,1,0,0,51.3
cachar,9,81.0,17.6,0.65,0.2,18.5,84.8,4.6,37.0,44.1,43.1,330.0,1,1,0,78.5
imphal_west,1,852.0,53.6,0.35,0.5,20.2,61.2,25.4,2.8,5.9,8.9,30.0,0,0,0,5.5
aizawl,6,1099.0,79.2,0.1,0.8,26.4,62.4,8.7,25.5,39.0,37.4,440.0,1,1,1,84.0
kohima,1,1443.0,66.6,0.15,0.85,29.8,92.7,15.1,1.2,2.3,2.4,38.0,0,0,0,0.3
sonitpur,6,-22.0,16.0,0.6,0.15,29.9,81.3,0.1,2.9,4.7,7.1,374.0,1,1,1,52.8
east_khasi,4,1539.0,51.3,0.2,0.7,31.6,67.6,1.8,1.6,2.8,4.4,220.0,0,1,0,13.8
kamrup,4,28.0,17.2,0.7,0.1,32.8,87.1,16.2,0.5,0.8,1.3,180.0,1,0,0,14.0
aizawl,2,1080.0,81.6,0.1,0.8,19.4,62.3,2.8,3.1,5.2,8.7,60.0,0,0,0,0.9
sonitpur,12,29.0,18.1,0.6,0.15,34.9,97.0,10.5,0.7,1.4,1.4,17.0,0,1,1,32.9
kohima,2,1366.0,69.4,0.15,0.85,23.9,74.1,43.9,3.7,7.6,9.6,57.0,0,0,0,13.6
imphal_west,3,859.0,57.4,0.35,0.5,28.1,94.7,2.4,8.7,13.1,13.9,75.0,0,0,0,5.6
cachar,11,-33.0,16.5,0.65,0.2,25.6,79.6,4.5,1.5,1.8,3.3,44.0,0,0,0,4.2
kohima,9,1380.0,70.4,0.15,0.85,20.2,96.9,6.0,15.2,20.6,35.2,285.0,1,0,0,57.7
cachar,5,86.0,11.0,0.65,0.2,18.6,88.0,10.9,18.9,20.5,18.8,308.0,0,0,0,28.9
imphal_west,10,786.0,53.7,0.35,0.5,19.0,80.2,27.6,1.0,1.0,1.1,90.0,0,0,0,18.2
dimapur,4,103.0,27.3,0.4,0.2,26.3,85.3,1.5,16.2,25.5,34.9,160.0,0,0,0,31.6
imphal_west,12,808.0,50.8,0.35,0.5,21.0,86.3,18.2,0.8,1.3,2.4,15.0,0,0,0,0.5
west_tripura,4,-24.0,8.3,0.75,0.05,21.7,85.0,5.0,28.1,55.4,87.4,210.0,0,0,0,43.2
west_tripura,5,63.0,6.8,0.75,0.05,31.3,81.5,13.4,55.6,82.9,151.8,294.0,1,1,0,66.9
dimapur,11,86.0,28.2,0.4,0.2,27.3,60.2,3.9,0.9,2.0,1.7,32.0,0,0,0,0.0
papum_pare,6,463.0,36.6,0.5,0.4,19.2,82.9,11.0,6.9,9.8,9.8,506.0,1,0,0,36.2
kohima,9,1478.0,69.9,0.15,0.85,27.9,80.3,9.4,5.9,8.6,10.5,285.0,1,0,1,73.9
kohima,2,1430.0,66.2,0.15,0.85,33.3,69.3,26.2,0.6,0.5,0.8,57.0,0,0,0,7.9
dima_hasao,4,943.0,61.9,0.3,0.8,30.2,70.4,5.3,9.7,12.9,19.2,250.0,0,1,0,27.1
sonitpur,6,148.0,16.1,0.6,0.15,22.4,96.6,6.6,23.1,22.7,32.6,374.0,1,1,0,63.0
kamrup,10,41.0,13.9,0.7,0.1,28.4,75.6,18.3,11.6,13.8,13.5,108.0,0,0,0,27.6
imphal_west,4,805.0,44.1,0.35,0.5,19.6,83.7,6.0,13.0,19.7,30.9,150.0,0,0,0,33.3
aizawl,4,1153.0,83.1,0.1,0.8,28.1,78.9,44.1,7.9,9.4,11.4,200.0,1,0,0,22.9
kamrup,2,45.0,10.1,0.7,0.1,19.8,87.5,8.6,3.2,7.9,6.9,54.0,0,0,0,0.0
west_tripura,11,67.0,4.4,0.75,0.05,19.1,90.4,2.7,0.9,0.8,1.2,42.0,0,0,0,2.8
kamrup,4,52.0,8.5,0.7,0.1,29.3,81.2,13.1,3.6,7.1,14.1,180.0,0,0,0,12.1
sonitpur,1,53.0,18.1,0.6,0.15,30.9,73.2,10.9,1.3,1.3,1.6,34.0,0,0,0,0.0
west_khasi,2,1342.0,60.7,0.25,0.75,28.6,63.4,14.1,3.3,7.3,10.0,84.0,0,0,0,0.0
imphal_west,4,898.0,45.6,0.35,0.5,27.4,71.6,5.1,3.3,3.2,6.1,150.0,0,0,0,12.6
east_khasi,11,1510.0,59.6,0.2,0.7,33.8,64.4,17.0,10.7,24.0,23.3,44.0,0,0,0,2.0
kohima,4,1433.0,68.8,0.15,0.85,23.9,97.1,10.2,4.9,5.4,8.6,190.0,0,0,0,24.2
imphal_west,3,781.0,47.0,0.35,0.5,26.5,75.1,1.6,3.5,7.3,6.8,75.0,1,0,0,5.6
west_tripura,10,42.0,8.3,0.75,0.05,25.5,64.0,10.2,3.6,4.7,6.4,126.0,0,1,1,35.2
aizawl,8,1117.0,71.9,0.1,0.8,34.9,62.2,11.9,33.4,52.8,41.0,440.0,1,1,1,82.0
dima_hasao,8,925.0,69.6,0.3,0.8,20.2,93.7,6.0,26.9,45.6,57.2,550.0,1,0,0,59.0
dimapur,4,170.0,22.3,0.4,0.2,26.2,60.7,3.0,11.7,9.6,11.9,160.0,0,1,1,41.7
sonitpur,2,138.0,14.8,0.6,0.15,19.7,78.6,1.6,2.0,3.2,5.7,51.0,0,0,0,0.0
papum_pare,7,441.0,37.0,0.5,0.4,34.2,89.9,3.8,17.7,37.8,70.2,575.0,1,0,1,85.6
west_khasi,7,1290.0,64.6,0.25,0.75,28.8,83.3,0.7,35.5,68.2,127.0,700.0,1,1,1,95.5
dimapur,8,101.0,18.3,0.4,0.2,19.2,62.7,0.1,0.7,0.7,1.2,352.0,0,0,0,20.4
west_tripura,1,45.0,5.8,0.75,0.05,22.5,60.8,0.9,0.2,0.4,0.7,42.0,0,0,0,8.8
papum_pare,11,396.0,36.8,0.5,0.4,27.0,61.6,34.6,2.2,4.6,7.1,46.0,0,0,0,6.5
papum_pare,2,263.0,43.0,0.5,0.4,33.8,68.5,4.7,3.7,3.8,4.3,69.0,0,0,0,0.0
kamrup,7,69.0,11.2,0.7,0.1,29.0,70.9,16.9,2.9,3.3,6.1,450.0,0,1,0,32.4
west_tripura,6,10.0,11.7,0.75,0.05,34.7,95.6,0.4,24.7,27.2,38.3,462.0,0,1,1,85.0
sonitpur,4,-8.0,17.8,0.6,0.15,27.2,82.4,7.1,6.0,13.4,22.1,170.0,0,0,0,17.2
dima_hasao,4,1014.0,67.4,0.3,0.8,30.3,97.7,1.0,7.7,6.3,6.4,250.0,1,0,0,24.0
imphal_west,8,822.0,46.1,0.35,0.5,31.3,81.1,0.1,15.8,17.7,20.5,330.0,0,1,0,50.0
cachar,7,-60.0,13.9,0.65,0.2,25.6,87.4,21.7,57.6,143.5,169.2,550.0,1,1,1,100.0
cachar,5,34.0,15.2,0.65,0.2,19.6,82.4,6.6,14.9,20.9,36.2,308.0,0,0,0,35.8
kohima,4,1500.0,74.8,0.15,0.85,26.5,62.9,0.6,15.5,19.5,34.6,190.0,0,0,0,29.9
sonitpur,8,112.0,22.6,0.6,0.15,25.4,63.4,2.5,10.8,11.4,12.8,374.0,0,0,0,50.6
imphal_west,2,727.0,44.6,0.35,0.5,32.3,74.6,8.5,3.5,3.5,4.3,45.0,0,0,0,4.6
kamrup,11,-25.0,9.7,0.7,0.1,26.8,71.4,28.2,0.0,0.1,0.1,36.0,0,0,0,1.3
imphal_west,1,835.0,57.0,0.35,0.5,30.4,78.9,5.7,1.0,1.0,0.8,30.0,0,0,0,6.7
sonitpur,4,39.0,10.6,0.6,0.15,19.2,62.2,3.3,11.8,22.7,44.1,170.0,0,1,1,48.3
cachar,7,30.0,25.8,0.65,0.2,18.6,62.4,23.7,41.2,37.6,50.1,550.0,1,1,0,69.3
kohima,8,1418.0,62.2,0.15,0.85,27.5,95.6,0.5,0.5,0.9,1.7,418.0,0,0,0,29.7
dima_hasao,7,929.0,67.8,0.3,0.8,28.3,73.3,1.2,26.0,41.4,81.2,625.0,1,0,0,61.2
kamrup,3,59.0,7.9,0.7,0.1,30.3,62.6,12.3,3.3,3.3,6.0,90.0,0,0,0,0.4
dimapur,1,118.0,35.1,0.4,0.2,19.1,79.5,16.4,0.8,1.6,2.3,32.0,0,0,0,2.2
dimapur,5,72.0,23.5,0.4,0.2,26.8,67.8,21.0,2.0,2.7,4.6,224.0,0,0,0,14.5
kohima,5,1509.0,66.3,0.15,0.85,19.8,85.0,17.3,31.9,54.8,73.8,266.0,0,1,0,46.3
dimapur,12,193.0,25.3,0.4,0.2,28.8,90.3,5.0,0.3,0.6,0.8,16.0,0,0,0,6.4
west_tripura,9,30.0,5.9,0.75,0.05,20.4,67.7,2.0,37.3,47.4,93.7,315.0,1,1,1,100.0
papum_pare,12,371.0,34.7,0.5,0.4,26.6,96.8,5.4,0.1,0.2,0.4,23.0,0,0,0,2.6
kohima,3,1458.0,68.7,0.15,0.85,19.3,87.8,2.1,3.6,7.2,13.4,95.0,0,0,0,5.1
dima_hasao,5,925.0,60.0,0.3,0.8,24.1,78.8,17.6,11.1,24.5,31.8,350.0,0,0,0,28.2
dima_hasao,1,945.0,62.9,0.3,0.8,29.1,83.6,4.3,1.1,1.7,2.8,50.0,0,0,0,9.4
aizawl,12,1108.0,77.9,0.1,0.8,19.2,66.6,19.4,1.1,1.5,2.4,20.0,0,0,0,0.0
imphal_west,1,826.0,50.6,0.35,0.5,29.1,95.7,20.5,0.4,0.3,0.3,30.0,0,0,0,6.0
west_tripura,6,57.0,0.0,0.75,0.05,25.6,77.5,20.0,25.7,45.0,38.0,462.0,0,1,0,63.1
kamrup,1,99.0,14.1,0.7,0.1,30.8,90.6,0.2,3.5,4.6,8.6,36.0,0,0,0,0.2
aizawl,8,1051.0,79.0,0.1,0.8,22.1,60.5,6.3,26.8,46.0,38.0,440.0,1,1,0,63.5
imphal_west,9,794.0,54.5,0.35,0.5,19.3,69.1,15.8,10.1,23.4,22.1,225.0,0,0,0,48.3
cachar,1,50.0,22.9,0.65,0.2,20.0,63.6,24.0,0.1,0.3,0.5,44.0,0,0,0,0.0
imphal_west,2,851.0,46.6,0.35,0.5,33.2,76.8,9.3,1.3,2.7,4.0,45.0,0,0,0,11.5
cachar,2,110.0,18.2,0.65,0.2,29.1,96.1,9.2,0.4,0.5,0.7,66.0,0,0,0,0.3
aizawl,2,1155.0,64.0,0.1,0.8,34.5,72.6,6.6,0.1,0.1,0.2,60.0,0,0,0,0.0
papum_pare,4,417.0,41.6,0.5,0.4,18.6,64.1,4.1,0.1,0.1,0.1,230.0,0,0,0,12.0
dimapur,2,130.0,24.0,0.4,0.2,26.6,93.2,6.8,2.3,2.3,2.6,48.0,0,0,0,0.0
aizawl,4,1139.0,72.6,0.1,0.8,23.3,91.3,31.0,23.8,48.0,71.5,200.0,1,1,1,64.4
aizawl,10,1158.0,76.7,0.1,0.8,20.1,75.9,13.9,2.9,4.6,5.4,120.0,0,0,0,21.2
kamrup,10,73.0,8.9,0.7,0.1,33.5,83.3,20.7,4.9,4.0,6.1,108.0,0,1,0,8.7
sonitpur,7,123.0,11.8,0.6,0.15,20.1,81.2,4.2,14.1,25.2,19.1,425.0,0,1,0,54.0
papum_pare,10,363.0,41.4,0.5,0.4,31.4,77.0,16.0,7.7,9.8,10.7,138.0,0,0,0,13.2
aizawl,9,1084.0,80.9,0.1,0.8,24.4,66.3,5.6,13.8,27.6,44.0,300.0,1,0,0,51.9
west_khasi,5,1320.0,53.8,0.25,0.75,23.3,85.7,9.3,8.2,7.5,9.3,392.0,0,0,0,23.7
dima_hasao,11,895.0,59.3,0.3,0.8,24.5,61.5,0.3,0.1,0.1,0.2,50.0,1,0,0,1.2
west_tripura,6,33.0,13.9,0.75,0.05,34.3,71.9,21.9,7.9,18.4,15.6,462.0,0,1,0,32.2
dima_hasao,5,939.0,57.6,0.3,0.8,27.4,80.6,14.4,7.3,12.5,11.3,350.0,1,0,1,57.0
dimapur,3,162.0,19.6,0.4,0.2,34.4,81.2,4.3,0.2,0.3,0.3,80.0,0,0,0,3.5
papum_pare,11,274.0,44.5,0.5,0.4,24.7,61.5,6.5,1.9,3.6,3.5,46.0,0,0,0,4.1
east_khasi,8,1507.0,58.1,0.2,0.7,31.4,64.7,15.8,18.4,42.0,36.6,484.0,1,1,1,84.5
west_khasi,2,1362.0,62.0,0.25,0.75,22.9,67.7,14.3,8.4,15.1,17.9,84.0,0,0,0,0.0
kamrup,8,47.0,11.0,0.7,0.1,31.0,81.8,31.2,78.2,116.8,207.3,396.0,1,1,0,74.3
aizawl,10,1180.0,80.0,0.1,0.8,18.3,78.1,11.6,4.3,8.0,15.2,120.0,1,0,1,54.5
sonitpur,2,106.0,19.8,0.6,0.15,34.3,60.3,61.3,4.2,5.3,5.2,51.0,0,1,0,5.5
imphal_west,4,752.0,53.6,0.35,0.5,29.2,89.1,18.7,1.2,2.4,4.1,150.0,0,1,0,18.9
imphal_west,5,801.0,40.5,0.35,0.5,19.9,90.7,29.5,5.5,5.0,5.8,210.0,1,0,0,18.3
cachar,6,17.0,18.4,0.65,0.2,22.0,70.7,16.3,1.8,2.7,2.9,484.0,0,1,0,32.5
sonitpur,4,89.0,0.0,0.6,0.15,28.3,73.6,10.4,2.2,4.1,8.1,170.0,0,0,0,8.3
west_khasi,5,1313.0,63.9,0.25,0.75,27.4,79.8,1.5,24.5,53.9,94.1,392.0,1,1,1,74.1
cachar,8,33.0,16.4,0.65,0.2,23.4,60.0,7.2,24.0,21.4,35.9,484.0,0,1,1,79.9
imphal_west,12,782.0,55.6,0.35,0.5,32.3,71.9,15.6,0.1,0.1,0.1,15.0,0,0,0,7.4
east_khasi,10,1587.0,59.8,0.2,0.7,24.6,84.0,12.2,0.6,1.2,1.6,132.0,0,0,0,12.8
papum_pare,9,208.0,45.3,0.5,0.4,18.8,73.7,31.4,1.9,4.1,6.3,345.0,1,1,1,58.3
kamrup,11,-2.0,15.1,0.7,0.1,25.1,91.2,19.0,0.8,0.7,1.3,36.0,0,0,0,7.3
imphal_west,5,867.0,58.0,0.35,0.5,30.6,72.0,10.4,3.7,3.8,5.9,210.0,1,0,1,41.3
papum_pare,2,300.0,38.9,0.5,0.4,26.8,70.2,18.0,1.6,1.4,1.2,69.0,0,0,0,2.3
cachar,5,31.0,18.1,0.65,0.2,29.5,71.9,14.9,9.6,23.4,32.2,308.0,0,1,1,58.3
sonitpur,2,157.0,15.5,0.6,0.15,22.5,60.7,3.5,3.7,8.1,7.0,51.0,0,0,0,7.8
west_tripura,9,-99.0,1.2,0.75,0.05,33.3,89.8,15.2,57.6,129.0,94.3,315.0,1,1,1,95.3
cachar,5,37.0,18.1,0.65,0.2,26.1,62.2,31.7,4.4,7.1,11.8,308.0,0,1,0,15.7
east_khasi,10,1460.0,52.0,0.2,0.7,27.8,65.6,16.7,1.0,1.9,3.2,132.0,0,0,0,25.3
dima_hasao,12,1054.0,60.8,0.3,0.8,33.1,86.9,0.6,3.1,4.0,5.3,25.0,0,0,0,3.5
west_khasi,4,1322.0,51.9,0.25,0.75,31.7,77.5,7.9,15.9,14.8,15.7,280.0,1,0,1,54.3
papum_pare,11,373.0,32.0,0.5,0.4,31.5,92.4,2.8,0.1,0.3,0.5,46.0,0,0,0,3.2
east_khasi,9,1521.0,55.2,0.2,0.7,34.0,96.5,7.4,3.5,7.5,14.0,330.0,0,1,0,31.7
kohima,5,1474.0,63.7,0.15,0.85,31.1,79.0,0.1,14.6,15.7,22.6,266.0,1,0,0,29.6
kamrup,2,-12.0,7.6,0.7,0.1,20.0,71.0,5.1,0.1,0.1,0.2,54.0,0,0,0,0.0
papum_pare,7,387.0,33.9,0.5,0.4,22.3,81.4,4.4,24.7,34.8,60.0,575.0,1,0,1,83.4
east_khasi,1,1448.0,55.2,0.2,0.7,32.7,70.7,30.0,0.1,0.1,0.1,44.0,0,0,0,12.6
kamrup,6,131.0,11.4,0.7,0.1,34.1,93.9,5.4,6.6,9.2,17.1,396.0,0,1,0,31.4
cachar,11,88.0,12.9,0.65,0.2,19.2,95.7,7.1,4.2,4.9,3.9,44.0,0,0,0,1.0
east_khasi,3,1521.0,52.5,0.2,0.7,32.9,80.5,3.3,8.1,15.5,13.9,110.0,0,0,0,7.3
west_tripura,8,76.0,0.0,0.75,0.05,23.2,71.5,2.6,1.3,3.2,3.2,462.0,0,1,0,26.4
imphal_west,12,861.0,47.0,0.35,0.5,21.1,74.1,23.2,0.3,0.6,1.0,15.0,0,0,0,11.6
dimapur,9,71.0,26.9,0.4,0.2,34.2,61.6,3.1,2.2,4.7,6.8,240.0,0,0,0,31.9
kamrup,2,145.0,10.4,0.7,0.1,33.9,91.4,11.9,1.9,3.2,3.8,54.0,0,0,0,0.4
sonitpur,12,133.0,18.4,0.6,0.15,23.7,97.2,19.4,1.4,1.6,1.8,17.0,0,0,0,7.2
cachar,9,7.0,10.4,0.65,0.2,30.5,74.6,0.3,7.9,8.5,14.7,330.0,0,0,0,44.7
kamrup,6,-1.0,12.2,0.7,0.1,27.4,75.1,1.4,39.3,43.4,75.6,396.0,1,1,0,69.9
aizawl,9,1139.0,73.2,0.1,0.8,32.2,94.4,0.1,4.3,8.1,11.6,300.0,1,0,1,74.5
cachar,7,116.0,10.4,0.65,0.2,19.2,89.8,3.4,11.2,22.9,28.0,550.0,1,1,1,66.5
cachar,1,38.0,15.9,0.65,0.2,28.7,67.6,5.4,6.4,12.0,18.9,44.0,0,0,0,0.0
east_khasi,6,1470.0,55.4,0.2,0.7,30.5,86.8,5.5,85.4,84.8,103.8,484.0,1,1,1,91.7
kamrup,6,41.0,9.3,0.7,0.1,34.5,82.9,0.8,6.2,8.0,12.4,396.0,0,1,0,38.7
dima_hasao,11,939.0,70.1,0.3,0.8,28.2,92.9,29.3,2.4,3.1,3.3,50.0,0,0,0,4.9
dima_hasao,11,933.0,70.6,0.3,0.8,22.3,77.1,31.6,1.3,1.1,1.6,50.0,0,0,0,0.0
sonitpur,6,81.0,14.3,0.6,0.15,22.4,76.5,12.9,25.8,60.8,76.8,374.0,1,1,1,98.6
imphal_west,7,755.0,46.1,0.35,0.5,32.9,88.1,0.1,23.5,22.4,21.5,375.0,1,1,1,94.6
aizawl,12,1062.0,73.5,0.1,0.8,34.2,91.9,16.4,0.9,1.8,1.5,20.0,0,0,0,4.1
cachar,4,-44.0,14.1,0.65,0.2,33.7,82.2,7.7,8.1,7.4,8.8,220.0,0,0,0,31.4
cachar,3,1.0,14.2,0.65,0.2,25.5,84.7,27.5,1.6,3.1,3.9,110.0,0,0,0,0.0
dimapur,1,191.0,18.7,0.4,0.2,19.8,89.0,5.3,0.1,0.2,0.3,32.0,0,0,0,4.7
cachar,12,30.0,12.8,0.65,0.2,19.9,71.0,3.7,2.3,5.1,8.2,22.0,0,0,0,0.0
west_khasi,7,1239.0,60.4,0.25,0.75,33.5,96.2,4.0,61.7,132.2,145.4,700.0,1,1,1,100.0
papum_pare,12,331.0,29.3,0.5,0.4,29.5,91.8,19.6,0.8,0.9,1.7,23.0,0,0,0,10.4
dima_hasao,5,996.0,69.9,0.3,0.8,20.0,66.3,0.0,3.5,6.8,6.8,350.0,0,1,1,47.6
cachar,12,18.0,20.1,0.65,0.2,26.8,83.1,2.8,0.5,0.5,0.5,22.0,0,0,0,0.0
sonitpur,7,107.0,10.7,0.6,0.15,25.3,80.6,11.9,20.4,35.6,44.1,425.0,1,1,0,60.6
kamrup,8,31.0,23.1,0.7,0.1,23.7,65.4,11.8,2.4,4.4,3.8,396.0,0,1,0,24.4
dima_hasao,4,1000.0,72.3,0.3,0.8,19.2,78.0,8.2,6.8,5.6,9.8,250.0,1,1,0,32.2
kohima,6,1461.0,70.7,0.15,0.85,23.7,90.1,6.0,36.0,80.4,107.0,418.0,1,1,1,94.0
east_khasi,4,1413.0,59.2,0.2,0.7,21.5,62.5,21.0,5.4,11.7,21.9,220.0,0,1,0,22.0
dima_hasao,1,887.0,61.7,0.3,0.8,27.5,72.2,2.5,4.1,6.3,12.5,50.0,0,0,0,0.0
papum_pare,4,350.0,39.0,0.5,0.4,18.1,68.3,10.8,14.8,28.3,45.8,230.0,0,0,0,37.1
dimapur,6,114.0,27.1,0.4,0.2,20.4,85.5,9.7,24.5,53.1,72.9,352.0,1,0,0,73.0
east_khasi,2,1545.0,49.8,0.2,0.7,29.1,93.8,8.6,7.9,16.5,24.3,66.0,0,0,0,0.7
east_khasi,6,1536.0,50.0,0.2,0.7,33.4,79.3,2.1,6.7,7.8,9.8,484.0,1,0,0,37.7
papum_pare,9,305.0,34.1,0.5,0.4,22.5,95.7,10.1,27.4,34.6,55.4,345.0,1,1,1,84.3
dimapur,11,103.0,28.1,0.4,0.2,30.9,67.1,0.9,1.7,3.8,6.5,32.0,0,1,1,34.7
imphal_west,6,775.0,53.4,0.35,0.5,27.5,61.5,11.0,0.6,1.3,1.3,330.0,0,0,0,29.2
kamrup,2,73.0,15.2,0.7,0.1,35.0,72.4,13.8,2.3,2.1,1.7,54.0,0,0,0,4.2
east_khasi,3,1459.0,60.4,0.2,0.7,24.1,89.8,8.4,2.9,3.0,2.2,110.0,0,1,0,9.8
aizawl,5,1214.0,78.1,0.1,0.8,27.6,83.7,20.0,0.6,1.2,1.9,280.0,0,0,0,28.9
kamrup,2,-50.0,13.8,0.7,0.1,28.1,95.3,26.5,3.3,4.9,4.8,54.0,0,0,0,8.4
aizawl,7,1160.0,77.7,0.1,0.8,25.7,85.6,11.3,31.4,56.8,43.7,500.0,1,1,1,88.7
west_khasi,12,1306.0,62.8,0.25,0.75,20.7,84.2,9.1,1.7,3.2,3.4,28.0,0,0,0,5.8
west_khasi,7,1295.0,66.7,0.25,0.75,34.3,80.4,6.7,42.1,93.7,163.3,700.0,1,1,0,73.4
aizawl,9,1094.0,76.0,0.1,0.8,18.9,61.2,5.5,13.1,23.7,27.6,300.0,1,0,0,55.4
sonitpur,7,94.0,13.3,0.6,0.15,22.9,90.5,58.9,46.2,52.4,86.9,425.0,1,1,1,100.0
aizawl,4,1095.0,74.0,0.1,0.8,31.9,92.4,27.8,4.1,3.7,7.3,200.0,1,0,1,38.5
east_khasi,1,1440.0,53.8,0.2,0.7,34.5,88.9,34.3,0.2,0.3,0.2,44.0,0,0,0,0.3
west_tripura,7,-13.0,11.0,0.75,0.05,24.0,85.6,0.6,6.9,7.1,7.3,525.0,1,1,0,24.1
kamrup,9,-16.0,11.2,0.7,0.1,27.9,79.2,1.6,11.2,24.2,21.3,270.0,0,1,0,48.8
imphal_west,11,831.0,59.2,0.35,0.5,25.1,77.4,12.9,0.5,1.2,0.9,30.0,0,0,0,9.0
west_tripura,12,-151.0,8.7,0.75,0.05,21.3,78.6,13.5,4.8,11.1,13.1,21.0,0,0,0,0.0
west_tripura,11,96.0,17.5,0.75,0.05,31.0,64.8,2.2,1.1,1.5,1.9,42.0,0,0,0,0.0
dima_hasao,6,972.0,69.3,0.3,0.8,21.1,70.6,2.5,29.8,31.0,44.7,550.0,1,0,0,61.5
dimapur,2,160.0,30.9,0.4,0.2,31.6,74.0,0.9,2.0,2.1,2.5,48.0,0,0,0,0.0
papum_pare,6,418.0,36.6,0.5,0.4,18.0,93.1,15.7,52.4,64.2,66.9,506.0,1,1,1,100.0
aizawl,6,1123.0,76.5,0.1,0.8,18.7,71.1,2.3,2.2,3.5,6.7,440.0,1,0,0,39.8
papum_pare,2,320.0,33.9,0.5,0.4,31.1,75.1,17.6,1.9,3.5,7.0,69.0,0,0,0,0.0
west_tripura,5,29.0,6.6,0.75,0.05,18.6,80.9,5.8,10.5,17.3,13.3,294.0,1,1,1,49.3
imphal_west,5,806.0,45.5,0.35,0.5,31.6,74.9,13.9,3.5,3.8,4.5,210.0,1,0,0,16.2
papum_pare,7,387.0,36.4,0.5,0.4,18.3,91.4,7.4,76.1,111.0,87.2,575.0,1,1,0,77.5
west_khasi,7,1367.0,61.0,0.25,0.75,23.4,92.2,29.4,10.8,19.9,31.4,700.0,1,1,0,56.2
west_tripura,5,4.0,5.0,0.75,0.05,28.6,97.6,3.7,0.2,0.3,0.5,294.0,0,1,0,10.9
imphal_west,3,787.0,44.2,0.35,0.5,20.8,82.6,1.6,9.9,9.0,7.3,75.0,0,0,0,6.1
dima_hasao,7,1037.0,60.3,0.3,0.8,27.8,94.4,17.0,33.9,70.4,118.3,625.0,1,0,0,69.5
papum_pare,7,361.0,43.0,0.5,0.4,21.1,73.0,5.6,33.8,42.6,40.4,575.0,1,1,1,100.0
papum_pare,12,308.0,46.3,0.5,0.4,20.0,80.8,23.3,1.0,1.6,1.5,23.0,0,0,0,12.3
cachar,10,34.0,22.0,0.65,0.2,18.2,91.4,16.1,15.1,22.3,25.1,132.0,0,1,0,24.4
aizawl,5,1136.0,70.2,0.1,0.8,30.6,61.2,10.8,3.4,3.1,4.6,280.0,1,0,1,45.8
dimapur,9,79.0,27.3,0.4,0.2,29.8,77.4,2.6,5.1,4.5,3.5,240.0,0,1,0,34.3
kamrup,5,-87.0,4.4,0.7,0.1,24.2,90.6,4.0,21.7,34.9,40.3,252.0,0,1,0,35.3
east_khasi,4,1542.0,57.3,0.2,0.7,33.9,64.5,27.1,5.3,8.4,9.2,220.0,1,0,0,31.8
dimapur,10,140.0,20.2,0.4,0.2,27.6,87.2,0.7,0.8,1.6,3.2,96.0,0,0,0,12.3
aizawl,11,1109.0,71.8,0.1,0.8,31.8,83.2,4.7,1.6,2.4,4.2,40.0,0,0,0,1.7
west_khasi,8,1324.0,59.5,0.25,0.75,21.1,66.0,17.6,33.1,30.4,36.9,616.0,1,0,0,63.9
kohima,8,1513.0,62.1,0.15,0.85,33.1,95.5,24.8,27.5,66.7,65.8,418.0,1,0,0,72.6
papum_pare,4,357.0,46.0,0.5,0.4,32.0,65.6,17.9,13.0,19.9,32.8,230.0,0,0,0,31.5
imphal_west,8,865.0,47.6,0.35,0.5,27.7,72.4,0.4,10.9,18.3,20.1,330.0,1,0,0,44.3
west_tripura,3,69.0,16.2,0.75,0.05,22.5,97.6,0.3,15.4,22.8,39.2,105.0,0,0,0,6.8
papum_pare,2,425.0,34.2,0.5,0.4,25.1,66.1,1.9,0.9,1.1,1.6,69.0,0,0,0,0.1
east_khasi,9,1507.0,57.5,0.2,0.7,28.2,66.2,2.7,1.7,1.4,2.3,330.0,0,0,0,34.7
papum_pare,11,355.0,37.4,0.5,0.4,18.2,89.9,3.7,1.1,1.0,1.4,46.0,0,0,0,0.1
aizawl,6,1102.0,74.5,0.1,0.8,33.4,74.2,8.0,7.1,14.2,15.0,440.0,1,0,1,77.1
sonitpur,4,114.0,12.3,0.6,0.15,23.7,93.1,0.9,22.7,21.8,28.0,170.0,1,0,0,27.1
papum_pare,5,373.0,37.0,0.5,0.4,20.7,81.7,16.4,6.6,9.6,13.4,322.0,1,1,1,54.6
dima_hasao,4,976.0,60.7,0.3,0.8,29.9,67.4,10.3,0.7,0.6,0.8,250.0,0,0,0,18.3
cachar,1,8.0,12.5,0.65,0.2,32.0,85.6,17.4,1.2,1.4,2.2,44.0,0,0,0,0.6
kamrup,4,108.0,11.0,0.7,0.1,34.6,90.2,10.8,44.1,47.0,93.3,180.0,1,1,1,75.4
kohima,10,1465.0,70.9,0.15,0.85,27.6,92.3,2.3,3.0,4.6,5.2,114.0,0,0,0,25.6
sonitpur,8,57.0,11.4,0.6,0.15,20.1,97.2,11.2,5.5,12.4,10.3,374.0,0,1,0,37.7
dimapur,11,188.0,19.7,0.4,0.2,22.7,89.2,2.6,1.8,3.3,4.1,32.0,0,0,0,7.7
aizawl,4,1116.0,76.6,0.1,0.8,26.1,95.3,4.0,0.5,0.9,1.1,200.0,1,0,1,44.7
west_tripura,12,62.0,8.9,0.75,0.05,21.0,71.2,10.9,1.0,1.6,2.3,21.0,0,0,0,3.4
dimapur,8,245.0,21.0,0.4,0.2,20.4,87.2,3.5,7.3,17.3,21.3,352.0,0,0,0,34.5
dimapur,4,222.0,30.9,0.4,0.2,18.0,70.3,2.5,9.1,21.9,23.8,160.0,0,1,0,27.7
cachar,11,-13.0,11.8,0.65,0.2,19.6,91.6,25.1,1.8,2.5,2.2,44.0,0,0,0,4.0
west_tripura,1,22.0,13.9,0.75,0.05,24.1,69.7,0.1,0.3,0.2,0.3,42.0,0,0,0,2.9
sonitpur,7,78.0,10.8,0.6,0.15,22.1,63.6,3.8,10.2,18.6,22.4,425.0,0,0,0,41.9
dima_hasao,3,1007.0,59.2,0.3,0.8,23.2,75.3,11.2,5.5,11.9,13.4,125.0,0,0,0,12.6
west_tripura,9,-8.0,11.5,0.75,0.05,26.5,87.7,9.7,19.0,39.5,72.5,315.0,1,1,1,75.7
kohima,1,1399.0,71.0,0.15,0.85,26.1,82.3,7.8,0.3,0.6,0.5,38.0,0,0,0,13.0
imphal_west,4,750.0,49.9,0.35,0.5,33.3,90.8,8.7,2.2,2.9,4.3,150.0,0,0,0,24.9
sonitpur,8,142.0,9.9,0.6,0.15,33.5,60.8,3.8,22.6,39.5,46.1,374.0,1,1,0,50.3
cachar,8,16.0,12.1,0.65,0.2,27.9,96.8,4.7,66.0,81.0,69.4,484.0,1,1,1,97.5
papum_pare,9,282.0,31.0,0.5,0.4,24.8,64.4,21.5,105.2,164.9,191.5,345.0,1,1,1,100.0
imphal_west,10,748.0,52.6,0.35,0.5,28.2,82.1,5.1,13.9,14.7,19.4,90.0,1,1,0,25.9
west_khasi,8,1322.0,65.5,0.25,0.75,28.1,93.1,8.6,7.2,6.5,9.2,616.0,1,1,1,69.6
aizawl,12,1192.0,79.0,0.1,0.8,25.4,82.6,0.8,0.4,0.4,0.3,20.0,0,0,0,4.7
imphal_west,7,663.0,52.2,0.35,0.5,34.0,64.7,20.8,33.1,70.5,74.8,375.0,1,0,0,78.4
imphal_west,8,781.0,49.6,0.35,0.5,19.5,90.9,3.3,49.6,41.5,82.1,330.0,1,1,1,92.7
cachar,12,46.0,20.1,0.65,0.2,21.7,76.8,0.5,1.0,2.3,2.8,22.0,0,0,0,9.0
kohima,8,1377.0,71.1,0.15,0.85,25.0,96.4,7.8,20.9,44.5,65.8,418.0,1,0,1,87.4
east_khasi,4,1485.0,54.4,0.2,0.7,26.9,68.6,11.0,0.7,1.2,2.1,220.0,1,0,1,39.7
papum_pare,5,314.0,39.3,0.5,0.4,24.5,91.9,1.6,8.2,13.6,18.1,322.0,1,0,0,23.3
imphal_west,8,723.0,50.9,0.35,0.5,18.8,63.7,0.5,34.7,60.7,118.2,330.0,1,1,0,68.2
papum_pare,4,366.0,44.1,0.5,0.4,20.1,79.7,2.8,0.9,1.0,0.9,230.0,1,0,0,17.6
east_khasi,8,1522.0,53.2,0.2,0.7,28.9,75.6,6.7,1.9,1.6,2.5,484.0,1,1,1,59.0
sonitpur,12,111.0,17.5,0.6,0.15,22.0,63.7,2.0,1.1,1.5,1.8,17.0,0,0,0,7.6
east_khasi,4,1528.0,55.2,0.2,0.7,31.3,97.7,2.8,0.8,1.1,1.2,220.0,1,0,0,14.6
east_khasi,6,1533.0,60.4,0.2,0.7,32.2,90.6,20.1,31.8,48.1,69.8,484.0,1,1,1,88.3
west_khasi,9,1291.0,57.1,0.25,0.75,20.3,85.7,5.0,10.8,18.2,36.4,420.0,1,0,0,57.7
sonitpur,3,140.0,6.3,0.6,0.15,27.4,81.7,2.4,3.6,3.9,5.1,85.0,0,0,0,0.0
cachar,4,-53.0,15.3,0.65,0.2,28.4,78.6,1.4,9.2,19.9,32.9,220.0,0,0,0,24.2
dimapur,12,105.0,23.9,0.4,0.2,27.9,95.8,1.9,0.3,0.6,0.4,16.0,0,0,0,1.9
cachar,12,70.0,19.1,0.65,0.2,18.4,92.7,8.6,0.8,1.9,1.8,22.0,0,0,0,3.3
dima_hasao,2,872.0,69.1,0.3,0.8,22.2,71.6,8.1,0.7,0.9,0.9,75.0,0,0,0,12.6
dimapur,7,180.0,30.3,0.4,0.2,22.8,75.2,16.7,3.8,6.3,6.2,400.0,0,1,1,55.5
west_khasi,9,1382.0,65.0,0.25,0.75,33.8,97.9,12.7,17.5,33.6,53.3,420.0,1,1,0,57.1
kohima,7,1404.0,73.9,0.15,0.85,32.6,79.0,11.2,7.0,8.3,7.3,475.0,1,0,0,50.8
kamrup,4,74.0,12.9,0.7,0.1,29.8,96.7,5.0,3.3,6.9,11.7,180.0,0,0,0,13.3
dimapur,7,118.0,17.3,0.4,0.2,29.0,88.3,2.6,14.0,18.7,23.5,400.0,1,0,0,50.2
aizawl,12,1131.0,71.5,0.1,0.8,34.3,74.3,4.1,2.3,5.1,4.8,20.0,0,0,0,0.0
kamrup,10,14.0,14.2,0.7,0.1,32.6,92.6,14.5,8.9,20.4,22.4,108.0,0,0,0,34.9
dimapur,8,144.0,25.0,0.4,0.2,31.6,92.7,1.5,12.6,12.6,14.0,352.0,0,0,0,43.2
kamrup,6,96.0,6.3,0.7,0.1,20.2,86.8,13.5,57.7,76.9,139.6,396.0,1,1,1,99.0
east_khasi,7,1530.0,64.0,0.2,0.7,32.2,80.9,2.1,52.0,75.5,69.4,550.0,1,1,0,84.0
dimapur,9,134.0,29.4,0.4,0.2,32.3,85.5,11.9,21.2,42.6,35.7,240.0,1,1,1,88.9
west_tripura,12,-36.0,8.9,0.75,0.05,34.0,71.3,14.9,1.0,1.3,1.4,21.0,0,0,0,0.9
imphal_west,10,905.0,66.2,0.35,0.5,26.8,76.7,21.2,2.1,2.9,3.3,90.0,1,0,1,46.2
dima_hasao,8,900.0,62.2,0.3,0.8,31.3,67.4,17.2,24.9,37.5,46.8,550.0,1,1,0,72.1
dima_hasao,5,942.0,62.7,0.3,0.8,34.9,76.5,25.3,12.6,16.9,25.0,350.0,1,0,1,57.9
dimapur,8,152.0,28.4,0.4,0.2,30.3,95.3,5.6,3.2,3.2,2.6,352.0,0,1,0,23.6
kamrup,7,33.0,18.3,0.7,0.1,34.9,68.8,0.6,28.5,28.2,21.0,450.0,1,1,1,97.1
west_khasi,11,1362.0,60.1,0.25,0.75,25.8,97.6,6.6,5.6,4.6,7.9,56.0,0,0,0,0.0
papum_pare,7,325.0,45.0,0.5,0.4,24.9,68.9,17.1,35.2,48.9,34.7,575.0,1,1,1,97.9
west_tripura,3,-21.0,1.4,0.75,0.05,32.9,94.4,6.8,1.8,2.7,3.2,105.0,0,1,1,25.8
kohima,3,1509.0,70.9,0.15,0.85,31.3,64.7,10.1,1.7,2.3,2.1,95.0,0,0,0,2.3
aizawl,9,1100.0,76.1,0.1,0.8,31.1,95.5,24.0,28.9,23.7,32.4,300.0,1,1,1,79.4
kamrup,7,96.0,15.3,0.7,0.1,20.8,71.8,7.0,17.7,19.0,30.3,450.0,0,1,0,49.6
aizawl,10,1160.0,71.3,0.1,0.8,34.2,96.2,4.3,3.2,2.8,2.9,120.0,1,0,1,45.4
papum_pare,1,374.0,45.9,0.5,0.4,23.8,83.9,2.1,9.1,13.3,22.6,46.0,0,0,0,0.0
sonitpur,11,41.0,21.6,0.6,0.15,24.5,65.0,2.2,0.3,0.5,0.9,34.0,0,0,0,0.0
dimapur,3,95.0,31.5,0.4,0.2,26.0,90.4,2.0,1.8,4.0,3.8,80.0,1,0,1,28.3
kohima,3,1391.0,67.1,0.15,0.85,20.5,71.3,0.9,1.3,1.9,1.5,95.0,0,0,0,2.9
kamrup,5,63.0,5.0,0.7,0.1,27.3,93.6,8.1,42.5,48.9,81.4,252.0,1,0,1,79.7
dimapur,6,138.0,21.7,0.4,0.2,28.2,93.5,0.5,7.3,17.6,29.2,352.0,1,0,0,28.7
dima_hasao,8,992.0,65.7,0.3,0.8,25.6,78.6,4.3,15.2,20.9,40.8,550.0,1,0,1,87.9
west_khasi,6,1333.0,58.9,0.25,0.75,28.6,88.2,16.4,13.9,29.9,57.5,616.0,1,1,1,87.6
dimapur,5,161.0,17.9,0.4,0.2,28.8,67.1,13.8,6.7,13.9,16.2,224.0,0,0,0,14.7
dimapur,5,188.0,12.1,0.4,0.2,22.3,77.0,1.3,25.6,43.3,70.1,224.0,0,0,0,29.7
sonitpur,8,13.0,21.2,0.6,0.15,31.1,97.1,8.5,24.4,44.3,73.2,374.0,1,1,1,98.2
kamrup,12,60.0,9.3,0.7,0.1,32.5,72.9,20.4,0.8,1.2,1.6,18.0,0,0,0,1.6
imphal_west,1,778.0,49.5,0.35,0.5,28.8,67.5,2.4,0.3,0.5,0.8,30.0,0,0,0,5.5
west_khasi,4,1332.0,59.6,0.25,0.75,22.4,62.0,12.9,17.8,42.3,58.7,280.0,1,0,0,34.2
papum_pare,2,422.0,42.5,0.5,0.4,34.5,87.6,25.6,0.6,0.9,1.4,69.0,0,0,0,1.4
papum_pare,1,344.0,52.5,0.5,0.4,21.4,90.6,2.1,1.7,2.4,3.3,46.0,0,0,0,0.0
kamrup,4,39.0,1.6,0.7,0.1,33.7,79.1,4.0,7.4,10.2,19.5,180.0,0,1,0,18.5
dima_hasao,1,912.0,73.5,0.3,0.8,28.4,69.0,6.6,0.2,0.5,0.8,50.0,0,0,0,2.7
aizawl,3,1103.0,74.6,0.1,0.8,19.1,81.9,1.3,1.1,1.8,3.1,100.0,0,0,0,2.8
dima_hasao,3,961.0,62.2,0.3,0.8,23.4,64.1,4.6,5.4,9.5,10.8,125.0,0,0,0,2.3
kohima,11,1492.0,66.0,0.15,0.85,28.7,77.3,6.6,1.7,3.5,3.7,38.0,0,0,0,7.6
sonitpur,10,33.0,14.8,0.6,0.15,23.8,92.4,8.2,4.8,8.3,8.5,102.0,1,0,1,43.3
dima_hasao,8,972.0,72.3,0.3,0.8,33.9,81.9,1.3,25.4,23.8,37.8,550.0,1,0,0,62.4
west_tripura,5,-31.0,12.0,0.75,0.05,33.5,88.9,11.3,2.1,2.7,2.6,294.0,0,0,0,12.9
west_khasi,3,1335.0,58.1,0.25,0.75,26.0,65.6,41.8,6.7,5.8,6.6,140.0,0,0,0,1.8
aizawl,10,1122.0,75.2,0.1,0.8,33.0,63.3,7.7,0.2,0.3,0.6,120.0,0,0,0,23.2
west_tripura,12,-37.0,14.2,0.75,0.05,24.2,95.7,3.2,1.5,3.5,5.5,21.0,0,0,0,5.9
sonitpur,3,141.0,19.1,0.6,0.15,23.2,97.4,10.3,0.3,0.4,0.4,85.0,0,0,0,0.0
east_khasi,2,1506.0,63.1,0.2,0.7,30.9,75.0,9.4,9.7,11.4,12.8,66.0,0,0,0,0.0
aizawl,1,1216.0,74.5,0.1,0.8,27.9,93.6,1.6,0.9,1.3,1.0,40.0,0,0,0,8.1
east_khasi,10,1542.0,54.7,0.2,0.7,29.2,61.5,4.6,4.6,3.8,6.0,132.0,0,0,0,26.9
papum_pare,7,312.0,41.8,0.5,0.4,24.6,96.7,11.9,57.4,90.6,119.3,575.0,1,1,0,74.8
dimapur,12,58.0,23.7,0.4,0.2,18.9,96.9,7.2,0.2,0.4,0.6,16.0,0,0,0,0.2
dima_hasao,2,884.0,61.4,0.3,0.8,20.8,72.6,28.1,5.7,9.1,9.1,75.0,0,0,0,3.6
aizawl,12,1150.0,72.6,0.1,0.8,30.2,70.7,2.0,4.1,3.6,3.0,20.0,0,0,0,2.6
papum_pare,4,384.0,44.7,0.5,0.4,33.1,94.0,4.1,8.8,14.2,17.1,230.0,0,0,0,25.3
sonitpur,12,49.0,15.6,0.6,0.15,27.9,70.7,3.3,0.3,0.7,0.6,17.0,0,0,0,0.0
east_khasi,11,1567.0,55.4,0.2,0.7,34.4,95.9,4.1,0.8,0.8,0.9,44.0,1,0,0,3.5
aizawl,2,1108.0,84.3,0.1,0.8,27.1,60.5,3.0,0.3,0.3,0.6,60.0,0,0,0,13.1
aizawl,1,1144.0,86.4,0.1,0.8,32.5,78.9,9.2,1.0,1.1,2.2,40.0,0,0,0,0.0
west_khasi,9,1333.0,67.2,0.25,0.75,20.9,74.6,4.3,19.8,28.4,48.4,420.0,1,0,0,64.3
dimapur,11,5.0,22.3,0.4,0.2,22.4,60.3,10.4,0.4,0.5,0.7,32.0,0,0,0,5.1
west_khasi,2,1306.0,59.5,0.25,0.75,27.9,87.3,4.7,0.6,1.1,2.0,84.0,0,0,0,0.0
imphal_west,11,837.0,43.8,0.35,0.5,23.5,80.0,11.6,3.4,8.3,10.6,30.0,0,0,0,0.0
west_khasi,1,1368.0,59.7,0.25,0.75,23.5,67.3,3.7,1.2,1.6,2.2,56.0,0,0,0,6.9
dimapur,8,109.0,19.4,0.4,0.2,29.5,62.4,9.1,22.2,40.6,33.1,352.0,0,1,0,64.6
sonitpur,7,4.0,21.0,0.6,0.15,34.2,62.8,2.2,13.1,15.3,13.4,425.0,0,1,1,66.1
west_khasi,11,1293.0,56.6,0.25,0.75,24.2,74.9,37.5,1.5,3.0,2.9,56.0,0,0,0,0.0
kohima,12,1439.0,69.9,0.15,0.85,23.3,62.3,12.1,1.8,2.5,4.0,19.0,0,0,0,8.0
cachar,7,79.0,15.1,0.65,0.2,29.8,97.5,2.6,9.6,14.9,24.5,550.0,0,1,0,49.1
cachar,12,76.0,27.7,0.65,0.2,23.7,82.0,22.0,0.9,1.2,1.5,22.0,0,1,1,17.9
imphal_west,11,760.0,49.6,0.35,0.5,22.4,77.6,1.4,0.3,0.5,0.6,30.0,0,0,0,4.2
east_khasi,10,1527.0,52.4,0.2,0.7,27.8,84.6,6.1,0.8,1.5,2.7,132.0,0,1,0,19.2
imphal_west,8,794.0,41.0,0.35,0.5,20.8,64.0,1.6,2.4,4.7,8.1,330.0,1,1,1,62.0
kohima,7,1424.0,67.0,0.15,0.85,19.3,64.3,0.5,48.1,106.2,160.7,475.0,1,1,0,80.6
west_tripura,10,31.0,9.8,0.75,0.05,22.7,84.3,4.2,7.8,7.7,12.8,126.0,1,0,0,19.1
east_khasi,6,1542.0,50.6,0.2,0.7,19.1,91.2,10.4,43.8,107.6,211.8,484.0,1,1,0,72.3
dima_hasao,2,989.0,64.6,0.3,0.8,25.8,62.1,5.6,1.7,3.7,6.0,75.0,0,0,0,3.1
east_khasi,8,1572.0,61.3,0.2,0.7,26.1,73.5,11.5,1.7,4.1,4.7,484.0,1,0,1,59.6
dima_hasao,8,1000.0,65.5,0.3,0.8,25.6,77.5,0.8,25.0,57.1,106.0,550.0,1,1,0,68.5
aizawl,10,1166.0,77.8,0.1,0.8,21.3,63.9,24.2,12.6,15.3,21.6,120.0,1,0,0,33.0
papum_pare,7,356.0,29.9,0.5,0.4,21.2,67.2,2.0,2.8,5.7,8.4,575.0,0,1,1,52.8
west_khasi,1,1442.0,65.9,0.25,0.75,23.9,82.7,3.2,2.4,5.2,5.9,56.0,0,0,0,0.0
kohima,6,1537.0,68.3,0.15,0.85,34.4,83.9,2.0,2.9,5.7,10.3,418.0,1,0,0,47.5
cachar,8,39.0,12.0,0.65,0.2,22.9,84.3,3.8,1.4,2.9,5.2,484.0,0,1,1,56.3
dima_hasao,6,888.0,64.9,0.3,0.8,26.5,94.6,1.6,6.5,6.8,11.5,550.0,1,0,0,49.9
east_khasi,6,1457.0,50.2,0.2,0.7,24.9,97.4,3.5,34.0,45.1,57.9,484.0,1,1,0,68.0
east_khasi,10,1533.0,53.5,0.2,0.7,20.9,96.8,6.0,0.7,1.4,2.6,132.0,1,0,1,44.2
west_tripura,5,-30.0,9.7,0.75,0.05,25.2,90.2,1.5,1.4,1.5,1.3,294.0,0,1,1,46.6
imphal_west,1,839.0,43.7,0.35,0.5,28.7,70.1,0.4,1.2,2.3,3.6,30.0,0,0,0,2.1
imphal_west,4,758.0,53.7,0.35,0.5,34.7,97.5,11.6,1.3,2.6,4.2,150.0,1,0,0,25.6
sonitpur,4,87.0,8.2,0.6,0.15,31.0,95.6,28.3,4.8,7.4,8.1,170.0,0,1,1,41.5
west_tripura,7,-0.0,7.6,0.75,0.05,30.3,69.8,12.7,8.2,19.3,29.3,525.0,0,1,0,42.5
kohima,9,1410.0,63.9,0.15,0.85,18.3,94.6,3.1,7.4,13.4,11.3,285.0,1,0,0,43.7
dima_hasao,12,935.0,62.0,0.3,0.8,34.6,96.6,1.8,0.9,1.9,1.6,25.0,0,0,0,1.9
kohima,11,1427.0,66.7,0.15,0.85,20.8,97.5,17.2,7.6,14.2,17.6,38.0,1,0,0,3.3
west_tripura,8,-39.0,5.7,0.75,0.05,25.6,86.9,13.2,61.0,100.4,180.2,462.0,1,1,1,100.0
kohima,1,1530.0,70.1,0.15,0.85,31.5,82.6,21.8,1.2,2.7,3.4,38.0,0,0,0,0.0
sonitpur,5,-21.0,15.3,0.6,0.15,22.0,68.0,13.3,1.2,1.0,1.8,238.0,0,0,0,13.2
dima_hasao,7,938.0,70.2,0.3,0.8,18.3,82.3,6.1,44.9,46.9,33.4,625.0,1,1,1,96.4
west_tripura,4,36.0,13.5,0.75,0.05,28.0,68.0,2.7,13.8,16.5,29.1,210.0,0,1,0,22.8
east_khasi,11,1663.0,64.7,0.2,0.7,24.1,97.8,6.5,1.5,1.7,2.6,44.0,0,0,0,0.1
aizawl,6,1163.0,73.8,0.1,0.8,21.3,77.6,2.8,27.9,50.1,67.2,440.0,1,1,1,82.0
kohima,9,1428.0,70.6,0.15,0.85,25.6,89.6,2.5,6.7,6.5,9.8,285.0,0,0,0,40.4
imphal_west,6,737.0,52.4,0.35,0.5,29.3,70.8,8.8,12.0,11.3,22.4,330.0,1,0,0,52.5
dimapur,12,195.0,32.8,0.4,0.2,22.2,97.5,4.9,1.8,1.7,1.9,16.0,0,0,0,8.2
imphal_west,6,816.0,54.8,0.35,0.5,32.9,96.7,4.2,8.7,10.5,7.6,330.0,1,1,0,41.7
west_khasi,12,1344.0,60.6,0.25,0.75,31.1,90.8,5.1,1.4,1.8,2.1,28.0,0,0,0,6.0
kohima,5,1462.0,72.0,0.15,0.85,32.0,90.1,2.2,31.7,30.1,57.7,266.0,1,0,1,70.0
east_khasi,5,1527.0,49.1,0.2,0.7,34.3,61.7,1.5,13.2,25.0,18.1,308.0,0,0,0,27.7
dima_hasao,2,951.0,73.0,0.3,0.8,26.5,62.7,11.5,0.1,0.1,0.1,75.0,0,0,0,4.0
west_tripura,4,53.0,7.4,0.75,0.05,26.8,62.8,9.9,10.0,10.6,20.8,210.0,0,0,0,18.3
west_khasi,2,1337.0,65.5,0.25,0.75,27.3,80.8,0.9,2.5,5.3,4.6,84.0,0,0,0,6.3
west_tripura,9,48.0,6.1,0.75,0.05,28.6,73.5,15.6,2.2,4.4,3.7,315.0,0,0,0,20.1
west_tripura,3,55.0,13.1,0.75,0.05,20.2,76.2,1.8,0.7,1.6,2.4,105.0,0,0,0,2.6
dima_hasao,4,1010.0,68.7,0.3,0.8,32.4,78.7,6.4,37.5,64.2,77.8,250.0,1,1,1,80.7
west_tripura,8,-5.0,6.7,0.75,0.05,31.5,78.5,4.1,15.6,27.7,28.0,462.0,0,1,1,65.5
east_khasi,12,1520.0,53.1,0.2,0.7,27.4,73.5,5.9,0.0,0.1,0.1,22.0,0,0,0,4.5
aizawl,9,1036.0,78.8,0.1,0.8,18.4,75.9,15.0,21.4,24.6,39.9,300.0,1,0,1,79.5
aizawl,5,1131.0,77.1,0.1,0.8,23.4,94.4,1.4,29.0,40.6,66.6,280.0,1,1,0,38.3
sonitpur,4,21.0,19.3,0.6,0.15,27.3,70.3,12.1,31.9,45.9,87.2,170.0,1,1,1,67.7
east_khasi,4,1515.0,62.4,0.2,0.7,24.4,88.7,7.8,3.9,4.1,4.4,220.0,0,0,0,16.5
west_khasi,3,1477.0,46.9,0.25,0.75,32.9,89.8,1.8,4.4,6.2,5.2,140.0,0,0,0,0.1
east_khasi,1,1511.0,55.3,0.2,0.7,30.6,87.5,1.5,0.1,0.2,0.1,44.0,0,0,0,4.0
west_tripura,9,-11.0,8.7,0.75,0.05,34.8,62.1,1.5,4.6,7.6,9.3,315.0,1,0,0,43.9
cachar,5,54.0,23.7,0.65,0.2,28.1,68.0,1.2,2.9,3.3,3.7,308.0,0,1,1,46.1
kamrup,1,31.0,15.2,0.7,0.1,33.9,86.3,1.7,2.2,4.1,7.0,36.0,0,0,0,6.4
imphal_west,5,790.0,49.1,0.35,0.5,22.4,72.8,5.1,11.0,10.5,20.3,210.0,1,0,1,46.4
west_tripura,3,61.0,11.2,0.75,0.05,24.2,74.2,1.6,7.8,16.8,15.2,105.0,0,0,0,0.0
papum_pare,8,329.0,41.5,0.5,0.4,27.8,94.6,8.1,107.9,229.5,277.0,506.0,1,1,1,94.3
sonitpur,1,151.0,17.9,0.6,0.15,19.6,80.7,13.5,3.4,8.0,15.1,34.0,0,0,0,2.5
aizawl,5,1180.0,70.7,0.1,0.8,24.8,80.9,9.7,2.7,3.7,2.7,280.0,1,0,0,23.3
kohima,8,1374.0,74.9,0.15,0.85,26.5,97.3,1.0,3.6,8.7,15.7,418.0,1,0,1,80.8
kohima,6,1520.0,76.0,0.15,0.85,32.3,67.4,17.5,22.1,27.3,32.0,418.0,1,1,1,84.7
cachar,1,40.0,17.4,0.65,0.2,25.7,65.4,4.9,4.5,6.8,13.4,44.0,0,0,0,4.2
east_khasi,8,1421.0,52.9,0.2,0.7,26.2,89.6,4.8,9.0,19.2,24.6,484.0,1,0,0,43.1
sonitpur,2,162.0,17.8,0.6,0.15,22.6,70.5,27.1,1.1,1.9,3.0,51.0,0,1,0,17.5
dimapur,8,166.0,28.1,0.4,0.2,34.2,75.5,6.3,7.8,7.4,7.0,352.0,0,1,0,44.1
sonitpur,10,104.0,20.2,0.6,0.15,22.9,69.4,10.4,0.9,1.1,1.4,102.0,0,1,1,40.4
papum_pare,11,352.0,41.4,0.5,0.4,18.6,81.6,25.4,2.8,2.3,3.2,46.0,0,0,0,5.3
kamrup,3,33.0,6.8,0.7,0.1,26.0,77.3,8.7,0.3,0.5,0.5,90.0,0,0,0,4.8
cachar,10,37.0,17.1,0.65,0.2,30.6,91.4,34.4,16.1,18.6,13.9,132.0,0,1,1,57.6
east_khasi,2,1484.0,54.1,0.2,0.7,30.6,70.6,8.3,2.0,3.8,5.4,66.0,0,0,0,2.9
dima_hasao,2,934.0,56.0,0.3,0.8,29.6,93.5,2.3,1.5,2.3,4.2,75.0,0,0,0,6.9
imphal_west,7,780.0,53.7,0.35,0.5,24.7,67.6,5.5,0.9,1.3,2.3,375.0,0,0,0,28.6
aizawl,10,1211.0,74.7,0.1,0.8,34.1,89.1,3.1,1.8,2.8,2.5,120.0,0,0,0,24.0
aizawl,4,1248.0,79.8,0.1,0.8,20.0,64.8,7.5,14.9,26.2,37.1,200.0,0,0,0,40.0
imphal_west,7,765.0,50.9,0.35,0.5,33.4,67.3,9.6,108.0,165.4,184.7,375.0,1,1,1,99.5
kohima,8,1469.0,75.1,0.15,0.85,18.9,80.4,0.7,62.1,78.0,136.9,418.0,1,1,0,75.2
east_khasi,10,1557.0,59.0,0.2,0.7,28.1,78.3,9.7,0.8,1.4,1.2,132.0,0,0,0,18.0
dimapur,5,147.0,23.7,0.4,0.2,21.7,96.7,1.4,10.4,13.6,16.7,224.0,1,0,1,46.7
aizawl,10,1115.0,70.9,0.1,0.8,31.1,94.8,19.3,0.1,0.1,0.1,120.0,0,0,0,19.3
kamrup,10,22.0,8.5,0.7,0.1,30.4,97.3,1.7,3.8,4.6,8.3,108.0,0,1,1,39.5
west_tripura,2,55.0,13.3,0.75,0.05,33.7,60.3,0.8,5.8,10.1,18.9,63.0,0,0,0,0.0
dima_hasao,11,1096.0,65.7,0.3,0.8,22.6,78.8,0.9,0.5,1.1,2.2,50.0,0,0,0,16.0
dima_hasao,5,900.0,68.3,0.3,0.8,24.2,62.0,14.1,0.1,0.3,0.5,350.0,0,0,0,17.7
papum_pare,2,328.0,41.1,0.5,0.4,25.1,81.4,0.1,4.1,7.2,8.7,69.0,0,0,0,8.1
cachar,4,14.0,18.9,0.65,0.2,29.4,75.6,6.4,31.3,64.4,52.3,220.0,1,1,0,54.2
cachar,9,66.0,29.9,0.65,0.2,22.3,95.0,8.7,22.8,28.8,24.6,330.0,1,1,1,92.8
sonitpur,3,38.0,15.3,0.6,0.15,22.2,61.4,1.1,1.6,3.6,6.0,85.0,0,0,0,5.7
kamrup,7,103.0,15.0,0.7,0.1,27.2,91.1,1.9,2.7,4.0,5.4,450.0,0,0,0,30.9
kohima,12,1523.0,65.7,0.15,0.85,33.4,82.3,0.9,0.7,1.3,1.5,19.0,0,0,0,1.5
aizawl,8,1105.0,70.2,0.1,0.8,33.2,86.1,19.6,6.9,10.3,19.2,440.0,1,0,1,67.0
east_khasi,1,1487.0,53.0,0.2,0.7,23.9,88.4,22.4,0.8,1.4,1.7,44.0,0,0,0,8.6
dima_hasao,5,986.0,58.3,0.3,0.8,19.1,65.0,19.6,7.4,16.1,16.5,350.0,0,0,0,29.4
west_tripura,5,49.0,6.1,0.75,0.05,24.3,73.4,7.8,5.4,10.8,7.8,294.0,0,0,0,13.3
west_tripura,8,-31.0,0.5,0.75,0.05,23.0,81.7,13.7,25.0,35.2,61.6,462.0,1,1,0,71.3
sonitpur,11,39.0,17.8,0.6,0.15,30.1,91.3,19.5,4.0,3.8,3.8,34.0,0,0,0,1.9
dima_hasao,5,937.0,61.7,0.3,0.8,25.3,82.7,0.9,25.9,24.0,42.7,350.0,0,0,0,34.7
papum_pare,10,359.0,37.7,0.5,0.4,22.0,95.7,1.9,5.7,13.7,9.7,138.0,0,0,0,16.8
papum_pare,4,337.0,37.3,0.5,0.4,24.9,70.9,8.2,13.1,12.1,24.1,230.0,1,0,0,20.4
dimapur,2,172.0,20.1,0.4,0.2,31.5,94.4,36.9,0.4,0.5,0.5,48.0,0,0,0,0.6
imphal_west,4,680.0,48.6,0.35,0.5,22.9,88.0,6.0,7.6,8.2,10.3,150.0,0,0,0,24.2
papum_pare,3,319.0,41.8,0.5,0.4,24.8,72.0,6.3,4.6,10.1,11.1,115.0,0,0,0,1.8
east_khasi,3,1469.0,48.8,0.2,0.7,31.6,88.1,5.6,1.4,2.2,2.7,110.0,0,0,0,2.2
sonitpur,1,102.0,22.2,0.6,0.15,32.6,87.0,6.6,0.2,0.3,0.5,34.0,0,0,0,2.5
cachar,5,26.0,22.2,0.65,0.2,24.9,95.4,0.9,3.4,3.9,6.2,308.0,0,1,0,12.9
aizawl,12,1114.0,76.9,0.1,0.8,20.1,63.2,24.0,3.4,8.1,7.4,20.0,0,0,0,0.0
aizawl,5,1172.0,67.9,0.1,0.8,31.3,60.7,4.0,3.6,8.6,16.1,280.0,0,0,0,22.5
kohima,2,1454.0,65.9,0.15,0.85,27.8,96.4,7.0,1.0,1.5,1.4,57.0,0,0,0,0.0
kohima,12,1345.0,68.1,0.15,0.85,22.5,89.2,2.3,0.2,0.2,0.4,19.0,0,0,0,0.0
east_khasi,12,1452.0,53.0,0.2,0.7,33.8,74.6,6.8,0.8,1.2,2.3,22.0,0,0,0,0.6
dimapur,5,147.0,26.7,0.4,0.2,31.6,92.4,6.6,3.4,3.0,3.0,224.0,0,1,1,39.0
imphal_west,9,890.0,44.4,0.35,0.5,33.9,61.8,2.4,27.2,50.2,62.0,225.0,1,1,1,97.2
kohima,8,1477.0,69.8,0.15,0.85,19.6,76.2,1.4,25.0,47.2,52.7,418.0,1,0,0,66.6
sonitpur,10,101.0,12.1,0.6,0.15,27.6,89.0,1.5,10.3,20.0,15.2,102.0,1,0,0,22.0
kamrup,7,57.0,12.4,0.7,0.1,24.1,80.5,11.3,13.3,10.8,19.1,450.0,0,1,0,35.3
west_tripura,6,-16.0,12.8,0.75,0.05,29.2,77.9,2.2,3.1,7.0,8.2,462.0,0,1,0,30.8
aizawl,5,1174.0,72.6,0.1,0.8,18.7,67.4,7.7,19.3,42.7,72.7,280.0,1,0,1,60.3
kamrup,2,34.0,8.1,0.7,0.1,29.3,94.6,4.2,0.2,0.6,0.8,54.0,0,0,0,2.8
dima_hasao,11,919.0,68.8,0.3,0.8,18.0,69.2,2.3,1.1,1.6,2.2,50.0,0,0,0,1.4
aizawl,10,1155.0,77.7,0.1,0.8,27.4,91.0,32.1,0.5,0.7,1.2,120.0,0,1,0,26.4
kamrup,11,45.0,18.1,0.7,0.1,22.8,82.3,8.8,0.9,0.9,1.4,36.0,0,0,0,8.1
east_khasi,10,1578.0,58.2,0.2,0.7,33.9,74.6,13.1,3.3,6.3,5.6,132.0,0,0,0,20.3
kamrup,3,90.0,12.2,0.7,0.1,22.2,94.2,24.2,3.0,3.0,5.3,90.0,0,0,0,0.5
kohima,9,1444.0,70.5,0.15,0.85,24.2,76.4,9.8,9.8,10.4,9.8,285.0,1,0,0,46.9
papum_pare,8,427.0,45.9,0.5,0.4,31.0,76.4,6.6,20.6,42.3,48.1,506.0,1,1,1,91.7
east_khasi,3,1453.0,57.5,0.2,0.7,32.2,61.7,2.7,0.7,1.1,1.5,110.0,0,0,0,6.2
aizawl,7,1134.0,79.5,0.1,0.8,33.6,75.5,2.1,53.3,80.4,131.5,500.0,1,1,1,100.0
papum_pare,8,303.0,40.8,0.5,0.4,25.0,78.3,0.7,3.3,5.6,10.4,506.0,0,1,0,28.2
sonitpur,8,98.0,10.9,0.6,0.15,30.6,92.9,9.8,20.8,22.4,29.8,374.0,0,1,0,54.2
west_khasi,7,1334.0,59.4,0.25,0.75,25.5,83.5,14.7,44.5,92.7,91.3,700.0,1,1,1,100.0
west_khasi,6,1354.0,59.1,0.25,0.75,25.0,83.9,12.0,11.6,20.8,34.3,616.0,1,0,1,78.8
papum_pare,2,315.0,31.9,0.5,0.4,19.6,78.1,47.9,7.5,10.8,18.2,69.0,0,0,0,6.7
cachar,6,27.0,30.5,0.65,0.2,33.7,82.5,4.8,36.7,77.4,77.1,484.0,1,1,1,100.0
dimapur,12,153.0,22.7,0.4,0.2,33.9,96.0,4.6,0.6,0.6,1.1,16.0,0,0,0,0.0
kohima,5,1357.0,70.3,0.15,0.85,31.5,77.3,1.9,3.9,5.8,6.9,266.0,1,0,0,24.4
papum_pare,7,342.0,40.7,0.5,0.4,20.2,71.5,22.5,70.0,168.5,171.5,575.0,1,1,1,99.9
imphal_west,1,738.0,50.4,0.35,0.5,32.8,85.2,5.7,0.6,1.0,1.5,30.0,0,0,0,2.0
kohima,2,1413.0,70.7,0.15,0.85,22.5,94.4,3.9,4.8,10.7,20.3,57.0,1,0,0,4.2
west_khasi,5,1289.0,57.8,0.25,0.75,18.0,90.6,0.8,5.8,6.5,10.2,392.0,0,0,0,23.3
west_khasi,2,1415.0,61.7,0.25,0.75,23.1,63.6,14.2,0.1,0.2,0.3,84.0,0,0,0,12.7
dimapur,9,160.0,23.1,0.4,0.2,22.8,96.0,18.5,2.8,4.6,6.5,240.0,1,0,1,41.2
kamrup,11,103.0,11.0,0.7,0.1,22.7,93.7,0.4,1.8,1.9,2.4,36.0,0,0,0,0.0
imphal_west,8,786.0,53.1,0.35,0.5,34.8,61.5,10.6,6.0,8.4,6.6,330.0,1,0,0,38.1
dimapur,1,41.0,25.9,0.4,0.2,21.2,81.8,2.4,0.3,0.4,0.7,32.0,0,0,0,3.6
dima_hasao,9,955.0,56.3,0.3,0.8,24.7,86.4,6.7,19.9,34.0,65.5,375.0,1,1,0,59.8
west_khasi,10,1369.0,62.2,0.25,0.75,20.9,88.9,41.9,0.4,0.6,0.8,168.0,0,0,0,22.5
kohima,11,1516.0,75.5,0.15,0.85,27.8,67.2,23.1,1.2,1.8,2.4,38.0,0,0,0,3.6
kohima,1,1536.0,65.9,0.15,0.85,25.3,66.6,43.5,1.0,1.8,1.4,38.0,0,0,0,6.1
dima_hasao,5,944.0,63.8,0.3,0.8,18.4,90.8,7.7,5.9,9.0,13.9,350.0,1,0,0,28.5
imphal_west,3,717.0,58.9,0.35,0.5,29.4,96.9,1.9,1.9,2.8,2.7,75.0,0,0,0,12.3
east_khasi,8,1476.0,58.1,0.2,0.7,21.1,63.3,12.5,16.1,27.7,30.4,484.0,1,1,1,77.7
west_tripura,8,7.0,6.7,0.75,0.05,22.9,77.5,2.1,8.6,16.5,25.8,462.0,1,1,1,64.2
sonitpur,1,99.0,6.9,0.6,0.15,29.0,72.9,12.3,1.7,1.6,1.4,34.0,0,0,0,0.0
papum_pare,10,343.0,37.8,0.5,0.4,28.3,75.4,2.6,6.4,14.6,29.1,138.0,0,0,0,13.8
dima_hasao,12,1005.0,65.2,0.3,0.8,29.1,83.3,4.1,0.6,0.8,1.5,25.0,0,0,0,0.0
cachar,5,30.0,14.6,0.65,0.2,24.9,85.8,5.5,2.3,3.5,4.8,308.0,0,1,0,18.9
imphal_west,1,735.0,53.2,0.35,0.5,19.3,62.8,19.0,0.6,1.1,2.0,30.0,0,0,0,3.5
imphal_west,7,803.0,44.7,0.35,0.5,28.3,95.4,18.1,54.9,82.6,92.9,375.0,1,1,1,95.5
sonitpur,4,1.0,21.1,0.6,0.15,26.6,81.3,13.0,13.1,11.8,13.9,170.0,0,0,0,22.8
sonitpur,8,25.0,14.0,0.6,0.15,32.3,86.6,15.6,2.4,2.8,3.8,374.0,0,1,1,43.3
sonitpur,11,123.0,17.7,0.6,0.15,18.8,89.6,2.9,1.5,3.8,3.5,34.0,0,0,0,13.6
cachar,8,-13.0,15.0,0.65,0.2,27.0,90.8,13.3,14.5,16.2,22.0,484.0,0,1,0,48.3
west_tripura,5,-17.0,10.2,0.75,0.05,18.6,74.0,7.8,37.1,33.2,58.6,294.0,1,1,1,69.6
imphal_west,12,748.0,51.2,0.35,0.5,18.0,64.6,7.6,0.9,1.8,2.2,15.0,0,0,0,11.5
east_khasi,7,1551.0,50.0,0.2,0.7,33.2,64.5,46.3,5.9,13.1,21.5,550.0,1,0,1,61.2
kohima,8,1372.0,72.8,0.15,0.85,23.3,66.8,23.2,20.5,28.1,27.4,418.0,1,1,0,54.5
dima_hasao,8,960.0,75.9,0.3,0.8,27.6,66.0,11.7,97.6,150.7,274.2,550.0,1,1,0,74.6
imphal_west,3,762.0,58.3,0.35,0.5,29.3,61.7,4.0,3.5,4.7,9.3,75.0,1,0,1,29.0
dimapur,4,65.0,29.3,0.4,0.2,29.7,79.6,2.2,4.6,5.8,5.3,160.0,1,1,1,45.6
aizawl,9,1197.0,78.6,0.1,0.8,26.1,84.4,0.4,21.0,42.4,66.5,300.0,1,1,1,86.6
west_tripura,3,66.0,8.4,0.75,0.05,23.8,89.3,8.2,5.4,10.7,19.6,105.0,0,0,0,14.7
sonitpur,5,63.0,18.0,0.6,0.15,30.7,71.8,3.7,7.8,7.5,12.8,238.0,0,0,0,22.8
dimapur,6,217.0,18.3,0.4,0.2,22.7,97.9,13.9,9.4,18.6,21.3,352.0,1,1,1,61.4
imphal_west,5,783.0,57.9,0.35,0.5,22.0,77.0,0.8,19.3,16.5,19.5,210.0,0,0,0,35.7
kamrup,5,92.0,12.4,0.7,0.1,20.4,63.7,5.5,0.1,0.1,0.3,252.0,0,1,1,42.5
west_tripura,5,-2.0,9.1,0.75,0.05,28.3,66.2,13.3,3.4,6.6,5.3,294.0,0,1,0,7.7
aizawl,10,1090.0,79.1,0.1,0.8,29.7,64.9,5.5,2.2,4.2,3.8,120.0,1,0,0,24.1
papum_pare,8,309.0,33.8,0.5,0.4,29.2,83.7,3.3,2.3,3.4,5.5,506.0,0,0,0,29.2
cachar,8,73.0,18.2,0.65,0.2,18.4,73.0,16.3,6.9,9.4,10.6,484.0,0,1,0,26.2
imphal_west,8,855.0,49.3,0.35,0.5,27.3,68.3,5.6,42.6,35.8,52.1,330.0,1,0,1,99.1
west_khasi,6,1372.0,63.6,0.25,0.75,20.1,97.5,3.8,8.2,10.2,7.7,616.0,1,1,1,65.3
imphal_west,9,724.0,48.1,0.35,0.5,33.4,81.5,4.4,8.2,10.0,19.3,225.0,0,0,0,32.8
dimapur,8,137.0,26.7,0.4,0.2,19.6,67.6,5.3,50.8,69.6,99.4,352.0,1,1,1,95.3
west_khasi,4,1406.0,67.6,0.25,0.75,19.1,77.7,17.2,28.5,50.3,63.9,280.0,1,1,1,73.6
west_tripura,4,-9.0,0.8,0.75,0.05,23.0,78.8,5.5,3.8,7.5,13.0,210.0,0,1,1,34.0
aizawl,7,1136.0,80.1,0.1,0.8,24.1,60.3,18.3,90.4,102.1,117.4,500.0,1,1,1,100.0
dima_hasao,7,885.0,62.6,0.3,0.8,25.8,80.9,21.9,32.6,28.5,22.0,625.0,1,1,1,96.4
kamrup,6,65.0,12.1,0.7,0.1,30.0,78.6,3.0,11.5,18.8,34.0,396.0,1,1,0,48.2
west_tripura,8,63.0,6.9,0.75,0.05,31.5,75.0,6.8,1.0,2.6,2.3,462.0,0,1,1,53.7
west_tripura,7,48.0,2.4,0.75,0.05,29.0,87.1,2.0,3.4,3.4,4.2,525.0,0,0,0,24.1
dimapur,11,165.0,38.2,0.4,0.2,23.7,70.0,1.3,2.8,5.8,8.6,32.0,0,0,0,6.7
papum_pare,3,358.0,41.3,0.5,0.4,28.6,87.7,26.9,1.0,1.5,1.3,115.0,0,0,0,0.0
kohima,1,1390.0,69.5,0.15,0.85,18.7,93.4,3.8,2.1,4.7,4.2,38.0,0,0,0,3.0
cachar,9,66.0,15.7,0.65,0.2,20.7,94.4,7.3,37.2,91.9,140.5,330.0,1,1,1,100.0
aizawl,6,1154.0,77.5,0.1,0.8,31.3,89.8,6.0,25.6,30.1,38.2,440.0,1,1,1,80.0
sonitpur,8,49.0,13.3,0.6,0.15,33.4,64.0,12.7,6.0,6.9,8.9,374.0,0,1,0,33.5
sonitpur,9,110.0,8.8,0.6,0.15,18.7,91.9,5.9,18.0,22.3,35.7,255.0,0,1,0,45.6
kohima,1,1504.0,81.0,0.15,0.85,31.6,75.6,2.6,4.3,7.0,12.6,38.0,0,0,0,2.2
west_tripura,3,-7.0,11.5,0.75,0.05,19.9,90.2,1.0,2.3,4.3,4.4,105.0,0,0,0,0.5
dimapur,11,199.0,34.0,0.4,0.2,32.8,65.3,1.4,0.2,0.3,0.3,32.0,0,0,0,5.5
cachar,2,13.0,7.6,0.65,0.2,22.4,96.0,1.9,2.2,3.8,5.7,66.0,0,0,0,10.4
kohima,5,1345.0,67.1,0.15,0.85,28.4,82.2,4.6,15.4,34.1,35.0,266.0,1,1,1,59.6
west_khasi,10,1405.0,59.1,0.25,0.75,30.4,62.0,21.6,9.7,18.6,35.9,168.0,0,0,0,26.6
west_tripura,7,-48.0,1.3,0.75,0.05,24.6,61.8,16.2,23.1,50.5,100.2,525.0,1,1,0,67.0
papum_pare,2,390.0,35.5,0.5,0.4,29.3,75.5,3.3,2.4,3.2,6.2,69.0,0,0,0,0.0
west_khasi,11,1387.0,61.5,0.25,0.75,20.2,95.5,20.2,3.0,3.8,2.7,56.0,0,0,0,0.0
imphal_west,7,756.0,51.8,0.35,0.5,34.4,80.5,3.4,21.5,19.5,23.7,375.0,1,1,0,58.8
west_khasi,11,1379.0,62.7,0.25,0.75,19.8,95.8,15.9,0.8,1.4,2.5,56.0,0,0,0,0.0
west_tripura,8,-1.0,8.7,0.75,0.05,26.2,74.3,4.5,76.0,77.2,96.2,462.0,1,1,0,74.7
imphal_west,1,768.0,57.1,0.35,0.5,22.0,87.8,0.4,0.5,1.0,1.1,30.0,0,0,0,0.0
aizawl,2,1182.0,69.1,0.1,0.8,21.5,74.4,3.8,6.2,9.1,10.4,60.0,0,0,0,7.0
dima_hasao,11,934.0,64.3,0.3,0.8,20.2,62.2,3.6,1.2,2.3,2.4,50.0,0,1,0,1.6
papum_pare,5,365.0,38.8,0.5,0.4,23.3,71.2,13.2,7.7,12.8,18.3,322.0,1,0,1,37.4
dima_hasao,12,907.0,68.8,0.3,0.8,21.5,77.2,15.9,0.2,0.3,0.4,25.0,0,0,0,4.2
sonitpur,7,19.0,21.1,0.6,0.15,29.5,60.9,5.3,21.1,22.3,36.2,425.0,1,1,0,49.7
sonitpur,11,108.0,23.9,0.6,0.15,28.4,90.2,0.9,3.3,4.1,8.1,34.0,1,0,1,24.4
west_tripura,2,-20.0,8.7,0.75,0.05,29.8,73.0,1.1,3.4,4.8,7.2,63.0,0,0,0,0.0
kohima,3,1434.0,62.9,0.15,0.85,32.9,72.5,8.9,0.1,0.2,0.3,95.0,1,0,0,8.7
west_tripura,5,78.0,15.7,0.75,0.05,21.2,89.3,18.4,51.3,101.4,80.4,294.0,1,1,0,70.4
kamrup,1,-108.0,6.9,0.7,0.1,21.0,72.8,5.4,0.4,0.4,0.4,36.0,0,1,0,8.2
west_khasi,1,1313.0,62.0,0.25,0.75,30.7,92.6,6.8,1.4,1.8,3.4,56.0,0,0,0,2.4
east_khasi,6,1596.0,55.6,0.2,0.7,30.7,83.5,16.2,56.5,128.2,167.1,484.0,1,1,1,98.3
west_khasi,7,1327.0,70.7,0.25,0.75,27.4,66.8,6.3,21.7,46.4,82.0,700.0,1,1,0,55.3
cachar,4,7.0,19.1,0.65,0.2,18.9,66.0,16.8,4.2,5.4,7.5,220.0,0,0,0,16.1
imphal_west,7,759.0,57.3,0.35,0.5,19.9,65.9,5.7,11.1,23.8,35.8,375.0,1,1,1,79.6
aizawl,11,1154.0,67.7,0.1,0.8,29.3,92.4,3.0,1.1,1.8,1.7,40.0,0,0,0,3.0
cachar,3,135.0,11.9,0.65,0.2,30.2,90.0,12.2,5.1,4.9,9.5,110.0,0,0,0,3.6
cachar,2,-21.0,21.5,0.65,0.2,18.1,69.2,7.1,2.6,4.0,3.9,66.0,0,0,0,0.0
aizawl,7,1155.0,67.2,0.1,0.8,27.7,88.9,1.6,3.6,3.2,5.4,500.0,1,1,1,60.5
aizawl,11,1116.0,73.2,0.1,0.8,21.4,82.3,0.7,8.5,11.3,9.8,40.0,1,0,0,0.0
dima_hasao,8,960.0,70.5,0.3,0.8,25.1,66.8,11.7,8.7,10.0,15.5,550.0,1,0,0,53.2
aizawl,3,1144.0,71.6,0.1,0.8,28.9,74.5,31.4,2.9,7.0,6.2,100.0,0,0,0,3.0
dima_hasao,8,904.0,61.4,0.3,0.8,26.8,71.2,0.2,149.2,183.5,232.6,550.0,1,1,0,72.5
papum_pare,5,358.0,41.2,0.5,0.4,18.1,69.4,26.3,16.9,32.3,62.8,322.0,0,1,0,34.1
kohima,5,1451.0,70.1,0.15,0.85,20.3,77.8,27.9,3.5,3.9,6.8,266.0,1,0,0,16.7
papum_pare,1,306.0,35.2,0.5,0.4,18.0,82.7,24.8,8.2,8.7,14.5,46.0,0,0,0,0.5
kohima,5,1374.0,58.9,0.15,0.85,33.7,77.4,18.7,5.1,6.3,12.2,266.0,1,0,0,22.0
papum_pare,9,360.0,38.0,0.5,0.4,33.5,60.7,8.1,26.2,51.3,78.3,345.0,1,1,0,76.2
cachar,2,-100.0,19.7,0.65,0.2,29.5,90.6,10.8,2.1,4.8,7.0,66.0,0,0,0,4.1
kohima,6,1425.0,66.5,0.15,0.85,19.1,82.6,14.8,11.1,16.6,26.3,418.0,1,0,0,54.3
aizawl,5,1057.0,67.2,0.1,0.8,33.3,77.0,3.2,9.3,16.0,30.3,280.0,1,0,0,28.0
papum_pare,7,340.0,37.5,0.5,0.4,22.6,89.2,21.6,5.5,7.6,5.9,575.0,1,0,0,28.8
west_tripura,5,98.0,9.5,0.75,0.05,18.2,75.3,23.8,10.6,20.5,37.0,294.0,0,1,0,19.5
kohima,5,1480.0,79.1,0.15,0.85,25.7,75.5,11.6,16.7,37.7,34.0,266.0,0,0,0,31.8
dima_hasao,7,950.0,71.0,0.3,0.8,34.2,96.4,1.0,155.8,152.7,153.2,625.0,1,1,1,97.9
kohima,2,1471.0,73.5,0.15,0.85,18.6,75.6,3.4,3.3,6.4,6.4,57.0,0,0,0,6.4
dima_hasao,7,944.0,60.7,0.3,0.8,22.5,80.4,6.0,54.9,83.5,88.4,625.0,1,1,1,92.9
aizawl,6,1123.0,72.7,0.1,0.8,27.1,67.7,1.7,19.3,27.6,35.4,440.0,1,1,1,86.0
aizawl,5,1131.0,67.5,0.1,0.8,21.0,69.6,16.6,11.3,19.8,32.0,280.0,1,0,1,55.4
west_tripura,5,-71.0,17.1,0.75,0.05,21.0,83.0,4.1,2.3,1.9,3.3,294.0,1,1,1,45.4
kamrup,11,79.0,12.5,0.7,0.1,18.2,79.7,9.3,1.0,1.9,2.0,36.0,0,0,0,0.0
dimapur,5,193.0,29.8,0.4,0.2,30.6,79.1,0.7,3.0,3.8,5.1,224.0,0,0,0,19.5
kamrup,10,15.0,17.5,0.7,0.1,29.8,93.6,6.8,11.9,26.6,36.7,108.0,1,1,0,23.9
papum_pare,12,240.0,47.8,0.5,0.4,21.0,88.2,2.9,0.3,0.4,0.4,23.0,0,0,0,0.0
kamrup,10,231.0,17.1,0.7,0.1,25.1,76.4,0.6,0.5,0.9,1.4,108.0,0,1,1,39.1
west_tripura,8,-39.0,3.8,0.75,0.05,34.3,92.5,2.6,5.1,6.2,5.7,462.0,0,1,0,26.4
east_khasi,4,1507.0,49.2,0.2,0.7,31.7,90.1,1.4,8.1,19.0,17.3,220.0,1,0,0,27.8
aizawl,6,1110.0,74.4,0.1,0.8,31.1,72.9,1.5,3.0,7.3,7.3,440.0,1,0,0,45.9
dima_hasao,11,914.0,67.2,0.3,0.8,29.4,94.0,0.6,1.7,3.5,2.9,50.0,0,0,0,0.0
dima_hasao,10,936.0,65.1,0.3,0.8,26.2,97.7,11.6,4.9,10.2,10.6,150.0,0,1,1,55.7
east_khasi,11,1579.0,46.0,0.2,0.7,23.9,84.9,12.4,0.5,0.7,1.3,44.0,0,0,0,7.6
west_tripura,11,50.0,1.3,0.75,0.05,23.8,75.6,12.7,0.8,1.2,1.3,42.0,0,0,0,2.3
papum_pare,3,377.0,41.0,0.5,0.4,32.5,69.2,20.9,14.5,12.8,18.6,115.0,0,1,0,1.9
papum_pare,2,356.0,39.8,0.5,0.4,21.6,62.5,8.5,4.0,6.5,5.6,69.0,0,0,0,15.0
papum_pare,11,316.0,38.6,0.5,0.4,27.6,84.7,4.3,0.0,0.1,0.1,46.0,0,0,0,0.0
kamrup,5,41.0,11.7,0.7,0.1,30.3,86.5,3.7,4.9,10.6,16.9,252.0,0,0,0,16.4
kohima,1,1432.0,73.6,0.15,0.85,27.8,62.9,28.7,0.0,0.0,0.0,38.0,0,0,0,10.4
aizawl,6,1244.0,81.7,0.1,0.8,30.4,89.5,20.6,21.8,38.0,75.2,440.0,1,1,1,69.8
west_tripura,3,31.0,2.2,0.75,0.05,32.1,66.0,9.0,3.9,3.4,5.1,105.0,0,0,0,0.0
sonitpur,5,61.0,12.5,0.6,0.15,19.5,94.0,4.9,13.1,24.1,37.0,238.0,0,0,0,16.4
west_khasi,12,1322.0,64.0,0.25,0.75,33.8,69.3,8.6,0.5,1.1,2.0,28.0,1,0,1,33.6
dimapur,3,151.0,18.2,0.4,0.2,22.5,79.7,6.0,7.6,14.0,25.3,80.0,0,0,0,1.9
dima_hasao,3,846.0,73.0,0.3,0.8,28.1,70.4,0.8,5.3,4.8,4.1,125.0,0,0,0,9.8
imphal_west,6,714.0,46.1,0.35,0.5,18.2,86.5,4.7,17.3,32.5,46.2,330.0,1,1,1,87.3
imphal_west,9,833.0,50.3,0.35,0.5,34.6,64.1,26.9,3.9,6.6,6.1,225.0,0,0,0,30.1
east_khasi,3,1462.0,49.9,0.2,0.7,22.9,73.9,0.9,4.7,7.8,11.4,110.0,0,0,0,7.6
east_khasi,8,1478.0,61.6,0.2,0.7,19.9,97.9,5.5,17.6,25.6,36.7,484.0,1,0,0,54.1
east_khasi,12,1510.0,56.6,0.2,0.7,20.5,72.0,37.3,2.1,4.2,4.1,22.0,1,0,0,0.0
west_khasi,2,1355.0,63.0,0.25,0.75,27.3,61.5,3.8,12.9,21.6,38.1,84.0,0,0,0,6.9
kohima,2,1421.0,72.6,0.15,0.85,22.3,79.2,0.3,1.4,2.4,3.1,57.0,0,0,0,11.0
cachar,4,-14.0,23.8,0.65,0.2,21.5,72.8,6.3,16.9,35.4,58.0,220.0,1,1,1,52.1
papum_pare,12,409.0,49.9,0.5,0.4,26.7,93.1,3.4,0.1,0.1,0.2,23.0,0,0,0,0.0
papum_pare,7,384.0,40.2,0.5,0.4,31.8,68.5,12.6,4.2,5.4,4.8,575.0,0,0,0,47.0
imphal_west,6,778.0,47.1,0.35,0.5,33.1,77.8,10.7,70.4,168.6,307.0,330.0,1,1,1,100.0
sonitpur,7,154.0,16.4,0.6,0.15,30.7,79.8,3.1,26.3,63.5,64.7,425.0,1,1,1,93.1
kamrup,5,-26.0,20.5,0.7,0.1,30.5,75.6,4.4,2.8,6.8,9.3,252.0,0,0,0,9.8
imphal_west,2,874.0,44.8,0.35,0.5,20.1,95.4,9.3,0.3,0.5,0.5,45.0,0,0,0,4.5
kohima,6,1435.0,69.4,0.15,0.85,22.6,70.9,3.2,35.9,80.8,74.7,418.0,1,1,0,68.7
papum_pare,12,398.0,45.3,0.5,0.4,24.9,64.3,11.3,1.0,0.8,1.0,23.0,0,1,0,4.9
papum_pare,5,455.0,42.0,0.5,0.4,29.5,81.7,29.1,1.6,3.2,6.3,322.0,0,0,0,11.5
aizawl,7,1099.0,74.3,0.1,0.8,27.9,94.5,28.5,17.4,34.2,59.2,500.0,1,1,1,85.7
papum_pare,6,341.0,52.1,0.5,0.4,24.8,93.8,4.8,7.8,18.3,34.8,506.0,1,0,0,55.3
sonitpur,11,27.0,21.2,0.6,0.15,19.7,78.9,11.7,2.3,3.2,2.3,34.0,0,0,0,2.6
dima_hasao,8,1001.0,69.3,0.3,0.8,18.7,84.1,2.9,16.5,18.7,20.6,550.0,1,1,1,78.5
kamrup,10,6.0,6.7,0.7,0.1,26.6,86.1,10.0,8.1,8.2,10.6,108.0,0,1,0,30.0
imphal_west,6,782.0,51.4,0.35,0.5,22.9,80.6,0.2,7.9,16.0,18.2,330.0,0,0,0,40.8
aizawl,4,1168.0,89.7,0.1,0.8,31.9,75.4,2.5,18.7,38.3,57.2,200.0,1,0,0,38.8
papum_pare,2,313.0,37.7,0.5,0.4,30.7,65.3,2.9,2.4,5.3,7.2,69.0,0,0,0,5.4
papum_pare,8,393.0,46.6,0.5,0.4,19.7,90.6,4.6,31.2,44.4,63.2,506.0,1,0,0,63.2
west_tripura,5,-2.0,6.6,0.75,0.05,23.7,90.8,11.9,41.9,87.4,84.8,294.0,0,1,1,89.0
papum_pare,7,380.0,42.3,0.5,0.4,25.8,85.6,7.8,28.8,70.8,78.2,575.0,1,0,0,74.5
sonitpur,3,107.0,19.5,0.6,0.15,32.9,67.7,0.8,8.2,8.2,9.4,85.0,0,0,0,5.6
kamrup,1,62.0,18.9,0.7,0.1,21.3,70.8,7.0,1.3,2.9,3.6,36.0,0,0,0,6.7
east_khasi,8,1557.0,49.7,0.2,0.7,18.2,71.4,8.6,12.7,29.2,31.7,484.0,1,0,1,68.7
sonitpur,2,68.0,14.9,0.6,0.15,35.0,68.9,13.0,1.6,2.7,5.3,51.0,0,1,0,5.0
dima_hasao,9,889.0,56.2,0.3,0.8,21.9,80.3,2.2,6.7,7.3,8.9,375.0,1,0,1,69.9
cachar,7,64.0,18.5,0.65,0.2,22.5,80.0,7.3,17.3,16.0,23.6,550.0,1,1,0,46.9
kohima,6,1393.0,74.7,0.15,0.85,32.0,67.2,12.1,38.9,59.7,106.0,418.0,1,1,1,88.1
papum_pare,12,348.0,37.0,0.5,0.4,19.8,69.0,4.8,0.0,0.0,0.0,23.0,0,0,0,0.0
west_tripura,9,33.0,0.0,0.75,0.05,32.6,69.7,4.8,15.5,16.3,15.4,315.0,1,1,1,72.4
dimapur,10,160.0,13.8,0.4,0.2,34.2,95.2,24.0,6.4,10.4,18.3,96.0,0,0,0,15.9
west_tripura,12,16.0,11.1,0.75,0.05,28.4,90.6,23.0,0.1,0.1,0.1,21.0,0,0,0,0.0
cachar,7,31.0,26.6,0.65,0.2,25.3,96.3,2.4,28.6,45.5,61.2,550.0,1,1,1,95.6
papum_pare,2,396.0,39.6,0.5,0.4,27.3,80.2,0.8,3.2,4.2,3.8,69.0,0,0,0,10.3
kohima,10,1404.0,69.6,0.15,0.85,28.4,95.7,11.1,4.3,6.3,7.1,114.0,0,1,0,22.3
dimapur,5,87.0,27.9,0.4,0.2,28.8,89.4,0.3,20.9,31.5,40.1,224.0,1,1,1,59.3
kamrup,12,122.0,16.0,0.7,0.1,18.6,77.9,30.9,0.4,0.4,0.3,18.0,0,0,0,12.1
west_khasi,4,1408.0,60.2,0.25,0.75,29.7,80.3,4.8,12.4,27.4,21.8,280.0,0,0,0,23.8
kohima,8,1488.0,74.9,0.15,0.85,18.9,74.4,4.1,10.8,10.5,8.2,418.0,1,1,1,70.7
dima_hasao,6,953.0,65.8,0.3,0.8,21.1,75.4,4.4,4.0,9.5,16.6,550.0,1,0,1,77.5
sonitpur,11,113.0,20.9,0.6,0.15,23.8,69.2,5.1,0.5,0.7,1.0,34.0,0,0,0,6.9
west_khasi,9,1356.0,65.3,0.25,0.75,34.7,92.7,11.6,5.9,13.9,11.6,420.0,1,0,1,73.3
papum_pare,6,325.0,39.4,0.5,0.4,23.6,82.6,20.6,12.5,25.7,31.0,506.0,1,0,1,70.2
kamrup,7,-47.0,16.8,0.7,0.1,25.4,60.8,6.6,5.0,11.9,8.6,450.0,1,1,1,60.0
east_khasi,4,1488.0,51.0,0.2,0.7,21.4,70.9,1.8,16.8,28.6,41.9,220.0,1,0,0,34.8
sonitpur,8,116.0,9.3,0.6,0.15,22.5,61.5,3.6,31.8,55.7,57.5,374.0,1,1,1,95.2
sonitpur,11,84.0,4.7,0.6,0.15,27.9,96.0,0.7,0.8,0.9,1.1,34.0,0,1,0,3.2
dima_hasao,11,847.0,71.5,0.3,0.8,24.5,91.8,34.2,1.5,1.9,2.1,50.0,0,0,0,0.0
papum_pare,10,382.0,44.5,0.5,0.4,31.8,89.7,2.4,1.8,3.7,5.2,138.0,0,1,1,32.8
kamrup,1,-20.0,8.6,0.7,0.1,22.4,68.6,6.6,1.5,1.6,3.0,36.0,0,0,0,2.4
west_khasi,4,1377.0,57.5,0.25,0.75,30.5,65.3,33.9,20.6,32.6,53.1,280.0,1,1,1,61.0
cachar,10,-32.0,26.3,0.65,0.2,29.7,60.7,3.7,10.1,20.9,31.0,132.0,0,0,0,30.8
dima_hasao,2,906.0,61.4,0.3,0.8,19.8,78.7,14.6,0.1,0.3,0.4,75.0,0,0,0,6.9
imphal_west,4,817.0,50.7,0.35,0.5,33.0,68.2,10.1,1.2,2.9,5.6,150.0,0,1,0,14.3
aizawl,4,1051.0,68.6,0.1,0.8,34.9,75.2,9.6,15.8,25.1,35.1,200.0,0,0,0,31.7
dima_hasao,6,955.0,65.7,0.3,0.8,22.3,79.7,0.2,6.5,10.8,7.8,550.0,1,0,0,39.7
cachar,10,40.0,25.1,0.65,0.2,21.4,65.0,11.3,3.5,8.4,14.5,132.0,0,0,0,14.7
kamrup,5,-53.0,12.4,0.7,0.1,34.3,86.5,9.1,22.2,27.3,46.6,252.0,0,0,0,29.5
cachar,3,83.0,21.5,0.65,0.2,31.5,78.1,7.7,6.2,7.1,9.5,110.0,0,0,0,7.4
imphal_west,5,845.0,45.4,0.35,0.5,23.0,87.0,1.2,17.5,39.5,78.7,210.0,1,0,0,32.7
cachar,2,-15.0,18.6,0.65,0.2,27.8,92.8,6.6,3.4,8.4,6.5,66.0,0,0,0,6.8
papum_pare,1,323.0,40.2,0.5,0.4,25.3,67.5,24.2,3.8,7.5,5.3,46.0,0,0,0,0.0
cachar,1,-71.0,26.2,0.65,0.2,24.3,87.4,8.1,2.0,1.9,1.5,44.0,0,0,0,6.5
west_khasi,4,1399.0,61.6,0.25,0.75,30.2,63.2,16.7,22.8,25.4,27.5,280.0,1,0,0,41.8
aizawl,6,1169.0,74.0,0.1,0.8,24.3,65.7,8.2,39.1,34.0,24.9,440.0,1,1,1,83.9
kamrup,3,69.0,23.0,0.7,0.1,18.5,76.5,3.3,12.5,12.7,12.3,90.0,0,0,0,9.0
east_khasi,1,1509.0,51.7,0.2,0.7,33.2,91.3,1.1,1.3,3.2,5.8,44.0,0,0,0,0.0
cachar,12,-26.0,22.8,0.65,0.2,26.7,76.7,7.2,0.3,0.4,0.5,22.0,0,0,0,10.5
dimapur,9,105.0,39.3,0.4,0.2,22.0,82.3,8.5,16.2,33.9,53.1,240.0,1,1,0,58.8
sonitpur,12,77.0,12.7,0.6,0.15,34.3,62.3,5.9,0.1,0.1,0.2,17.0,0,0,0,0.0
sonitpur,8,29.0,9.0,0.6,0.15,33.5,93.1,8.2,8.2,14.9,16.5,374.0,1,0,0,34.8
kohima,6,1416.0,60.0,0.15,0.85,33.3,96.0,5.1,35.7,36.1,65.5,418.0,1,1,1,82.6
imphal_west,10,818.0,51.7,0.35,0.5,28.9,89.0,14.2,2.9,6.6,4.9,90.0,0,0,0,17.7
sonitpur,8,95.0,13.8,0.6,0.15,33.5,60.3,13.3,5.6,6.2,4.6,374.0,0,1,0,35.4
imphal_west,4,797.0,45.5,0.35,0.5,23.9,94.0,3.4,15.8,36.6,57.0,150.0,0,1,1,65.3
aizawl,1,1177.0,76.7,0.1,0.8,30.9,97.4,16.6,1.9,2.3,1.6,40.0,0,0,0,2.8
west_tripura,11,37.0,0.8,0.75,0.05,23.4,69.8,0.4,1.2,2.6,3.7,42.0,0,0,0,2.4
imphal_west,5,747.0,58.3,0.35,0.5,28.8,71.5,40.7,23.6,56.4,98.6,210.0,1,1,0,39.8
kohima,11,1526.0,66.8,0.15,0.85,26.4,61.2,9.5,1.7,2.9,4.6,38.0,0,0,0,1.2
kamrup,1,64.0,6.7,0.7,0.1,28.0,87.4,2.8,3.4,7.5,8.9,36.0,0,0,0,3.0
kohima,7,1538.0,69.6,0.15,0.85,20.8,70.0,0.4,7.2,12.0,13.4,475.0,1,1,1,69.6
dimapur,11,149.0,26.1,0.4,0.2,33.1,87.3,0.8,2.2,1.9,1.9,32.0,0,0,0,9.1
sonitpur,8,38.0,16.6,0.6,0.15,25.8,61.5,0.1,94.2,112.5,170.1,374.0,1,1,1,100.0
west_tripura,8,60.0,7.7,0.75,0.05,31.3,79.7,19.5,11.7,21.8,37.4,462.0,1,1,1,67.5
sonitpur,2,129.0,25.6,0.6,0.15,21.9,94.3,18.0,4.0,6.1,6.1,51.0,0,0,0,1.9
west_khasi,10,1315.0,55.0,0.25,0.75,26.8,65.3,7.2,3.5,5.8,7.6,168.0,1,0,0,18.2
cachar,2,138.0,17.6,0.65,0.2,26.0,74.7,4.7,3.3,6.6,10.5,66.0,0,0,0,4.7
cachar,5,-11.0,13.2,0.65,0.2,21.9,95.3,12.6,5.5,4.6,8.5,308.0,0,0,0,21.6
aizawl,11,1118.0,75.4,0.1,0.8,21.5,90.0,1.8,0.7,1.0,0.9,40.0,0,0,0,7.4
aizawl,9,1223.0,75.7,0.1,0.8,27.2,63.5,11.4,23.0,42.7,47.4,300.0,1,1,1,86.5
west_tripura,6,72.0,4.5,0.75,0.05,26.1,90.4,8.7,16.6,22.6,41.1,462.0,0,1,0,47.7
dimapur,10,183.0,17.6,0.4,0.2,20.7,89.9,41.5,1.8,2.3,4.5,96.0,1,0,0,13.1
imphal_west,5,756.0,38.0,0.35,0.5,29.6,85.4,28.5,21.7,20.5,32.4,210.0,1,0,1,58.3
kohima,9,1348.0,69.7,0.15,0.85,28.6,91.5,4.5,1.3,3.1,4.1,285.0,1,0,0,31.5
aizawl,7,1133.0,73.8,0.1,0.8,19.7,83.5,1.6,2.9,2.8,3.6,500.0,1,0,0,37.7
sonitpur,12,103.0,14.3,0.6,0.15,20.2,97.9,3.0,1.6,3.7,6.6,17.0,0,0,0,3.8
sonitpur,11,74.0,7.3,0.6,0.15,18.9,87.0,7.6,6.4,8.1,15.8,34.0,0,0,0,0.5
papum_pare,9,306.0,32.6,0.5,0.4,30.1,82.0,0.9,4.6,7.5,13.7,345.0,0,1,0,36.7
west_tripura,4,59.0,7.3,0.75,0.05,27.6,65.4,12.2,4.5,10.2,8.9,210.0,0,0,0,31.6
dimapur,8,110.0,22.9,0.4,0.2,25.4,62.7,15.4,20.6,20.2,35.7,352.0,1,0,0,51.1
dima_hasao,7,1026.0,73.0,0.3,0.8,24.5,91.1,4.6,98.8,224.8,158.0,625.0,1,1,1,100.0
west_khasi,8,1299.0,60.0,0.25,0.75,31.8,89.5,15.5,21.0,23.1,31.6,616.0,1,0,1,87.9
dimapur,7,254.0,28.2,0.4,0.2,33.2,93.7,7.8,2.8,6.9,12.6,400.0,1,0,0,26.4
west_tripura,2,-9.0,19.0,0.75,0.05,20.7,67.4,36.1,2.1,2.3,2.5,63.0,0,0,0,0.0
west_khasi,7,1362.0,57.5,0.25,0.75,22.9,95.6,17.5,55.2,117.9,118.9,700.0,1,1,1,100.0
west_khasi,11,1337.0,54.4,0.25,0.75,23.5,91.9,1.1,1.1,2.4,4.2,56.0,0,0,0,4.2
east_khasi,6,1564.0,60.3,0.2,0.7,26.5,77.3,4.2,57.7,81.8,87.8,484.0,1,1,1,96.2
cachar,11,-57.0,25.7,0.65,0.2,30.4,96.2,18.0,2.5,4.0,8.0,44.0,0,1,0,1.6
kohima,2,1393.0,60.6,0.15,0.85,33.5,66.1,4.6,2.0,3.4,6.7,57.0,0,0,0,4.9
sonitpur,2,16.0,17.0,0.6,0.15,23.0,61.9,6.7,0.4,0.7,0.9,51.0,0,0,0,0.0
sonitpur,7,61.0,12.3,0.6,0.15,33.9,83.8,3.9,1.1,2.4,1.7,425.0,0,1,0,16.7
sonitpur,12,4.0,18.7,0.6,0.15,30.6,72.1,15.9,0.0,0.0,0.0,17.0,0,0,0,0.0
west_tripura,6,125.0,12.0,0.75,0.05,25.5,84.6,6.8,3.0,5.2,5.9,462.0,0,0,0,33.0
cachar,9,31.0,19.9,0.65,0.2,27.9,62.7,22.3,9.3,14.0,23.8,330.0,1,1,1,63.7
kamrup,10,97.0,11.1,0.7,0.1,28.4,88.0,14.6,4.5,7.2,6.0,108.0,0,0,0,16.8
imphal_west,9,769.0,44.1,0.35,0.5,30.7,79.4,1.1,5.8,10.3,15.0,225.0,0,1,0,42.3
west_khasi,11,1386.0,60.8,0.25,0.75,30.0,92.3,5.7,0.3,0.3,0.2,56.0,0,0,0,6.6
sonitpur,7,79.0,13.7,0.6,0.15,20.2,91.3,5.3,49.1,120.9,226.3,425.0,1,1,1,100.0
west_khasi,11,1322.0,52.5,0.25,0.75,20.4,89.5,9.8,0.2,0.5,0.9,56.0,0,0,0,0.0
dimapur,12,179.0,26.1,0.4,0.2,29.2,94.6,5.2,0.5,0.6,0.6,16.0,0,0,0,0.0
kamrup,5,45.0,11.1,0.7,0.1,23.9,74.8,7.2,9.7,20.1,17.8,252.0,0,1,0,28.7
aizawl,5,1061.0,77.3,0.1,0.8,27.4,88.2,2.5,10.4,12.0,16.6,280.0,0,0,0,21.2
west_khasi,2,1408.0,61.2,0.25,0.75,33.2,78.1,29.0,5.8,7.3,10.5,84.0,0,0,0,0.0
aizawl,9,1173.0,83.3,0.1,0.8,33.0,76.9,8.9,12.5,20.0,15.2,300.0,1,0,1,72.4
dima_hasao,3,907.0,62.0,0.3,0.8,31.1,93.3,9.5,1.4,1.6,1.1,125.0,0,0,0,1.1
papum_pare,8,361.0,48.3,0.5,0.4,31.6,69.2,12.9,8.9,14.1,11.2,506.0,0,0,0,44.4
dima_hasao,2,907.0,65.9,0.3,0.8,25.5,66.3,40.2,4.9,7.0,6.6,75.0,0,0,0,4.6
west_khasi,9,1389.0,55.0,0.25,0.75,34.5,61.4,3.4,7.1,17.1,28.8,420.0,1,0,0,41.5
west_khasi,2,1331.0,64.9,0.25,0.75,25.7,66.7,10.1,5.0,7.3,8.7,84.0,0,0,0,6.9
east_khasi,10,1395.0,51.6,0.2,0.7,20.8,89.5,2.6,4.4,5.2,5.0,132.0,0,0,0,27.2
dima_hasao,7,901.0,67.1,0.3,0.8,28.3,81.2,10.5,18.7,15.5,19.4,625.0,1,0,1,82.1
imphal_west,10,777.0,50.2,0.35,0.5,31.5,84.0,8.9,2.4,4.7,4.7,90.0,0,0,0,7.6
aizawl,11,1162.0,72.0,0.1,0.8,18.1,71.4,13.8,1.1,1.3,1.3,40.0,0,0,0,8.2
papum_pare,9,402.0,44.8,0.5,0.4,30.2,73.1,15.4,1.5,1.8,1.3,345.0,1,1,1,54.2
kamrup,10,-17.0,7.6,0.7,0.1,19.6,73.3,18.2,2.8,3.9,6.7,108.0,0,0,0,13.4
papum_pare,12,338.0,41.6,0.5,0.4,33.1,86.6,2.3,2.1,4.1,6.0,23.0,0,0,0,0.0
east_khasi,1,1509.0,52.8,0.2,0.7,33.7,92.4,7.4,2.6,4.4,3.2,44.0,0,0,0,3.4
cachar,5,-10.0,20.4,0.65,0.2,32.5,77.9,20.3,34.0,64.8,85.4,308.0,0,1,0,46.9
west_tripura,5,-71.0,10.2,0.75,0.05,24.4,83.8,15.8,40.8,36.4,49.2,294.0,0,1,0,47.9
west_khasi,6,1358.0,60.6,0.25,0.75,19.5,96.8,0.4,12.8,12.6,17.1,616.0,1,1,1,85.8
kamrup,3,45.0,8.5,0.7,0.1,23.2,77.1,7.8,4.0,5.1,9.5,90.0,0,0,0,1.2
cachar,10,89.0,18.7,0.65,0.2,32.5,63.5,18.0,2.2,4.8,3.9,132.0,0,1,1,34.4
papum_pare,7,438.0,32.9,0.5,0.4,28.0,90.0,10.7,3.9,5.2,7.2,575.0,0,0,0,27.0
sonitpur,3,128.0,17.9,0.6,0.15,19.8,78.8,9.4,9.4,21.2,17.0,85.0,0,0,0,0.0
west_tripura,11,63.0,6.3,0.75,0.05,25.1,81.9,20.6,2.9,3.4,6.1,42.0,0,0,0,2.8
kamrup,2,19.0,11.0,0.7,0.1,23.8,85.8,0.6,2.9,3.9,4.3,54.0,0,0,0,6.2
west_tripura,9,4.0,0.0,0.75,0.05,32.5,72.0,7.4,8.1,16.2,23.1,315.0,0,1,1,69.3
dima_hasao,7,985.0,69.5,0.3,0.8,22.2,85.4,13.5,6.8,9.9,19.1,625.0,1,0,0,48.7
dimapur,8,190.0,26.9,0.4,0.2,24.1,71.4,2.4,20.8,37.5,69.1,352.0,1,1,0,65.8
west_khasi,3,1363.0,59.7,0.25,0.75,22.4,81.4,7.6,3.1,7.4,11.9,140.0,0,0,0,0.0
west_khasi,5,1360.0,62.6,0.25,0.75,24.1,79.5,11.3,20.1,46.1,72.7,392.0,1,0,0,25.7
west_tripura,6,57.0,2.3,0.75,0.05,32.1,60.6,3.2,19.3,20.3,26.7,462.0,0,1,1,78.0
aizawl,10,1088.0,82.1,0.1,0.8,29.8,95.1,12.5,15.5,32.8,47.4,120.0,1,0,0,37.9
sonitpur,1,128.0,10.6,0.6,0.15,28.2,95.6,1.8,2.8,6.8,7.9,34.0,0,0,0,6.7
cachar,3,13.0,20.1,0.65,0.2,23.7,79.4,7.6,0.2,0.2,0.1,110.0,0,1,0,0.0
aizawl,1,1206.0,79.1,0.1,0.8,34.9,72.5,4.8,0.6,0.7,1.2,40.0,0,0,0,7.1
papum_pare,2,334.0,30.2,0.5,0.4,31.5,61.5,4.0,2.1,3.9,7.6,69.0,0,0,0,4.3
east_khasi,8,1588.0,57.3,0.2,0.7,31.4,80.2,3.5,10.9,22.3,18.6,484.0,1,1,1,84.0
papum_pare,7,383.0,36.1,0.5,0.4,27.0,88.6,5.8,24.2,55.5,105.8,575.0,1,1,1,97.7
kohima,10,1477.0,72.6,0.15,0.85,31.2,70.9,3.9,2.9,4.5,8.2,114.0,1,0,0,31.7
kohima,7,1423.0,59.4,0.15,0.85,34.0,68.2,14.8,27.7,68.5,116.3,475.0,1,0,1,82.8
east_khasi,4,1467.0,61.6,0.2,0.7,34.0,66.8,10.9,5.9,13.1,14.4,220.0,1,0,0,28.0
imphal_west,2,828.0,52.4,0.35,0.5,21.5,78.5,0.9,0.9,1.5,1.2,45.0,0,0,0,13.4
west_khasi,7,1438.0,65.8,0.25,0.75,30.3,94.4,15.9,132.0,249.7,184.8,700.0,1,1,1,100.0
sonitpur,5,50.0,13.1,0.6,0.15,20.6,67.9,9.7,4.0,7.5,11.2,238.0,0,1,0,24.8
papum_pare,11,299.0,32.2,0.5,0.4,31.2,68.7,0.3,3.2,7.6,14.3,46.0,0,0,0,1.3
aizawl,8,1099.0,74.2,0.1,0.8,29.4,76.3,5.8,39.9,48.7,61.5,440.0,1,0,0,74.9
imphal_west,11,732.0,46.8,0.35,0.5,31.5,83.2,1.2,4.3,5.4,6.8,30.0,0,0,0,5.4
east_khasi,1,1493.0,57.8,0.2,0.7,32.9,66.5,5.5,1.4,1.7,1.7,44.0,0,0,0,3.8
dima_hasao,7,991.0,70.8,0.3,0.8,23.6,96.2,0.3,39.5,91.9,172.1,625.0,1,1,1,98.7
aizawl,1,1143.0,74.4,0.1,0.8,33.2,85.6,2.3,1.9,2.9,4.8,40.0,0,0,0,0.0
kamrup,4,18.0,7.1,0.7,0.1,22.5,69.3,33.8,8.3,18.3,30.9,180.0,0,0,0,12.3
east_khasi,4,1557.0,49.4,0.2,0.7,18.2,77.4,1.4,8.9,18.1,13.7,220.0,1,1,1,52.3
cachar,5,50.0,14.2,0.65,0.2,25.9,96.2,29.0,1.1,1.1,1.5,308.0,0,0,0,22.1
east_khasi,6,1518.0,50.1,0.2,0.7,18.8,95.9,3.8,22.4,39.9,39.9,484.0,1,1,0,56.9
sonitpur,1,60.0,17.6,0.6,0.15,32.6,75.3,5.1,1.4,1.9,1.8,34.0,0,0,0,0.0
kohima,12,1367.0,73.3,0.15,0.85,32.7,74.9,0.0,2.8,2.9,2.7,19.0,0,0,0,4.1
dimapur,3,122.0,26.1,0.4,0.2,30.9,74.1,2.8,3.6,7.5,9.4,80.0,0,0,0,10.8
cachar,7,108.0,16.9,0.65,0.2,25.4,94.9,6.0,74.3,90.0,156.4,550.0,1,1,1,100.0
imphal_west,12,784.0,57.1,0.35,0.5,18.8,91.1,45.9,0.9,1.1,1.5,15.0,0,0,0,2.7
dima_hasao,9,892.0,64.2,0.3,0.8,29.7,72.3,7.9,29.1,35.8,60.6,375.0,1,1,0,57.8
imphal_west,11,781.0,51.9,0.35,0.5,20.0,75.8,0.8,1.3,2.2,2.6,30.0,0,0,0,0.0
west_khasi,2,1404.0,57.8,0.25,0.75,22.4,95.8,7.6,6.0,10.1,16.4,84.0,0,0,0,0.0
dimapur,12,115.0,24.4,0.4,0.2,31.9,79.3,6.8,0.8,1.9,2.5,16.0,0,0,0,7.1
kamrup,7,-1.0,14.1,0.7,0.1,25.0,60.7,19.8,14.9,33.0,61.5,450.0,1,1,0,52.1
kamrup,8,118.0,7.5,0.7,0.1,22.0,63.1,9.9,7.3,17.0,31.1,396.0,1,1,1,56.0
sonitpur,6,109.0,10.5,0.6,0.15,21.7,97.9,5.7,4.5,10.1,7.8,374.0,0,0,0,32.9
aizawl,7,1203.0,80.8,0.1,0.8,20.8,75.3,4.2,12.3,21.5,31.2,500.0,1,0,1,75.0
aizawl,7,1115.0,78.5,0.1,0.8,27.3,62.0,5.1,13.4,28.7,40.5,500.0,1,1,1,76.9
west_tripura,11,-56.0,3.2,0.75,0.05,32.5,74.5,13.5,0.9,0.7,1.1,42.0,0,0,0,9.5
dimapur,5,177.0,34.2,0.4,0.2,19.2,81.7,14.1,13.0,10.8,10.6,224.0,0,1,0,22.8
sonitpur,7,89.0,10.2,0.6,0.15,28.1,86.9,17.9,40.5,94.8,128.8,425.0,1,1,1,98.9
kamrup,6,105.0,14.9,0.7,0.1,34.2,66.9,12.9,14.1,33.9,47.9,396.0,0,1,0,52.0
cachar,10,-22.0,18.6,0.65,0.2,32.8,76.4,16.5,12.5,18.7,19.3,132.0,0,1,0,26.2
kohima,12,1473.0,75.0,0.15,0.85,20.6,84.6,24.9,0.1,0.1,0.2,19.0,0,0,0,7.6
west_khasi,2,1336.0,66.9,0.25,0.75,31.3,85.8,6.4,4.6,6.9,5.2,84.0,0,0,0,7.2
dimapur,2,123.0,31.3,0.4,0.2,29.2,74.6,18.1,1.7,1.8,1.7,48.0,0,0,0,6.5
dima_hasao,7,958.0,63.9,0.3,0.8,18.4,89.9,3.9,8.5,9.8,19.3,625.0,1,1,1,69.0
aizawl,7,1149.0,78.1,0.1,0.8,26.3,73.0,5.4,3.1,2.8,4.8,500.0,1,0,0,39.4
imphal_west,2,776.0,61.6,0.35,0.5,25.4,87.6,3.1,1.2,2.9,5.0,45.0,0,1,0,0.0
dimapur,5,104.0,17.7,0.4,0.2,21.0,93.8,9.4,5.0,8.9,7.1,224.0,0,0,0,20.2
west_tripura,6,-6.0,11.3,0.75,0.05,29.7,60.8,4.1,10.1,18.0,32.1,462.0,0,1,1,63.7
dima_hasao,6,951.0,56.2,0.3,0.8,21.7,66.2,2.7,10.2,18.8,26.3,550.0,0,0,0,48.5
cachar,2,3.0,24.0,0.65,0.2,31.1,95.3,3.0,3.5,4.5,6.4,66.0,0,0,0,0.0
imphal_west,11,706.0,56.6,0.35,0.5,23.9,65.6,10.1,0.2,0.3,0.3,30.0,0,0,0,0.0
sonitpur,9,79.0,12.9,0.6,0.15,22.3,71.8,1.3,6.6,6.1,9.8,255.0,0,1,0,37.9
imphal_west,4,694.0,48.8,0.35,0.5,19.8,87.0,2.3,1.6,3.3,2.9,150.0,0,0,0,24.4
west_khasi,6,1354.0,64.5,0.25,0.75,23.2,97.4,16.8,10.7,14.4,18.2,616.0,1,0,1,72.1
west_tripura,11,32.0,4.6,0.75,0.05,32.3,94.6,7.1,1.1,1.8,3.1,42.0,0,0,0,0.0
cachar,4,-12.0,21.7,0.65,0.2,18.1,64.2,2.7,0.6,0.5,0.4,220.0,0,0,0,13.9
sonitpur,3,132.0,16.1,0.6,0.15,30.4,85.3,20.5,1.5,2.6,4.3,85.0,0,0,0,1.9
east_khasi,4,1457.0,48.3,0.2,0.7,20.3,75.0,1.9,22.6,26.7,35.3,220.0,0,0,0,27.5
cachar,10,5.0,15.8,0.65,0.2,19.8,96.7,28.3,8.5,7.6,5.6,132.0,0,0,0,24.8
cachar,11,-24.0,14.1,0.65,0.2,25.4,90.0,17.0,0.8,1.9,3.0,44.0,0,0,0,0.0
sonitpur,3,102.0,22.0,0.6,0.15,33.6,80.3,1.1,2.6,5.6,9.5,85.0,0,0,0,7.4
papum_pare,8,369.0,41.1,0.5,0.4,33.4,90.9,3.8,28.1,69.4,54.3,506.0,1,1,1,100.0
kohima,10,1459.0,68.0,0.15,0.85,18.3,90.7,27.9,9.0,18.7,35.2,114.0,1,1,1,45.1
aizawl,8,1130.0,70.0,0.1,0.8,31.7,76.2,10.1,21.5,47.5,91.0,440.0,1,1,1,90.5
papum_pare,10,358.0,38.0,0.5,0.4,23.1,81.3,5.1,8.7,8.6,8.8,138.0,1,0,1,45.4
papum_pare,11,434.0,39.1,0.5,0.4,19.1,97.0,11.4,5.2,10.3,8.8,46.0,0,0,0,0.0
aizawl,6,1108.0,78.2,0.1,0.8,28.3,67.7,25.2,12.4,10.1,19.3,440.0,1,1,1,75.9
papum_pare,6,377.0,38.0,0.5,0.4,19.3,66.2,4.9,6.9,13.6,19.5,506.0,1,1,1,62.5
cachar,8,-20.0,11.9,0.65,0.2,32.6,95.1,17.5,2.3,2.3,2.4,484.0,0,0,0,32.1
sonitpur,8,57.0,17.6,0.6,0.15,26.7,94.7,34.4,35.0,68.4,132.8,374.0,1,1,1,100.0
kohima,11,1373.0,77.7,0.15,0.85,30.8,63.6,3.9,4.0,3.9,4.0,38.0,0,0,0,3.4
east_khasi,5,1446.0,59.2,0.2,0.7,27.0,64.1,5.0,5.0,5.2,3.6,308.0,1,0,0,24.5
aizawl,1,1169.0,73.1,0.1,0.8,18.6,97.2,0.0,0.2,0.2,0.4,40.0,0,0,0,2.3
west_khasi,9,1388.0,59.0,0.25,0.75,25.3,93.1,6.0,31.2,53.0,101.0,420.0,1,1,1,89.9
sonitpur,5,75.0,11.6,0.6,0.15,19.2,75.2,8.6,0.9,2.0,1.8,238.0,0,0,0,14.2
kohima,8,1453.0,60.2,0.15,0.85,32.9,80.7,2.7,8.6,18.0,25.4,418.0,1,0,1,80.9
kamrup,1,75.0,9.8,0.7,0.1,19.6,75.0,40.9,3.3,5.3,8.6,36.0,0,0,0,6.8
west_khasi,5,1368.0,64.1,0.25,0.75,20.1,81.4,30.4,14.0,30.4,38.6,392.0,0,0,0,40.4
sonitpur,11,68.0,19.9,0.6,0.15,23.5,77.6,5.4,0.7,1.7,3.1,34.0,0,0,0,4.7
sonitpur,10,180.0,22.4,0.6,0.15,19.3,71.0,9.9,5.0,4.4,4.3,102.0,0,1,1,49.3
aizawl,9,1194.0,79.0,0.1,0.8,21.2,66.7,20.6,2.2,5.0,7.4,300.0,1,0,0,38.1
dimapur,8,102.0,29.8,0.4,0.2,25.3,67.1,1.2,33.1,69.2,75.2,352.0,1,1,1,100.0
aizawl,9,1136.0,76.8,0.1,0.8,30.9,73.3,6.0,9.6,20.8,35.9,300.0,1,0,1,88.0
west_tripura,1,-28.0,4.3,0.75,0.05,19.9,73.2,14.4,0.7,0.8,0.7,42.0,0,0,0,3.4
kohima,10,1416.0,68.1,0.15,0.85,29.0,61.1,0.2,6.3,6.9,9.1,114.0,1,0,1,54.0
papum_pare,4,389.0,48.4,0.5,0.4,24.7,65.9,4.7,4.0,3.3,2.6,230.0,1,0,0,30.5
west_khasi,10,1407.0,66.3,0.25,0.75,24.2,73.9,21.2,16.6,34.5,48.9,168.0,1,0,0,34.6
kohima,9,1455.0,67.2,0.15,0.85,19.2,87.1,12.1,31.5,54.6,67.6,285.0,1,1,1,100.0
cachar,1,-34.0,23.1,0.65,0.2,25.6,90.6,1.8,6.2,11.2,12.4,44.0,0,0,0,0.0
kohima,2,1421.0,75.0,0.15,0.85,34.9,97.4,10.1,0.8,1.4,1.9,57.0,0,0,0,0.0
west_khasi,12,1338.0,56.9,0.25,0.75,26.2,89.8,6.6,0.1,0.1,0.1,28.0,0,0,0,2.2
sonitpur,9,72.0,7.6,0.6,0.15,23.7,97.7,1.1,44.1,93.2,174.1,255.0,1,1,0,73.9
papum_pare,3,357.0,46.5,0.5,0.4,28.1,72.0,8.2,8.6,14.7,25.6,115.0,0,0,0,4.9
kamrup,4,5.0,10.6,0.7,0.1,28.4,64.5,25.8,4.2,3.6,4.2,180.0,0,0,0,23.0
west_tripura,8,-24.0,12.9,0.75,0.05,34.8,68.1,5.4,25.7,37.6,50.2,462.0,1,1,1,90.8
kohima,9,1402.0,68.9,0.15,0.85,22.4,93.9,6.8,7.5,18.7,24.5,285.0,1,0,0,52.4
imphal_west,10,750.0,52.7,0.35,0.5,22.7,79.2,31.9,1.9,3.5,6.7,90.0,0,0,0,24.0
cachar,6,-41.0,12.3,0.65,0.2,18.1,96.9,5.7,5.9,8.9,8.4,484.0,0,0,0,36.1
west_khasi,5,1335.0,56.2,0.25,0.75,34.8,93.5,31.4,47.7,53.9,80.7,392.0,1,1,0,59.1
dimapur,7,178.0,20.3,0.4,0.2,25.9,90.9,1.7,7.8,10.8,16.8,400.0,0,1,0,29.1
west_khasi,11,1408.0,56.6,0.25,0.75,31.2,65.5,6.2,2.2,2.5,4.4,56.0,0,0,0,4.5
aizawl,1,1156.0,73.5,0.1,0.8,18.9,75.1,4.6,0.9,1.1,2.0,40.0,0,0,0,1.8
papum_pare,11,339.0,32.9,0.5,0.4,27.8,79.0,6.7,1.7,4.0,4.4,46.0,0,0,0,7.0
west_khasi,2,1356.0,54.3,0.25,0.75,32.1,73.7,9.2,11.9,22.9,41.9,84.0,0,0,0,0.0
west_khasi,2,1367.0,64.1,0.25,0.75,19.2,61.7,2.4,2.2,2.8,5.6,84.0,0,0,0,10.4
imphal_west,11,782.0,51.9,0.35,0.5,20.6,77.7,11.4,0.7,1.7,2.1,30.0,0,0,0,9.0
dimapur,5,140.0,14.6,0.4,0.2,27.6,69.6,31.0,47.8,42.2,78.2,224.0,1,1,0,52.3
east_khasi,12,1562.0,56.0,0.2,0.7,26.6,97.9,11.9,0.3,0.3,0.2,22.0,0,1,0,0.8
papum_pare,10,317.0,42.6,0.5,0.4,26.0,76.1,3.4,2.5,2.6,2.6,138.0,0,0,0,14.1
cachar,6,86.0,14.5,0.65,0.2,30.0,85.8,3.5,3.6,6.2,9.2,484.0,0,1,0,25.5
sonitpur,10,114.0,10.9,0.6,0.15,32.5,68.4,0.7,1.6,1.5,2.7,102.0,0,1,1,42.3
papum_pare,3,428.0,42.8,0.5,0.4,19.3,97.7,10.7,1.3,1.8,1.6,115.0,0,0,0,4.0
west_khasi,5,1334.0,61.9,0.25,0.75,34.7,85.3,31.4,4.1,7.8,9.2,392.0,1,0,1,54.9
papum_pare,12,372.0,40.4,0.5,0.4,25.2,83.0,0.6,0.7,1.0,2.1,23.0,0,1,0,7.6
papum_pare,7,333.0,39.3,0.5,0.4,21.2,67.3,10.6,0.4,0.3,0.4,575.0,1,0,0,23.8
cachar,10,36.0,22.3,0.65,0.2,34.1,68.3,3.0,0.6,0.6,0.7,132.0,0,0,0,11.7
west_tripura,2,86.0,13.3,0.75,0.05,29.3,83.3,7.6,2.1,2.2,2.3,63.0,0,0,0,6.6
east_khasi,9,1522.0,49.3,0.2,0.7,30.3,62.3,8.7,38.4,55.8,95.6,330.0,1,1,1,93.8
dimapur,11,177.0,28.4,0.4,0.2,19.7,90.5,24.7,0.1,0.1,0.1,32.0,0,0,0,5.4
west_khasi,3,1437.0,61.8,0.25,0.75,19.3,61.2,11.9,7.1,10.4,13.0,140.0,0,0,0,0.0
papum_pare,12,302.0,35.6,0.5,0.4,25.7,82.9,22.6,0.7,1.1,1.9,23.0,0,0,0,9.4
west_tripura,11,22.0,11.8,0.75,0.05,23.3,69.1,4.4,4.1,9.9,9.5,42.0,0,0,0,7.1
imphal_west,2,763.0,57.6,0.35,0.5,21.7,87.4,16.6,0.1,0.3,0.4,45.0,0,0,0,0.0
papum_pare,11,260.0,38.4,0.5,0.4,24.7,66.8,3.4,0.5,1.0,2.0,46.0,0,0,0,0.6
dimapur,9,115.0,15.0,0.4,0.2,28.3,85.4,10.6,9.3,20.0,20.9,240.0,0,0,0,39.3
west_khasi,1,1391.0,55.7,0.25,0.75,23.0,89.0,13.7,0.1,0.2,0.3,56.0,0,0,0,0.0
west_khasi,5,1380.0,67.7,0.25,0.75,20.9,85.9,5.6,14.4,34.2,52.3,392.0,1,0,0,29.8
cachar,4,-10.0,19.7,0.65,0.2,26.3,69.8,14.0,19.9,47.5,41.7,220.0,0,1,0,39.1
west_khasi,8,1339.0,60.6,0.25,0.75,20.8,85.2,8.0,18.8,25.5,23.1,616.0,1,1,1,84.6
dima_hasao,4,1005.0,67.8,0.3,0.8,27.7,71.6,2.5,32.6,71.0,126.2,250.0,1,1,1,72.1
cachar,3,22.0,11.2,0.65,0.2,30.7,85.3,8.7,1.5,2.6,5.0,110.0,0,0,0,0.0
sonitpur,5,60.0,17.7,0.6,0.15,20.9,62.1,10.7,5.5,4.7,4.1,238.0,0,1,0,23.5
sonitpur,9,89.0,18.0,0.6,0.15,28.4,88.9,7.9,2.1,3.9,4.8,255.0,0,1,0,22.1
imphal_west,12,890.0,52.0,0.35,0.5,21.0,95.1,14.4,0.4,0.6,0.7,15.0,0,0,0,1.6
imphal_west,1,763.0,45.7,0.35,0.5,34.7,77.3,4.5,1.2,2.5,1.9,30.0,0,0,0,12.9
papum_pare,6,323.0,38.9,0.5,0.4,29.8,62.0,17.0,14.4,25.3,19.6,506.0,1,1,1,81.4
aizawl,3,996.0,77.4,0.1,0.8,18.9,60.1,1.1,1.7,3.1,3.3,100.0,0,0,0,6.5
aizawl,7,1110.0,75.8,0.1,0.8,24.4,64.2,4.3,5.4,11.4,8.4,500.0,1,0,0,40.9
cachar,3,17.0,12.2,0.65,0.2,22.6,92.5,8.5,13.8,20.5,19.4,110.0,0,0,0,0.0
cachar,12,-4.0,18.5,0.65,0.2,23.7,67.9,16.1,0.6,1.3,1.8,22.0,0,0,0,13.8
aizawl,3,1177.0,83.8,0.1,0.8,31.2,72.9,2.0,3.7,5.4,7.5,100.0,0,0,0,13.7
west_tripura,8,-36.0,2.7,0.75,0.05,30.8,90.5,8.1,25.4,43.8,42.4,462.0,1,1,1,90.0
kamrup,7,42.0,7.8,0.7,0.1,26.8,66.4,38.4,69.1,147.4,229.6,450.0,1,1,0,82.3
west_khasi,11,1228.0,69.4,0.25,0.75,27.4,96.8,55.6,4.7,10.0,18.6,56.0,0,0,0,3.8
west_tripura,4,-122.0,12.5,0.75,0.05,34.0,76.3,4.4,21.5,25.0,31.4,210.0,0,0,0,32.6
kohima,10,1394.0,76.7,0.15,0.85,27.5,62.2,1.9,2.4,4.5,7.4,114.0,0,1,0,17.7
east_khasi,12,1516.0,60.8,0.2,0.7,21.7,93.6,0.9,0.3,0.5,0.6,22.0,0,0,0,1.3
kohima,4,1423.0,73.8,0.15,0.85,32.0,67.6,0.6,60.0,48.4,35.6,190.0,1,0,1,78.0
imphal_west,4,752.0,52.6,0.35,0.5,23.5,97.3,12.3,5.2,12.5,21.9,150.0,1,0,1,46.1
east_khasi,8,1485.0,58.1,0.2,0.7,25.9,60.9,23.9,57.8,139.0,98.4,484.0,1,1,0,75.2
dima_hasao,6,975.0,64.3,0.3,0.8,18.7,97.0,0.2,32.5,73.9,86.9,550.0,1,1,0,72.2
papum_pare,10,233.0,33.6,0.5,0.4,34.3,84.3,18.8,7.0,14.4,13.5,138.0,0,0,0,27.4
kohima,8,1406.0,67.1,0.15,0.85,18.1,61.5,2.2,64.0,124.7,176.3,418.0,1,1,1,100.0
east_khasi,7,1512.0,64.9,0.2,0.7,25.3,84.4,30.7,16.1,30.3,53.9,550.0,1,1,1,88.0
imphal_west,9,764.0,50.5,0.35,0.5,24.9,98.0,8.7,44.8,75.3,143.5,225.0,1,1,0,79.3
dimapur,3,192.0,21.7,0.4,0.2,24.1,82.9,9.4,1.4,1.5,3.0,80.0,0,0,0,2.9
dima_hasao,10,923.0,61.1,0.3,0.8,28.6,91.0,10.6,1.5,2.6,5.0,150.0,0,0,0,14.6
cachar,5,17.0,16.0,0.65,0.2,33.4,97.9,1.8,6.8,7.4,6.2,308.0,0,1,0,18.1
kamrup,11,-21.0,12.7,0.7,0.1,28.8,74.7,24.0,0.4,0.9,1.4,36.0,0,0,0,0.0
kohima,6,1397.0,71.3,0.15,0.85,29.1,61.6,0.7,16.3,39.7,38.4,418.0,1,1,1,83.3
imphal_west,2,779.0,46.1,0.35,0.5,21.1,83.3,5.3,2.7,3.1,4.9,45.0,0,0,0,10.4
west_tripura,9,21.0,11.9,0.75,0.05,18.0,73.3,2.8,22.6,28.2,21.4,315.0,1,1,1,78.1
sonitpur,5,141.0,2.5,0.6,0.15,21.2,81.3,11.8,4.6,4.1,4.9,238.0,0,0,0,20.0
sonitpur,3,81.0,19.0,0.6,0.15,19.6,61.7,1.2,2.3,3.0,4.0,85.0,0,0,0,0.0
east_khasi,8,1535.0,60.8,0.2,0.7,24.2,62.8,8.4,75.0,182.3,326.0,484.0,1,1,1,100.0
imphal_west,3,811.0,52.4,0.35,0.5,28.7,91.9,1.6,6.5,10.8,20.5,75.0,0,0,0,7.9
dimapur,2,148.0,26.6,0.4,0.2,29.3,91.9,4.5,0.1,0.1,0.1,48.0,0,0,0,0.0
dima_hasao,8,1003.0,57.8,0.3,0.8,18.8,76.4,17.6,34.6,34.1,35.9,550.0,1,1,1,95.6
west_khasi,1,1308.0,56.6,0.25,0.75,25.5,72.9,3.5,2.4,3.9,6.5,56.0,0,0,0,6.1
dimapur,1,141.0,21.3,0.4,0.2,27.9,96.4,0.2,0.6,1.2,2.0,32.0,0,0,0,3.1
dimapur,9,181.0,18.3,0.4,0.2,29.7,76.0,19.2,14.9,20.0,28.0,240.0,1,0,0,37.2
west_khasi,4,1307.0,56.3,0.25,0.75,27.3,60.1,3.9,3.7,6.4,5.4,280.0,1,0,1,52.9
dimapur,2,188.0,25.1,0.4,0.2,28.8,80.6,26.2,1.8,4.1,6.1,48.0,0,0,0,2.5
west_khasi,4,1391.0,71.4,0.25,0.75,33.1,81.5,11.4,1.5,1.7,2.3,280.0,0,0,0,11.8
kamrup,6,57.0,17.7,0.7,0.1,34.3,66.9,3.7,13.5,17.5,19.7,396.0,1,1,0,41.8
sonitpur,12,153.0,7.1,0.6,0.15,23.2,85.8,8.3,0.4,0.8,0.6,17.0,0,0,0,0.0
papum_pare,6,386.0,38.1,0.5,0.4,29.0,60.8,12.9,58.6,72.8,133.1,506.0,1,1,1,92.6
cachar,3,-14.0,12.8,0.65,0.2,31.8,78.1,19.2,5.3,5.8,10.4,110.0,0,0,0,14.1
kamrup,5,29.0,2.8,0.7,0.1,20.7,87.9,5.6,12.7,26.6,21.5,252.0,0,1,0,20.1
kohima,12,1383.0,66.4,0.15,0.85,27.3,78.3,0.5,2.1,1.9,1.7,19.0,0,0,0,10.4
cachar,12,67.0,17.6,0.65,0.2,32.3,64.6,2.4,1.2,2.7,2.5,22.0,0,0,0,5.4
kohima,8,1408.0,67.7,0.15,0.85,23.9,89.4,3.0,24.5,55.8,96.8,418.0,1,1,1,86.2
aizawl,1,1098.0,81.9,0.1,0.8,31.2,92.5,5.7,1.0,2.4,2.7,40.0,0,0,0,2.0
sonitpur,1,65.0,19.4,0.6,0.15,31.3,82.7,22.4,1.5,3.2,3.1,34.0,0,1,1,21.5
east_khasi,4,1616.0,59.7,0.2,0.7,21.1,73.7,14.0,51.3,65.5,128.9,220.0,1,0,1,79.8
cachar,9,-9.0,17.0,0.65,0.2,26.0,61.0,1.0,15.0,18.3,20.8,330.0,0,1,1,82.5
west_tripura,10,-61.0,6.2,0.75,0.05,34.9,80.2,11.5,6.0,5.8,9.9,126.0,0,1,1,51.8
imphal_west,7,740.0,47.7,0.35,0.5,24.3,86.9,2.6,8.8,21.0,17.3,375.0,1,1,0,49.0
sonitpur,5,126.0,19.3,0.6,0.15,28.1,78.8,29.1,9.5,20.6,23.3,238.0,1,0,0,23.5
dima_hasao,5,960.0,66.1,0.3,0.8,20.2,92.6,8.2,5.5,8.3,8.4,350.0,1,0,1,51.1
sonitpur,1,55.0,21.1,0.6,0.15,23.1,77.5,2.9,4.2,6.2,7.6,34.0,0,0,0,1.8
dima_hasao,7,1018.0,66.6,0.3,0.8,32.6,63.9,4.3,35.5,63.5,90.1,625.0,1,1,1,96.3
papum_pare,10,456.0,45.9,0.5,0.4,26.8,62.4,4.4,1.4,3.0,2.5,138.0,0,0,0,21.0
kohima,2,1409.0,69.7,0.15,0.85,33.9,80.0,7.7,5.4,5.7,4.2,57.0,0,0,0,9.0
sonitpur,8,6.0,12.8,0.6,0.15,31.0,71.2,0.2,3.1,3.2,3.1,374.0,0,0,0,34.1
aizawl,9,1113.0,64.4,0.1,0.8,21.2,67.5,6.4,4.2,3.7,7.1,300.0,1,0,0,39.2
kamrup,11,51.0,20.4,0.7,0.1,33.1,72.4,1.4,0.5,0.7,1.0,36.0,0,0,0,2.4
imphal_west,10,853.0,47.4,0.35,0.5,25.7,75.5,6.9,1.6,3.6,5.3,90.0,0,0,0,23.8
dima_hasao,12,1029.0,71.2,0.3,0.8,26.1,84.5,8.2,1.2,2.3,3.2,25.0,0,0,0,0.8
cachar,5,-39.0,27.5,0.65,0.2,28.0,96.9,4.5,4.3,3.4,4.9,308.0,1,0,1,42.1
dimapur,1,125.0,23.7,0.4,0.2,32.9,76.9,3.4,1.5,3.0,3.9,32.0,0,0,0,1.8
aizawl,6,1146.0,79.9,0.1,0.8,32.3,79.5,15.6,8.3,20.0,36.1,440.0,1,1,0,44.8
dima_hasao,10,961.0,64.5,0.3,0.8,20.9,84.0,0.9,5.1,4.4,7.4,150.0,1,1,0,28.7
dimapur,3,130.0,29.4,0.4,0.2,27.5,69.4,37.8,2.8,4.4,3.7,80.0,0,0,0,9.3
papum_pare,11,338.0,48.2,0.5,0.4,31.4,71.9,0.9,0.5,0.6,0.8,46.0,0,0,0,0.1
sonitpur,9,62.0,17.6,0.6,0.15,34.3,90.0,12.9,3.0,4.2,4.7,255.0,0,1,1,55.7
west_khasi,2,1385.0,55.7,0.25,0.75,23.4,97.7,11.3,4.5,8.6,7.1,84.0,0,0,0,0.1
imphal_west,9,756.0,47.0,0.35,0.5,21.1,77.7,0.1,9.6,13.1,23.1,225.0,0,0,0,44.0
imphal_west,9,820.0,53.4,0.35,0.5,21.2,81.6,16.8,1.0,1.8,3.1,225.0,0,0,0,39.3
imphal_west,1,826.0,51.7,0.35,0.5,24.0,70.7,3.0,1.8,4.5,3.2,30.0,0,0,0,0.0
dimapur,8,174.0,25.4,0.4,0.2,31.0,93.3,19.1,5.1,6.3,9.5,352.0,0,0,0,38.3
kamrup,11,72.0,11.4,0.7,0.1,23.0,64.7,16.4,0.2,0.4,0.4,36.0,0,0,0,0.0
dimapur,6,178.0,17.8,0.4,0.2,22.2,97.0,5.1,18.6,18.7,17.4,352.0,1,1,1,61.5
east_khasi,12,1518.0,51.3,0.2,0.7,24.7,83.7,33.0,0.2,0.3,0.6,22.0,0,0,0,8.9
kamrup,6,60.0,6.2,0.7,0.1,20.2,86.6,6.1,6.5,7.0,8.7,396.0,1,1,0,30.4
sonitpur,6,27.0,12.4,0.6,0.15,26.9,75.5,3.7,38.1,35.1,64.6,374.0,1,1,1,94.5
dima_hasao,12,966.0,69.2,0.3,0.8,25.8,89.7,3.7,2.0,2.5,3.7,25.0,0,0,0,10.0
papum_pare,11,362.0,34.1,0.5,0.4,29.1,63.9,2.9,6.9,11.3,14.7,46.0,1,0,0,6.3
sonitpur,10,92.0,10.2,0.6,0.15,33.8,81.0,11.9,7.4,16.4,17.7,102.0,0,1,1,48.0
west_tripura,6,43.0,13.9,0.75,0.05,33.7,61.4,19.4,42.1,70.5,83.9,462.0,1,1,0,72.8
cachar,1,4.0,15.0,0.65,0.2,30.5,95.2,5.9,1.4,2.9,5.1,44.0,0,0,0,0.0
west_khasi,9,1330.0,65.6,0.25,0.75,28.5,67.0,11.4,47.2,43.4,85.6,420.0,1,1,1,100.0
west_khasi,11,1354.0,64.7,0.25,0.75,33.6,63.0,5.6,0.3,0.3,0.3,56.0,0,0,0,0.7
cachar,11,-47.0,19.1,0.65,0.2,22.6,81.9,27.1,1.1,2.1,2.5,44.0,0,0,0,3.1
kohima,12,1395.0,65.6,0.15,0.85,23.6,60.3,2.2,1.5,1.7,2.5,19.0,0,0,0,0.0
kohima,11,1484.0,68.2,0.15,0.85,21.2,73.7,19.8,0.2,0.2,0.3,38.0,0,0,0,2.3
cachar,3,-59.0,25.2,0.65,0.2,26.3,90.0,24.8,0.4,0.4,0.6,110.0,0,0,0,1.6
sonitpur,12,95.0,16.8,0.6,0.15,34.1,60.7,33.6,1.3,1.6,1.5,17.0,0,0,0,0.7
kohima,1,1428.0,76.4,0.15,0.85,18.3,62.4,1.0,1.7,2.3,3.6,38.0,0,0,0,0.0
east_khasi,4,1495.0,59.9,0.2,0.7,18.4,65.8,9.9,5.8,9.8,8.6,220.0,1,0,1,46.8
kamrup,4,53.0,18.6,0.7,0.1,28.0,68.5,18.8,9.5,13.9,21.8,180.0,0,0,0,23.3
kamrup,6,66.0,14.6,0.7,0.1,34.4,72.3,16.0,12.7,26.5,48.9,396.0,1,1,0,41.0
east_khasi,9,1498.0,57.6,0.2,0.7,20.1,72.4,8.3,2.6,4.9,7.2,330.0,0,1,1,69.7
dimapur,9,174.0,23.5,0.4,0.2,34.3,74.9,5.4,4.0,3.3,4.6,240.0,0,0,0,36.9
kohima,5,1464.0,62.1,0.15,0.85,23.2,89.8,3.5,16.0,32.8,35.3,266.0,0,1,0,28.5
kamrup,11,58.0,14.0,0.7,0.1,24.0,62.4,42.7,1.4,1.8,2.0,36.0,0,0,0,1.7
dima_hasao,5,930.0,64.6,0.3,0.8,19.9,85.0,3.3,19.6,40.0,63.9,350.0,1,0,0,34.3
west_khasi,1,1407.0,54.3,0.25,0.75,23.9,86.8,7.7,0.2,0.3,0.5,56.0,0,0,0,0.0
papum_pare,6,376.0,43.3,0.5,0.4,32.8,75.6,1.9,3.8,4.1,6.3,506.0,0,0,0,36.1
east_khasi,2,1586.0,52.4,0.2,0.7,23.3,93.1,1.9,0.2,0.4,0.5,66.0,1,0,0,0.0
west_khasi,7,1319.0,58.6,0.25,0.75,28.0,62.9,3.0,94.2,215.8,240.6,700.0,1,1,1,92.9
dimapur,12,189.0,13.4,0.4,0.2,25.1,62.3,6.7,2.8,3.6,5.5,16.0,0,0,0,6.9
kohima,7,1425.0,73.2,0.15,0.85,28.9,77.4,20.0,34.6,75.4,132.4,475.0,1,1,1,91.8
west_khasi,3,1414.0,56.7,0.25,0.75,25.5,79.7,7.4,4.7,9.4,18.5,140.0,1,1,1,42.8
kohima,12,1453.0,69.5,0.15,0.85,33.2,95.3,37.3,0.1,0.2,0.2,19.0,0,0,0,10.7
kohima,6,1441.0,68.0,0.15,0.85,25.2,97.8,1.0,2.1,1.9,3.1,418.0,0,0,0,44.7
imphal_west,5,785.0,56.4,0.35,0.5,19.4,76.4,17.6,3.7,9.0,8.0,210.0,0,1,0,21.1
sonitpur,12,152.0,5.3,0.6,0.15,21.3,67.7,2.1,0.5,0.5,0.6,17.0,0,0,0,1.8
dimapur,2,189.0,21.4,0.4,0.2,29.7,62.6,19.7,2.8,5.4,7.0,48.0,0,1,1,31.1
dimapur,10,145.0,27.9,0.4,0.2,20.6,84.7,0.9,0.0,0.0,0.1,96.0,0,1,1,31.9
cachar,9,71.0,21.7,0.65,0.2,24.7,84.8,5.8,3.8,4.6,4.5,330.0,1,1,0,32.8
east_khasi,6,1486.0,54.0,0.2,0.7,25.0,74.1,3.5,21.1,52.4,97.0,484.0,1,1,0,56.7
sonitpur,2,24.0,13.8,0.6,0.15,21.1,65.4,29.0,1.2,1.9,2.1,51.0,0,0,0,0.0
west_khasi,11,1381.0,58.4,0.25,0.75,34.7,72.5,20.9,1.2,1.2,1.5,56.0,0,0,0,8.6
east_khasi,5,1605.0,55.7,0.2,0.7,31.3,93.2,12.3,69.8,147.2,287.1,308.0,1,1,0,65.7
kohima,10,1464.0,75.3,0.15,0.85,23.1,65.7,17.7,0.2,0.5,0.7,114.0,0,0,0,22.4
west_tripura,7,-11.0,7.6,0.75,0.05,28.7,79.2,7.5,0.2,0.5,0.4,525.0,1,0,0,29.3
cachar,12,94.0,20.3,0.65,0.2,28.4,68.5,9.5,0.6,1.1,1.9,22.0,0,0,0,6.4
kohima,6,1449.0,65.7,0.15,0.85,19.7,74.5,14.7,63.1,108.2,170.2,418.0,1,1,1,100.0
kohima,1,1421.0,65.6,0.15,0.85,23.5,76.1,1.6,1.1,2.1,2.4,38.0,0,0,0,8.2
west_tripura,6,-56.0,0.9,0.75,0.05,20.9,78.0,35.5,18.2,44.0,81.6,462.0,1,1,0,53.9
aizawl,7,1147.0,78.9,0.1,0.8,23.3,94.4,8.8,1.0,2.5,2.9,500.0,0,1,0,37.9
east_khasi,11,1485.0,55.6,0.2,0.7,34.5,70.0,2.4,1.1,1.8,3.5,44.0,1,0,1,25.4
kamrup,2,64.0,11.5,0.7,0.1,32.8,88.4,2.5,4.9,5.6,6.3,54.0,0,0,0,1.1
papum_pare,11,324.0,39.8,0.5,0.4,33.3,61.9,7.4,1.0,1.5,2.6,46.0,0,0,0,5.6
dimapur,6,180.0,25.9,0.4,0.2,24.7,66.5,6.8,24.9,24.3,24.3,352.0,1,0,0,59.1
imphal_west,12,854.0,49.1,0.35,0.5,23.9,75.2,4.5,1.6,1.8,2.4,15.0,0,0,0,10.5
papum_pare,3,289.0,39.7,0.5,0.4,32.7,72.4,4.0,0.9,1.7,1.8,115.0,0,0,0,4.5
kamrup,3,77.0,14.9,0.7,0.1,29.1,71.7,1.4,3.3,6.1,8.8,90.0,0,0,0,13.2
aizawl,11,1145.0,77.2,0.1,0.8,26.0,91.5,6.0,0.1,0.2,0.1,40.0,0,0,0,4.9
kohima,1,1420.0,68.1,0.15,0.85,23.7,97.5,7.4,1.4,3.2,3.7,38.0,0,0,0,10.3
cachar,2,-14.0,15.9,0.65,0.2,28.0,63.4,13.2,1.4,3.6,3.3,66.0,0,0,0,16.8
dima_hasao,11,971.0,67.8,0.3,0.8,22.3,63.4,3.2,1.3,3.1,2.8,50.0,0,0,0,0.0
west_khasi,6,1415.0,67.7,0.25,0.75,27.1,93.6,2.9,56.7,110.6,177.8,616.0,1,1,1,97.2
dimapur,10,167.0,20.9,0.4,0.2,26.8,72.6,3.2,2.2,5.1,6.7,96.0,0,0,0,19.3
kamrup,10,93.0,20.0,0.7,0.1,29.9,84.3,7.6,1.1,1.4,1.7,108.0,0,0,0,19.8
cachar,11,-22.0,25.3,0.65,0.2,27.3,68.3,7.8,4.7,8.7,15.3,44.0,0,0,0,0.0
kohima,6,1386.0,73.4,0.15,0.85,23.6,80.4,1.5,86.8,193.5,334.0,418.0,1,1,1,100.0
west_khasi,8,1316.0,62.8,0.25,0.75,31.5,66.5,0.4,21.3,48.7,40.9,616.0,1,0,0,63.4
sonitpur,10,106.0,13.6,0.6,0.15,34.2,74.1,17.7,0.9,1.3,2.2,102.0,0,1,0,11.6
cachar,9,90.0,29.7,0.65,0.2,28.9,97.8,0.1,2.3,3.4,3.3,330.0,0,1,0,23.9
west_khasi,7,1407.0,58.9,0.25,0.75,27.4,71.7,7.6,2.0,3.0,2.3,700.0,1,0,1,54.3
west_khasi,11,1304.0,62.4,0.25,0.75,26.8,95.4,26.9,6.9,15.6,22.6,56.0,0,1,1,33.1
east_khasi,4,1478.0,53.5,0.2,0.7,19.9,76.5,6.1,9.9,21.5,27.0,220.0,0,0,0,27.6
sonitpur,1,89.0,19.9,0.6,0.15,31.1,79.6,9.4,1.3,2.2,2.8,34.0,0,0,0,0.0
west_tripura,3,78.0,0.0,0.75,0.05,32.6,93.0,6.4,21.0,23.9,18.7,105.0,0,0,0,5.0
kohima,9,1429.0,77.5,0.15,0.85,34.3,93.4,8.7,9.3,21.0,39.2,285.0,1,0,1,77.0
dimapur,9,131.0,28.9,0.4,0.2,21.6,91.8,3.4,5.4,10.1,16.0,240.0,0,0,0,27.7
sonitpur,5,-4.0,14.5,0.6,0.15,27.5,71.0,17.6,33.5,34.9,27.6,238.0,0,1,0,31.1
east_khasi,12,1488.0,45.1,0.2,0.7,23.7,60.1,3.7,0.5,0.4,0.6,22.0,0,0,0,0.0
kohima,4,1532.0,67.1,0.15,0.85,26.8,90.8,5.6,9.5,20.5,26.4,190.0,1,0,1,48.1
aizawl,5,1133.0,71.6,0.1,0.8,31.6,89.9,4.5,6.2,7.4,10.8,280.0,1,0,0,24.6
west_tripura,8,30.0,13.7,0.75,0.05,32.7,79.2,11.5,32.0,36.2,47.4,462.0,1,1,1,100.0
dima_hasao,2,860.0,69.5,0.3,0.8,20.1,76.0,2.2,0.2,0.3,0.4,75.0,0,0,0,0.0
cachar,2,147.0,12.8,0.65,0.2,18.6,91.1,2.2,0.1,0.2,0.3,66.0,0,0,0,3.5
kohima,3,1391.0,72.7,0.15,0.85,19.3,62.6,7.7,3.0,2.9,5.0,95.0,0,0,0,2.3
west_tripura,8,-68.0,9.5,0.75,0.05,26.6,61.2,0.7,29.0,63.2,81.4,462.0,1,1,1,100.0
sonitpur,11,130.0,13.1,0.6,0.15,30.6,94.5,25.4,0.8,1.6,2.2,34.0,0,0,0,17.7
west_khasi,11,1373.0,62.9,0.25,0.75,26.5,81.3,4.1,0.4,0.6,0.5,56.0,0,0,0,1.4
west_khasi,12,1381.0,58.7,0.25,0.75,18.8,76.8,6.0,0.6,0.6,1.2,28.0,0,0,0,0.0
sonitpur,9,81.0,22.9,0.6,0.15,32.2,83.1,4.9,11.4,23.0,42.7,255.0,0,1,0,44.8
imphal_west,5,874.0,57.3,0.35,0.5,35.0,78.7,2.3,4.2,6.4,9.4,210.0,1,0,0,32.0
east_khasi,3,1560.0,58.2,0.2,0.7,24.4,88.9,6.0,1.6,2.3,4.5,110.0,0,0,0,0.0
west_tripura,12,15.0,10.3,0.75,0.05,21.0,61.9,11.5,0.5,1.1,1.7,21.0,0,0,0,0.0
west_tripura,11,32.0,7.9,0.75,0.05,27.6,79.2,2.3,0.4,0.5,0.5,42.0,0,0,0,0.0
cachar,6,7.0,21.1,0.65,0.2,19.4,89.4,1.1,28.2,35.6,63.5,484.0,1,1,1,98.9
imphal_west,4,674.0,47.2,0.35,0.5,33.6,83.1,16.5,7.8,18.7,14.1,150.0,0,0,0,31.1
sonitpur,4,77.0,19.4,0.6,0.15,24.0,78.8,20.4,7.4,7.8,9.9,170.0,0,0,0,20.4
cachar,4,10.0,17.0,0.65,0.2,25.5,60.6,1.6,1.7,3.2,3.2,220.0,1,0,1,36.4
kohima,1,1414.0,71.6,0.15,0.85,28.4,61.1,26.9,5.5,13.2,13.1,38.0,0,0,0,4.2
west_khasi,9,1364.0,58.3,0.25,0.75,20.0,69.3,1.1,23.3,37.2,44.6,420.0,1,1,1,83.2
aizawl,6,1130.0,85.6,0.1,0.8,23.2,81.2,11.1,11.2,20.3,27.2,440.0,1,1,1,74.9
kohima,9,1486.0,73.9,0.15,0.85,25.1,82.2,1.6,28.7,65.9,52.2,285.0,1,1,1,93.3
cachar,10,-36.0,22.9,0.65,0.2,27.7,61.4,7.2,14.8,13.3,19.6,132.0,1,0,0,29.1
sonitpur,2,93.0,13.1,0.6,0.15,34.7,94.6,0.3,5.0,6.9,7.2,51.0,0,0,0,5.7
east_khasi,7,1542.0,59.3,0.2,0.7,29.9,98.0,12.4,109.9,220.8,274.7,550.0,1,1,1,96.8
west_tripura,12,-113.0,14.4,0.75,0.05,28.2,69.8,4.1,0.7,1.4,1.5,21.0,0,0,0,4.2
kohima,9,1395.0,63.4,0.15,0.85,30.7,71.6,30.3,22.0,23.9,20.1,285.0,1,0,1,88.3
dimapur,7,15.0,26.9,0.4,0.2,26.7,60.4,11.2,2.5,2.8,4.7,400.0,1,0,0,26.5
aizawl,2,1239.0,73.1,0.1,0.8,31.9,94.7,2.3,0.8,1.0,1.2,60.0,0,0,0,6.4
cachar,6,69.0,18.4,0.65,0.2,31.0,65.1,0.9,16.2,24.0,41.7,484.0,0,1,0,58.1
papum_pare,2,401.0,40.6,0.5,0.4,32.7,95.7,49.2,0.4,0.4,0.5,69.0,0,0,0,0.2
kohima,8,1442.0,68.4,0.15,0.85,25.8,74.3,8.6,52.1,82.8,69.1,418.0,1,1,1,100.0
papum_pare,9,385.0,37.4,0.5,0.4,18.6,79.6,2.2,5.2,11.3,11.9,345.0,0,0,0,43.9
west_khasi,3,1397.0,53.0,0.25,0.75,32.1,81.8,6.3,11.3,21.3,33.5,140.0,0,0,0,0.0
imphal_west,11,874.0,56.3,0.35,0.5,24.9,84.7,4.4,2.1,3.0,4.0,30.0,0,0,0,0.0
aizawl,3,1099.0,80.4,0.1,0.8,32.2,86.5,11.8,6.3,15.7,18.1,100.0,0,0,0,0.0
cachar,7,-18.0,17.4,0.65,0.2,28.3,95.4,19.0,13.2,25.3,20.2,550.0,1,1,0,52.1
imphal_west,1,715.0,51.5,0.35,0.5,28.0,89.7,13.7,0.0,0.0,0.1,30.0,0,0,0,0.0
sonitpur,9,69.0,14.9,0.6,0.15,26.9,91.7,0.3,35.3,63.4,102.0,255.0,1,1,1,91.4
cachar,5,-41.0,20.9,0.65,0.2,32.2,75.0,8.3,4.9,4.0,6.5,308.0,1,0,0,18.0
cachar,3,19.0,21.6,0.65,0.2,24.8,72.1,21.8,8.0,14.5,27.6,110.0,0,0,0,3.7
west_khasi,12,1375.0,57.7,0.25,0.75,29.2,92.0,12.7,1.6,2.6,2.0,28.0,0,0,0,0.0
dima_hasao,6,854.0,68.5,0.3,0.8,20.5,91.4,3.4,8.0,12.7,23.7,550.0,1,0,0,46.1
imphal_west,5,840.0,45.4,0.35,0.5,21.3,95.4,2.9,10.2,10.9,19.5,210.0,1,0,0,28.8
sonitpur,5,11.0,15.7,0.6,0.15,20.6,75.2,6.6,4.4,8.6,14.5,238.0,0,1,0,12.5
dima_hasao,11,953.0,66.2,0.3,0.8,19.2,92.9,3.4,6.8,12.0,18.0,50.0,0,0,0,4.5
imphal_west,5,836.0,43.9,0.35,0.5,26.0,71.8,5.8,9.5,15.1,17.2,210.0,1,0,0,14.4
cachar,11,4.0,20.0,0.65,0.2,18.4,85.8,7.9,0.5,0.8,1.4,44.0,0,0,0,6.4
east_khasi,10,1526.0,56.4,0.2,0.7,18.9,89.5,9.5,6.6,13.5,24.1,132.0,1,0,0,19.8
imphal_west,2,819.0,54.2,0.35,0.5,21.6,83.3,12.8,6.9,7.7,11.4,45.0,0,0,0,3.5
imphal_west,11,739.0,59.9,0.35,0.5,24.6,90.8,5.2,0.3,0.6,0.7,30.0,0,0,0,9.9
cachar,10,52.0,19.5,0.65,0.2,21.2,71.1,15.1,9.6,13.8,18.3,132.0,0,1,1,45.4
aizawl,3,1146.0,63.9,0.1,0.8,24.2,92.2,7.7,4.7,3.8,7.6,100.0,0,0,0,1.5
cachar,11,-40.0,22.6,0.65,0.2,19.6,70.0,23.3,0.2,0.4,0.7,44.0,0,0,0,1.5
aizawl,12,1130.0,74.5,0.1,0.8,28.9,69.3,0.2,1.4,2.8,4.4,20.0,0,0,0,10.1
aizawl,6,1139.0,67.5,0.1,0.8,33.2,95.0,23.8,9.4,20.5,38.8,440.0,1,1,1,77.0
aizawl,1,1108.0,67.1,0.1,0.8,32.9,81.7,21.1,0.8,0.8,1.1,40.0,0,0,0,0.8
kamrup,2,24.0,10.3,0.7,0.1,24.8,67.8,8.0,4.3,8.9,17.1,54.0,0,0,0,3.3
kamrup,11,79.0,10.9,0.7,0.1,19.9,71.1,1.4,1.7,3.4,5.3,36.0,0,0,0,5.9
aizawl,5,1227.0,77.8,0.1,0.8,21.6,89.8,11.6,12.6,27.3,28.5,280.0,1,0,1,62.1
papum_pare,4,369.0,38.3,0.5,0.4,35.0,76.5,5.6,4.2,7.3,11.8,230.0,0,0,0,21.7
aizawl,7,1128.0,73.2,0.1,0.8,19.8,76.3,6.2,23.5,53.7,99.3,500.0,1,1,0,60.0
aizawl,11,1108.0,83.1,0.1,0.8,22.2,95.7,16.6,1.1,2.6,2.8,40.0,0,0,0,5.9
kamrup,8,-13.0,8.7,0.7,0.1,22.3,75.0,40.8,29.5,35.6,58.7,396.0,1,1,1,100.0
papum_pare,9,300.0,35.3,0.5,0.4,28.5,62.1,9.6,29.4,50.6,37.6,345.0,1,0,0,73.0
east_khasi,11,1558.0,58.7,0.2,0.7,23.5,91.2,0.1,0.8,1.4,2.7,44.0,0,0,0,4.5
east_khasi,8,1430.0,64.8,0.2,0.7,32.5,86.9,9.7,2.1,2.7,3.7,484.0,1,0,1,61.8
dima_hasao,11,911.0,71.7,0.3,0.8,18.8,82.4,8.0,0.6,0.9,1.1,50.0,0,0,0,3.2
dimapur,5,156.0,21.7,0.4,0.2,30.9,89.8,25.6,14.4,21.1,20.7,224.0,0,1,0,13.8
kohima,2,1436.0,77.6,0.15,0.85,30.1,94.9,11.0,1.2,1.8,2.2,57.0,0,0,0,3.1
west_tripura,1,-13.0,5.3,0.75,0.05,33.5,91.8,10.9,3.7,4.9,5.9,42.0,0,0,0,1.0
cachar,8,41.0,9.9,0.65,0.2,21.1,84.0,9.6,19.4,17.6,15.5,484.0,1,1,1,79.5
dimapur,8,231.0,26.2,0.4,0.2,19.7,85.9,2.9,18.1,15.5,31.0,352.0,1,1,1,64.2
kohima,4,1419.0,67.9,0.15,0.85,25.8,67.6,16.7,4.0,9.6,16.8,190.0,1,0,1,48.4
west_khasi,10,1329.0,54.7,0.25,0.75,25.4,64.3,1.5,2.7,4.8,6.2,168.0,1,0,0,18.9
cachar,6,94.0,19.8,0.65,0.2,33.9,62.5,2.1,11.3,22.1,35.9,484.0,1,1,1,63.8
west_tripura,6,60.0,10.0,0.75,0.05,25.7,64.9,16.2,1.8,3.6,3.9,462.0,0,0,0,27.4
west_tripura,6,52.0,12.6,0.75,0.05,24.2,61.7,8.9,19.8,47.4,53.1,462.0,1,1,1,83.9
dimapur,3,107.0,27.3,0.4,0.2,32.5,77.4,0.2,9.4,11.2,12.1,80.0,0,0,0,3.4
west_khasi,9,1347.0,59.2,0.25,0.75,33.7,93.2,4.2,17.4,16.2,28.2,420.0,1,0,0,46.4
imphal_west,2,849.0,50.2,0.35,0.5,29.7,73.3,7.2,0.4,0.9,0.9,45.0,0,0,0,2.6
west_khasi,4,1314.0,55.7,0.25,0.75,19.2,72.4,2.6,16.0,36.9,27.8,280.0,1,1,0,33.2
kohima,2,1367.0,67.9,0.15,0.85,31.4,64.0,18.1,0.8,1.9,3.2,57.0,0,0,0,0.2
east_khasi,8,1525.0,55.0,0.2,0.7,25.2,60.6,21.1,53.4,127.0,128.2,484.0,1,1,1,100.0
dima_hasao,3,941.0,63.4,0.3,0.8,24.3,66.6,2.9,0.2,0.2,0.2,125.0,0,0,0,8.2
sonitpur,1,23.0,8.8,0.6,0.15,29.5,78.7,14.8,0.5,0.9,0.9,34.0,0,0,0,16.8
east_khasi,7,1559.0,49.0,0.2,0.7,27.8,70.1,11.0,1.7,2.9,5.1,550.0,1,0,0,22.1
aizawl,7,1126.0,81.3,0.1,0.8,26.7,86.6,19.4,53.8,43.5,83.3,500.0,1,1,1,97.4
dima_hasao,3,971.0,75.9,0.3,0.8,30.7,80.2,9.4,2.5,6.2,6.9,125.0,0,0,0,3.3
west_khasi,10,1349.0,57.6,0.25,0.75,33.4,60.2,0.0,7.1,14.4,24.1,168.0,0,0,0,25.5
west_tripura,6,30.0,4.4,0.75,0.05,24.7,97.6,2.3,11.0,9.7,11.0,462.0,0,0,0,37.5
dima_hasao,3,993.0,70.2,0.3,0.8,25.5,90.7,7.0,4.2,8.3,7.0,125.0,0,0,0,6.0
kohima,9,1400.0,68.4,0.15,0.85,24.5,90.8,8.8,7.7,16.0,22.6,285.0,1,1,0,49.2
kohima,8,1525.0,70.8,0.15,0.85,20.6,81.5,14.5,9.3,17.6,33.4,418.0,1,0,0,48.5
east_khasi,8,1518.0,61.2,0.2,0.7,24.2,64.9,1.3,138.5,213.1,155.9,484.0,1,1,1,99.7
kamrup,2,62.0,11.4,0.7,0.1,27.7,96.7,20.8,0.3,0.2,0.3,54.0,0,0,0,2.8
dimapur,9,167.0,21.3,0.4,0.2,30.9,91.8,8.5,3.4,4.1,8.2,240.0,0,1,0,32.0
kohima,4,1439.0,75.9,0.15,0.85,34.7,78.8,5.0,11.1,16.3,30.1,190.0,0,1,0,28.5
dima_hasao,10,886.0,54.9,0.3,0.8,24.8,68.7,4.1,12.0,10.6,9.6,150.0,1,0,0,22.8
west_khasi,1,1393.0,59.4,0.25,0.75,27.0,93.8,4.8,0.8,1.1,1.5,56.0,0,0,0,0.0
kamrup,5,54.0,7.6,0.7,0.1,25.7,67.3,22.5,12.9,31.0,26.3,252.0,1,0,0,30.2
kohima,10,1546.0,62.7,0.15,0.85,27.5,81.5,3.5,2.5,5.8,11.3,114.0,1,1,1,47.1
papum_pare,11,348.0,33.0,0.5,0.4,25.2,91.7,6.5,2.1,3.9,4.7,46.0,0,0,0,4.0
kohima,5,1455.0,64.1,0.15,0.85,22.8,81.9,6.0,25.4,60.9,121.6,266.0,0,0,0,42.9
imphal_west,1,881.0,47.8,0.35,0.5,29.4,84.5,8.2,1.7,2.3,4.3,30.0,0,0,0,4.4
sonitpur,7,96.0,14.2,0.6,0.15,34.6,97.8,0.8,32.0,67.6,67.2,425.0,1,1,0,75.0
cachar,5,43.0,13.2,0.65,0.2,20.2,87.2,39.4,8.6,11.7,17.9,308.0,0,1,0,23.3
west_tripura,6,64.0,3.1,0.75,0.05,33.4,63.2,17.3,1.1,2.6,2.3,462.0,0,1,1,48.4
dimapur,6,47.0,28.7,0.4,0.2,23.1,67.6,7.8,23.3,38.5,57.3,352.0,1,1,1,83.3
kamrup,7,66.0,10.1,0.7,0.1,22.0,62.0,55.8,9.3,14.0,11.5,450.0,1,0,0,32.4
kamrup,10,69.0,14.0,0.7,0.1,29.6,72.8,4.8,8.2,20.0,29.0,108.0,0,0,0,24.0
imphal_west,4,859.0,49.2,0.35,0.5,28.8,71.1,15.7,1.8,3.0,2.8,150.0,1,0,0,15.8
west_khasi,9,1294.0,60.5,0.25,0.75,31.8,92.1,3.0,0.4,0.5,0.5,420.0,0,0,0,31.1
east_khasi,2,1502.0,51.1,0.2,0.7,23.8,84.1,8.9,1.8,3.3,4.0,66.0,0,0,0,0.0
dimapur,9,162.0,22.0,0.4,0.2,22.1,82.6,21.5,8.4,12.8,21.1,240.0,1,1,1,62.2
kohima,9,1448.0,71.2,0.15,0.85,28.8,88.4,26.3,17.5,41.9,39.5,285.0,1,1,1,87.9
east_khasi,10,1526.0,59.2,0.2,0.7,24.1,60.6,8.3,9.1,12.6,17.3,132.0,0,1,0,28.2
papum_pare,10,341.0,39.8,0.5,0.4,22.4,92.6,4.7,3.0,6.6,7.7,138.0,0,0,0,19.4
sonitpur,3,219.0,11.9,0.6,0.15,19.5,67.7,1.7,6.0,9.0,11.2,85.0,0,0,0,0.0
sonitpur,7,26.0,10.8,0.6,0.15,21.5,61.5,11.2,15.9,26.7,48.9,425.0,0,1,0,35.4
west_khasi,6,1401.0,53.9,0.25,0.75,27.9,90.2,5.6,112.3,98.6,190.8,616.0,1,1,1,99.4
imphal_west,6,856.0,39.9,0.35,0.5,29.1,86.9,15.1,11.3,26.4,29.5,330.0,0,0,0,55.9
cachar,4,-35.0,12.1,0.65,0.2,26.9,86.0,3.1,3.3,4.0,6.5,220.0,0,1,0,27.5
aizawl,9,1212.0,70.3,0.1,0.8,29.2,86.4,12.2,24.6,30.5,33.3,300.0,1,1,1,80.4
dimapur,9,109.0,26.4,0.4,0.2,33.4,75.5,18.8,33.3,73.5,133.4,240.0,1,1,0,79.1
kamrup,1,95.0,7.5,0.7,0.1,19.2,78.3,1.9,0.3,0.7,0.7,36.0,0,0,0,8.1
kamrup,3,-44.0,9.7,0.7,0.1,25.2,80.6,4.7,0.9,0.8,0.9,90.0,0,0,0,0.0
west_tripura,6,-29.0,7.3,0.75,0.05,20.8,75.0,3.8,100.1,131.5,97.3,462.0,1,1,1,98.3
kohima,9,1385.0,73.3,0.15,0.85,22.1,74.0,9.0,17.8,32.8,41.2,285.0,1,0,0,54.1
kohima,3,1461.0,67.1,0.15,0.85,27.3,78.3,25.8,4.7,7.6,14.0,95.0,0,0,0,14.4
aizawl,9,1059.0,83.9,0.1,0.8,19.8,96.5,13.9,15.0,23.2,36.7,300.0,1,0,0,59.1
cachar,6,104.0,19.4,0.65,0.2,31.8,61.0,6.0,24.3,35.3,52.8,484.0,1,1,0,65.6
aizawl,6,1192.0,71.6,0.1,0.8,20.6,96.6,29.3,2.1,2.3,2.7,440.0,1,0,0,31.3
cachar,7,52.0,30.0,0.65,0.2,26.7,94.3,23.9,0.0,0.0,0.0,550.0,0,1,0,26.6
aizawl,12,1232.0,76.4,0.1,0.8,18.8,79.2,12.0,4.0,8.2,14.8,20.0,0,0,0,6.2
east_khasi,10,1622.0,51.0,0.2,0.7,24.2,74.4,16.4,1.2,1.5,1.1,132.0,0,1,1,49.6
west_khasi,9,1458.0,66.6,0.25,0.75,29.6,96.6,2.4,31.2,46.4,76.1,420.0,1,1,1,96.1
imphal_west,9,741.0,47.3,0.35,0.5,18.8,81.8,4.1,4.8,8.1,8.1,225.0,1,0,0,35.6
kohima,12,1409.0,76.4,0.15,0.85,26.4,87.9,8.4,2.2,3.6,5.2,19.0,0,0,0,1.3
aizawl,5,1179.0,68.3,0.1,0.8,19.3,73.2,17.3,7.0,11.8,21.0,280.0,0,0,0,20.2
kohima,1,1584.0,68.1,0.15,0.85,24.7,95.8,20.5,0.7,0.6,0.5,38.0,1,0,1,30.5
west_khasi,6,1363.0,64.0,0.25,0.75,28.9,68.7,1.7,43.3,45.3,82.9,616.0,1,1,1,97.9
papum_pare,2,314.0,47.0,0.5,0.4,18.5,75.0,26.7,1.9,3.5,4.0,69.0,0,0,0,4.0
dimapur,10,175.0,22.1,0.4,0.2,26.4,87.3,3.8,1.7,3.0,4.2,96.0,0,0,0,24.8
east_khasi,12,1529.0,53.9,0.2,0.7,20.5,81.9,13.4,0.1,0.2,0.2,22.0,0,0,0,4.3
west_tripura,11,-74.0,5.4,0.75,0.05,33.8,70.0,2.6,1.4,3.4,6.5,42.0,0,0,0,6.4
kamrup,10,103.0,16.4,0.7,0.1,31.4,80.3,8.6,9.1,7.8,5.9,108.0,0,0,0,23.2
kohima,5,1369.0,70.7,0.15,0.85,33.4,90.0,24.0,23.8,40.8,56.0,266.0,0,1,0,44.5
papum_pare,10,352.0,37.5,0.5,0.4,29.6,84.1,5.6,6.5,7.4,9.7,138.0,0,1,0,25.4
aizawl,4,1209.0,76.9,0.1,0.8,21.7,80.0,2.8,1.9,3.3,5.8,200.0,0,0,0,23.1
west_tripura,1,-23.0,16.6,0.75,0.05,25.1,71.9,4.9,1.0,1.9,3.6,42.0,0,0,0,2.0
aizawl,8,1111.0,70.5,0.1,0.8,34.2,82.2,0.4,9.9,18.3,33.6,440.0,1,1,1,76.8
cachar,9,35.0,22.6,0.65,0.2,33.0,96.8,5.8,19.9,43.9,75.8,330.0,1,1,1,87.8
papum_pare,12,278.0,40.7,0.5,0.4,19.1,79.8,17.0,1.0,0.8,0.9,23.0,0,0,0,3.4
aizawl,7,1157.0,71.2,0.1,0.8,28.1,61.1,8.5,0.8,0.8,1.1,500.0,1,0,0,40.0
cachar,11,79.0,25.2,0.65,0.2,32.5,91.3,13.7,0.1,0.2,0.4,44.0,0,0,0,6.7
dima_hasao,1,928.0,63.7,0.3,0.8,30.0,97.8,11.6,0.0,0.1,0.2,50.0,0,0,0,0.0
aizawl,12,1146.0,78.4,0.1,0.8,23.1,68.1,11.0,0.5,0.9,1.6,20.0,1,0,0,0.0
sonitpur,4,131.0,16.1,0.6,0.15,26.6,90.9,13.6,4.8,5.7,5.9,170.0,0,0,0,29.4
kamrup,8,118.0,17.0,0.7,0.1,26.9,60.3,17.7,5.8,6.9,10.3,396.0,1,1,0,31.7
west_khasi,7,1373.0,63.6,0.25,0.75,29.6,96.7,4.5,6.0,9.3,10.9,700.0,1,1,1,70.8
cachar,7,72.0,22.5,0.65,0.2,32.0,85.1,1.8,16.5,22.5,43.7,550.0,1,0,1,77.3
west_tripura,4,-65.0,7.5,0.75,0.05,20.8,61.5,1.8,16.7,30.9,34.3,210.0,1,0,0,28.3
dimapur,9,119.0,23.9,0.4,0.2,26.1,67.1,1.3,15.7,13.5,15.9,240.0,0,1,0,38.5
aizawl,8,1182.0,74.5,0.1,0.8,28.3,89.1,13.5,5.0,11.5,21.7,440.0,1,0,1,73.1
west_tripura,12,-36.0,10.3,0.75,0.05,31.6,86.5,27.7,1.4,2.3,2.5,21.0,0,0,0,8.2
kamrup,12,84.0,15.0,0.7,0.1,23.0,60.3,3.5,0.4,1.0,1.7,18.0,0,0,0,0.8
cachar,9,46.0,14.3,0.65,0.2,23.4,80.4,10.8,13.1,12.6,15.0,330.0,0,1,0,48.4
dima_hasao,9,973.0,64.4,0.3,0.8,33.9,87.2,26.3,37.7,58.2,69.6,375.0,1,1,0,76.8
west_khasi,11,1349.0,57.9,0.25,0.75,30.5,70.8,3.5,1.1,1.0,1.7,56.0,0,0,0,5.9
kohima,9,1459.0,75.4,0.15,0.85,23.8,92.2,6.6,5.6,9.4,12.0,285.0,1,1,0,60.4
dimapur,6,158.0,20.8,0.4,0.2,33.5,80.0,1.5,1.6,2.8,4.0,352.0,1,1,1,49.6
cachar,8,107.0,13.7,0.65,0.2,21.8,85.6,22.5,65.4,132.3,105.9,484.0,1,1,0,86.0
imphal_west,6,740.0,48.2,0.35,0.5,23.5,81.7,2.7,7.2,12.6,18.8,330.0,0,0,0,37.8
imphal_west,6,797.0,51.4,0.35,0.5,31.5,69.7,7.5,38.7,68.4,117.4,330.0,1,1,0,73.4
papum_pare,12,414.0,32.9,0.5,0.4,18.6,91.6,18.9,1.6,1.9,2.1,23.0,0,0,0,3.7
papum_pare,11,312.0,42.1,0.5,0.4,25.3,94.3,10.5,4.1,8.4,12.8,46.0,0,0,0,2.3
west_tripura,5,-29.0,5.8,0.75,0.05,31.6,78.4,8.5,3.7,6.2,5.7,294.0,0,0,0,19.4
aizawl,8,1180.0,68.4,0.1,0.8,27.6,86.6,16.2,6.1,15.2,29.5,440.0,0,0,0,52.2
dima_hasao,4,970.0,49.6,0.3,0.8,22.0,74.1,1.6,23.7,45.9,75.8,250.0,0,0,0,46.4
east_khasi,9,1526.0,52.6,0.2,0.7,27.3,84.1,8.9,15.8,31.3,33.9,330.0,1,0,1,82.2
east_khasi,4,1490.0,46.1,0.2,0.7,21.2,60.2,12.7,6.1,7.4,5.2,220.0,0,0,0,17.9
east_khasi,5,1498.0,65.7,0.2,0.7,25.0,97.7,0.0,5.6,6.6,6.5,308.0,0,0,0,20.2
west_tripura,4,40.0,16.4,0.75,0.05,27.1,63.7,15.6,1.7,2.5,2.1,210.0,0,0,0,24.9
west_tripura,12,27.0,22.5,0.75,0.05,30.8,65.5,9.7,0.7,1.4,2.4,21.0,0,0,0,0.1
kohima,6,1460.0,76.8,0.15,0.85,27.1,95.1,9.1,19.9,27.9,20.7,418.0,1,1,1,89.5
kohima,6,1348.0,73.6,0.15,0.85,21.7,75.4,15.0,29.9,63.2,98.7,418.0,1,1,1,92.6
imphal_west,12,749.0,40.8,0.35,0.5,34.4,66.9,9.0,0.0,0.0,0.0,15.0,0,0,0,6.5
east_khasi,5,1430.0,58.9,0.2,0.7,33.3,66.7,3.5,7.6,15.8,19.0,308.0,1,0,0,27.8
sonitpur,10,60.0,13.5,0.6,0.15,24.9,79.6,13.7,3.8,5.3,5.5,102.0,0,0,0,13.6
papum_pare,9,320.0,45.3,0.5,0.4,30.2,80.8,5.9,12.0,22.4,22.4,345.0,0,1,0,54.6
dimapur,7,124.0,27.3,0.4,0.2,30.8,76.5,7.9,41.6,91.1,135.0,400.0,1,1,1,100.0
west_khasi,3,1267.0,62.4,0.25,0.75,26.5,83.1,22.8,4.9,8.2,13.5,140.0,1,0,1,21.6
east_khasi,1,1599.0,58.5,0.2,0.7,22.6,89.9,3.1,1.5,3.3,4.7,44.0,0,0,0,0.0
east_khasi,12,1488.0,51.8,0.2,0.7,31.5,69.8,5.9,0.0,0.0,0.1,22.0,0,0,0,12.3
sonitpur,6,42.0,10.4,0.6,0.15,20.6,70.2,5.0,28.4,57.5,89.3,374.0,1,1,1,99.2
kohima,11,1412.0,69.9,0.15,0.85,30.4,97.7,10.5,0.4,0.9,1.7,38.0,0,1,0,0.0
east_khasi,12,1566.0,59.7,0.2,0.7,26.2,96.7,2.8,0.3,0.8,0.9,22.0,0,0,0,5.7
kohima,4,1422.0,76.6,0.15,0.85,30.8,92.9,21.1,6.1,13.0,13.1,190.0,0,0,0,33.5
dima_hasao,9,1006.0,68.5,0.3,0.8,30.8,62.5,14.4,3.3,8.1,13.1,375.0,1,0,1,61.5
east_khasi,9,1565.0,54.1,0.2,0.7,19.3,95.0,7.6,7.1,7.6,7.6,330.0,1,0,1,54.8
west_tripura,5,20.0,5.9,0.75,0.05,18.4,65.6,0.3,5.2,12.7,15.0,294.0,1,0,0,13.0
cachar,2,-76.0,28.3,0.65,0.2,33.2,65.6,2.6,9.0,15.3,24.6,66.0,0,0,0,4.7
aizawl,12,1100.0,74.2,0.1,0.8,27.0,96.0,5.0,0.8,0.8,0.8,20.0,0,0,0,2.8
aizawl,4,1118.0,71.3,0.1,0.8,34.8,74.0,15.1,9.4,14.3,10.3,200.0,1,0,1,42.0
dima_hasao,1,973.0,61.0,0.3,0.8,20.5,82.5,22.3,1.1,2.6,4.1,50.0,0,0,0,9.2
papum_pare,9,211.0,40.4,0.5,0.4,33.7,62.1,3.1,46.3,110.1,78.2,345.0,1,1,0,85.4
dima_hasao,11,953.0,74.7,0.3,0.8,19.3,83.2,11.4,0.7,0.9,1.7,50.0,0,0,0,0.0
dima_hasao,1,1085.0,64.2,0.3,0.8,30.6,80.6,27.0,2.0,3.8,7.3,50.0,0,0,0,0.0
sonitpur,7,162.0,9.0,0.6,0.15,33.4,93.6,7.1,4.4,7.6,12.4,425.0,0,0,0,31.1
west_khasi,12,1408.0,48.8,0.25,0.75,25.7,87.1,15.7,2.1,3.7,7.4,28.0,0,0,0,2.9
kohima,2,1446.0,70.6,0.15,0.85,22.3,73.5,1.7,1.4,2.9,5.5,57.0,0,0,0,4.5
papum_pare,3,351.0,37.9,0.5,0.4,31.3,89.7,26.2,5.3,10.2,19.1,115.0,0,0,0,4.1
kamrup,9,29.0,13.5,0.7,0.1,30.4,79.0,4.6,0.4,0.3,0.3,270.0,0,1,0,14.6
cachar,7,-19.0,22.3,0.65,0.2,21.9,66.0,15.3,28.2,35.6,61.7,550.0,1,1,0,73.5
papum_pare,8,310.0,39.8,0.5,0.4,26.6,60.7,5.0,10.0,19.2,16.6,506.0,1,1,1,77.8
kohima,11,1471.0,66.5,0.15,0.85,25.2,81.4,30.1,0.9,1.8,2.1,38.0,0,0,0,3.8
dima_hasao,5,921.0,75.7,0.3,0.8,32.9,88.4,6.9,18.1,31.6,48.2,350.0,1,0,1,63.4
west_khasi,5,1305.0,53.5,0.25,0.75,23.9,64.0,31.8,33.9,43.2,59.6,392.0,0,1,1,77.9
papum_pare,1,324.0,25.2,0.5,0.4,30.1,62.3,25.1,1.9,4.3,4.1,46.0,0,0,0,2.6
sonitpur,11,89.0,9.6,0.6,0.15,18.3,87.0,12.5,1.3,2.1,3.1,34.0,0,0,0,0.0
aizawl,4,1136.0,77.1,0.1,0.8,31.1,86.8,1.3,9.8,12.6,17.1,200.0,1,0,0,24.1
imphal_west,12,818.0,54.7,0.35,0.5,19.1,82.8,1.3,0.3,0.6,0.7,15.0,0,0,0,8.5
west_tripura,1,-18.0,10.1,0.75,0.05,34.5,88.0,0.2,1.0,2.1,2.6,42.0,0,0,0,0.0
cachar,7,50.0,11.7,0.65,0.2,33.3,71.7,2.1,10.9,13.2,19.7,550.0,0,1,1,69.4
cachar,1,120.0,14.0,0.65,0.2,28.2,66.9,6.5,1.7,3.2,4.2,44.0,0,0,0,0.0
dimapur,8,120.0,16.6,0.4,0.2,24.0,61.7,43.3,0.4,0.8,1.4,352.0,0,0,0,20.0
cachar,12,50.0,23.6,0.65,0.2,23.6,87.5,9.5,0.9,1.4,1.2,22.0,0,0,0,0.1
east_khasi,1,1565.0,62.0,0.2,0.7,22.9,67.0,35.7,3.7,7.5,13.3,44.0,1,0,0,6.0
kamrup,5,13.0,13.4,0.7,0.1,18.3,69.0,3.4,1.0,1.8,2.3,252.0,0,1,0,3.4
aizawl,10,1060.0,71.4,0.1,0.8,25.6,83.2,3.8,7.7,18.1,13.3,120.0,0,0,0,26.0
sonitpur,6,55.0,26.3,0.6,0.15,22.6,83.1,1.3,39.5,42.5,33.3,374.0,1,1,0,78.7
east_khasi,8,1464.0,49.4,0.2,0.7,21.7,66.7,4.4,13.6,13.6,22.1,484.0,1,1,1,78.0
papum_pare,9,362.0,39.6,0.5,0.4,25.3,90.0,12.6,9.7,11.6,8.9,345.0,0,1,0,36.2
imphal_west,8,790.0,43.3,0.35,0.5,28.4,77.6,0.9,30.5,63.0,125.5,330.0,1,1,1,94.9
cachar,9,1.0,16.8,0.65,0.2,20.6,90.1,0.6,47.1,51.1,55.1,330.0,1,1,1,100.0
kohima,5,1440.0,65.4,0.15,0.85,26.3,75.9,3.4,11.5,13.8,14.4,266.0,0,1,0,35.4
dima_hasao,2,978.0,65.8,0.3,0.8,31.1,73.5,11.9,1.4,2.4,4.2,75.0,0,0,0,3.6
west_khasi,3,1342.0,65.4,0.25,0.75,33.4,60.8,6.4,3.4,3.1,3.6,140.0,0,0,0,6.8
west_tripura,8,-10.0,13.8,0.75,0.05,33.7,64.0,2.4,4.3,3.5,5.3,462.0,0,0,0,30.7
papum_pare,5,372.0,43.4,0.5,0.4,20.8,61.9,5.0,17.3,24.7,42.3,322.0,0,0,0,34.4
west_tripura,3,88.0,1.5,0.75,0.05,25.9,96.6,21.1,9.6,20.6,32.0,105.0,0,0,0,0.0
kamrup,12,98.0,3.7,0.7,0.1,30.9,80.2,0.7,0.8,1.2,1.2,18.0,0,0,0,0.8
west_khasi,5,1359.0,67.1,0.25,0.75,18.2,76.5,4.4,1.6,3.8,3.9,392.0,0,0,0,18.2
aizawl,11,1123.0,75.9,0.1,0.8,27.2,67.0,5.8,2.6,4.5,4.4,40.0,0,0,0,10.4
dima_hasao,3,930.0,68.6,0.3,0.8,32.5,86.9,0.3,8.4,13.5,17.5,125.0,1,0,0,11.2
aizawl,11,1165.0,78.2,0.1,0.8,29.0,75.3,6.4,2.6,5.1,9.0,40.0,0,0,0,5.3
dimapur,7,136.0,26.7,0.4,0.2,34.8,91.3,13.7,17.3,19.1,29.8,400.0,1,0,1,74.2
imphal_west,6,819.0,46.4,0.35,0.5,29.7,93.7,6.0,5.2,10.5,20.3,330.0,0,0,0,40.6
sonitpur,7,141.0,19.2,0.6,0.15,34.2,77.7,12.1,25.6,31.5,55.2,425.0,1,1,1,93.4
papum_pare,2,315.0,42.2,0.5,0.4,20.5,90.8,17.3,0.5,0.4,0.8,69.0,0,0,0,4.6
cachar,3,51.0,25.5,0.65,0.2,33.2,93.0,61.7,2.9,4.6,3.7,110.0,0,0,0,4.7
kohima,6,1335.0,75.4,0.15,0.85,23.6,77.8,11.4,10.0,9.0,14.2,418.0,1,0,1,71.2
dima_hasao,1,912.0,65.7,0.3,0.8,24.0,80.8,7.6,8.9,15.7,13.6,50.0,0,0,0,0.2
east_khasi,7,1443.0,56.4,0.2,0.7,26.6,63.2,0.5,10.3,15.6,14.2,550.0,1,0,0,49.3
dima_hasao,8,926.0,59.4,0.3,0.8,34.5,89.0,9.4,35.4,77.5,142.0,550.0,1,0,0,72.2
east_khasi,6,1511.0,64.0,0.2,0.7,24.2,88.5,20.7,13.7,20.5,27.8,484.0,1,1,1,81.8
east_khasi,10,1584.0,62.3,0.2,0.7,24.4,87.4,4.0,8.6,11.3,8.7,132.0,0,0,0,22.6
west_tripura,10,55.0,3.4,0.75,0.05,23.4,89.6,11.1,3.6,7.2,5.1,126.0,0,0,0,19.5
kamrup,5,-17.0,8.1,0.7,0.1,23.0,86.4,25.9,51.8,91.5,88.2,252.0,1,1,0,59.6
papum_pare,6,294.0,35.4,0.5,0.4,20.8,94.7,4.6,3.0,2.8,4.6,506.0,1,0,0,34.9
west_tripura,4,2.0,7.5,0.75,0.05,25.6,93.8,9.7,15.4,32.1,50.5,210.0,0,0,0,25.8
kamrup,11,8.0,16.6,0.7,0.1,29.7,72.4,9.5,0.4,0.3,0.5,36.0,0,0,0,9.6
sonitpur,8,16.0,16.9,0.6,0.15,31.2,89.8,2.6,3.5,5.7,9.5,374.0,0,1,1,50.0
east_khasi,3,1511.0,60.3,0.2,0.7,28.1,73.6,0.2,1.0,1.1,1.2,110.0,0,0,0,0.1
dimapur,11,110.0,22.8,0.4,0.2,19.1,85.5,6.2,0.2,0.2,0.2,32.0,0,0,0,0.0
imphal_west,12,740.0,48.8,0.35,0.5,29.2,79.5,0.9,2.1,3.6,6.3,15.0,0,0,0,4.9
east_khasi,12,1481.0,54.7,0.2,0.7,23.9,61.6,12.7,1.3,2.5,2.2,22.0,0,0,0,0.0
sonitpur,11,117.0,10.9,0.6,0.15,19.0,96.4,1.6,1.1,2.3,3.6,34.0,0,0,0,9.0
east_khasi,6,1507.0,59.8,0.2,0.7,30.4,78.2,3.4,13.2,25.2,34.1,484.0,1,1,0,52.9
aizawl,4,1186.0,71.9,0.1,0.8,22.4,71.7,9.1,11.8,25.1,25.3,200.0,1,0,0,34.4
dima_hasao,3,1066.0,61.7,0.3,0.8,21.5,74.6,7.9,3.1,7.5,12.7,125.0,0,0,0,5.8
kohima,3,1394.0,73.1,0.15,0.85,22.6,93.8,14.8,7.2,17.4,18.2,95.0,0,0,0,6.1
kohima,12,1464.0,69.2,0.15,0.85,19.8,72.3,1.9,0.0,0.0,0.0,19.0,0,0,0,7.5
aizawl,6,1107.0,82.0,0.1,0.8,32.1,82.4,10.9,64.3,74.1,147.1,440.0,1,1,1,100.0
dimapur,12,75.0,23.8,0.4,0.2,18.2,88.0,13.2,0.4,0.8,1.1,16.0,0,0,0,7.4
imphal_west,8,768.0,47.6,0.35,0.5,34.8,82.4,0.6,0.2,0.3,0.5,330.0,0,0,0,34.2
imphal_west,11,797.0,45.9,0.35,0.5,33.5,68.3,17.8,4.5,11.1,20.3,30.0,0,0,0,10.9
dima_hasao,4,989.0,56.8,0.3,0.8,34.0,88.5,0.0,5.9,8.4,7.4,250.0,1,0,0,28.4
papum_pare,10,372.0,36.4,0.5,0.4,20.6,97.1,2.8,4.2,8.8,11.1,138.0,0,0,0,13.5
sonitpur,9,60.0,14.1,0.6,0.15,32.8,67.0,2.6,10.4,20.1,15.7,255.0,0,1,0,52.6
kohima,9,1411.0,63.3,0.15,0.85,31.8,81.6,1.2,13.7,14.1,16.7,285.0,1,0,0,57.3
west_tripura,6,27.0,7.3,0.75,0.05,28.3,81.9,5.1,19.8,35.0,36.4,462.0,1,1,1,90.5
sonitpur,10,82.0,20.0,0.6,0.15,20.5,79.3,10.4,7.6,11.9,22.0,102.0,0,1,1,48.2
sonitpur,1,37.0,11.0,0.6,0.15,28.7,89.3,7.9,0.8,1.6,2.0,34.0,0,0,0,2.7
imphal_west,9,730.0,46.5,0.35,0.5,24.4,87.3,5.0,26.0,60.9,107.6,225.0,1,1,1,92.1
dima_hasao,10,938.0,66.2,0.3,0.8,26.8,85.6,0.5,17.5,20.8,19.7,150.0,1,0,0,27.2
imphal_west,3,788.0,62.1,0.35,0.5,30.4,89.6,33.0,0.7,1.5,1.6,75.0,0,0,0,8.5
cachar,6,110.0,17.0,0.65,0.2,26.6,78.6,4.5,1.2,2.9,5.2,484.0,0,0,0,32.3
imphal_west,8,899.0,50.5,0.35,0.5,33.0,88.5,14.2,2.0,2.9,2.6,330.0,1,0,1,54.3
sonitpur,11,47.0,17.5,0.6,0.15,20.3,72.0,3.9,2.1,4.1,5.3,34.0,0,0,0,4.3
dima_hasao,12,923.0,71.0,0.3,0.8,21.2,66.0,2.7,1.6,3.1,5.1,25.0,0,0,0,0.0
aizawl,8,1172.0,68.8,0.1,0.8,23.5,84.0,18.0,17.4,17.0,26.0,440.0,1,0,0,54.1
sonitpur,9,149.0,22.9,0.6,0.15,33.5,74.3,2.5,19.0,34.7,46.6,255.0,1,1,0,56.5
kohima,1,1394.0,71.6,0.15,0.85,33.6,71.5,13.5,0.5,1.1,1.8,38.0,0,0,0,8.4
kohima,3,1508.0,69.8,0.15,0.85,31.7,78.5,4.8,8.3,18.5,33.4,95.0,0,0,0,0.0
imphal_west,7,817.0,56.3,0.35,0.5,31.4,83.7,18.3,5.7,13.7,23.5,375.0,0,1,0,49.8
kohima,10,1437.0,75.8,0.15,0.85,27.2,83.2,60.8,2.9,5.0,4.3,114.0,1,0,0,23.6
kamrup,9,71.0,13.7,0.7,0.1,28.5,63.5,1.2,21.6,23.7,38.9,270.0,1,1,1,78.5
kohima,11,1487.0,68.0,0.15,0.85,26.8,77.6,5.1,1.5,3.0,4.8,38.0,0,0,0,1.0
east_khasi,12,1590.0,59.5,0.2,0.7,23.8,91.0,34.1,1.3,1.2,1.4,22.0,0,0,0,2.1
kamrup,7,-21.0,12.1,0.7,0.1,18.3,69.5,25.5,1.8,3.7,5.1,450.0,0,0,0,27.1
east_khasi,1,1585.0,58.9,0.2,0.7,33.6,74.7,7.0,4.8,7.6,8.1,44.0,0,1,0,0.0
west_tripura,4,-5.0,4.4,0.75,0.05,30.9,61.9,8.1,0.0,0.1,0.1,210.0,0,1,1,41.1
aizawl,2,1159.0,67.0,0.1,0.8,25.3,72.6,21.6,3.2,2.7,2.7,60.0,0,0,0,9.5
kamrup,7,22.0,15.2,0.7,0.1,27.7,71.9,13.7,20.3,43.4,72.6,450.0,0,1,0,65.6
west_khasi,12,1387.0,61.6,0.25,0.75,34.8,76.5,9.0,1.5,1.5,2.9,28.0,0,0,0,7.4
sonitpur,9,-5.0,5.9,0.6,0.15,34.6,79.5,17.8,15.0,34.7,63.8,255.0,1,0,0,53.0
kamrup,2,39.0,17.9,0.7,0.1,26.4,63.2,3.0,8.7,10.7,8.4,54.0,0,0,0,1.4
kohima,1,1487.0,71.6,0.15,0.85,28.5,86.8,17.7,1.1,2.6,4.1,38.0,0,0,0,3.8
east_khasi,7,1623.0,60.1,0.2,0.7,34.1,69.5,28.4,65.1,56.5,68.7,550.0,1,1,1,100.0
cachar,3,-1.0,24.5,0.65,0.2,19.0,65.3,6.0,22.2,43.6,85.8,110.0,0,0,0,0.0
papum_pare,12,330.0,37.4,0.5,0.4,30.7,67.1,2.7,1.0,0.9,0.8,23.0,0,0,0,2.3
papum_pare,7,407.0,32.7,0.5,0.4,34.8,71.3,0.9,63.0,147.9,123.7,575.0,1,1,1,100.0
west_khasi,7,1409.0,60.2,0.25,0.75,26.5,80.6,3.6,3.4,4.5,5.9,700.0,1,1,1,71.4
kohima,7,1474.0,72.6,0.15,0.85,26.2,60.5,5.8,10.5,17.1,32.5,475.0,1,1,1,84.1
dimapur,2,160.0,30.1,0.4,0.2,26.4,97.8,6.1,1.6,2.3,4.0,48.0,0,0,0,0.1
papum_pare,11,350.0,49.3,0.5,0.4,28.5,75.6,25.5,3.1,5.1,3.7,46.0,0,0,0,12.7
imphal_west,3,821.0,47.2,0.35,0.5,25.4,97.4,0.6,0.4,0.6,1.1,75.0,0,0,0,10.8
papum_pare,6,333.0,45.3,0.5,0.4,33.3,76.3,16.8,57.3,113.1,117.3,506.0,1,1,1,98.2
sonitpur,3,120.0,8.6,0.6,0.15,27.1,78.3,7.0,0.8,0.7,0.6,85.0,0,0,0,0.0
imphal_west,7,745.0,48.5,0.35,0.5,18.0,92.9,17.3,19.4,39.0,41.3,375.0,1,0,0,61.0
imphal_west,3,756.0,44.5,0.35,0.5,33.3,80.0,19.0,0.4,0.6,0.4,75.0,0,0,0,0.0
west_tripura,4,62.0,12.1,0.75,0.05,25.6,87.6,11.5,0.7,0.7,1.1,210.0,0,1,1,37.4
kamrup,1,3.0,4.7,0.7,0.1,28.0,95.5,4.2,0.2,0.2,0.4,36.0,0,0,0,5.3
east_khasi,8,1612.0,57.8,0.2,0.7,23.7,72.5,5.1,64.9,113.1,215.5,484.0,1,1,0,70.0
papum_pare,12,307.0,37.3,0.5,0.4,21.4,75.5,5.3,0.8,1.4,1.2,23.0,1,0,0,0.3
imphal_west,7,810.0,55.2,0.35,0.5,19.2,64.5,24.8,12.4,30.9,48.7,375.0,1,1,1,79.3
imphal_west,7,817.0,43.7,0.35,0.5,23.8,77.8,5.6,2.4,2.6,3.3,375.0,1,1,0,32.4
dima_hasao,4,989.0,68.3,0.3,0.8,32.1,95.1,10.1,8.8,18.6,18.2,250.0,1,0,1,56.5
kohima,6,1460.0,62.8,0.15,0.85,19.8,84.9,25.8,6.4,12.4,18.5,418.0,1,0,1,65.6
cachar,5,62.0,6.9,0.65,0.2,28.6,79.0,4.8,6.7,5.7,11.3,308.0,0,0,0,19.7
dima_hasao,12,985.0,58.5,0.3,0.8,22.2,97.2,17.6,2.3,2.5,1.8,25.0,0,0,0,4.1
sonitpur,1,173.0,18.0,0.6,0.15,28.6,71.6,9.6,0.5,0.9,1.0,34.0,0,0,0,2.6
papum_pare,7,334.0,44.1,0.5,0.4,34.3,70.1,3.5,36.1,35.7,37.5,575.0,1,1,1,93.8
aizawl,1,1145.0,77.3,0.1,0.8,31.3,60.8,4.8,1.6,1.6,2.8,40.0,0,0,0,5.2
dima_hasao,4,982.0,53.6,0.3,0.8,32.1,70.3,23.4,0.7,1.4,1.9,250.0,0,0,0,22.0
sonitpur,2,31.0,12.4,0.6,0.15,22.6,86.0,38.8,3.2,7.9,11.1,51.0,0,0,0,7.1
aizawl,1,1170.0,73.1,0.1,0.8,34.2,97.4,5.5,0.1,0.1,0.2,40.0,0,0,0,9.5
kohima,10,1418.0,65.8,0.15,0.85,20.7,67.8,48.2,11.7,16.5,24.9,114.0,1,0,1,50.2
papum_pare,12,360.0,46.7,0.5,0.4,30.4,78.3,7.5,0.2,0.3,0.5,23.0,1,0,0,5.1
kamrup,4,120.0,10.0,0.7,0.1,19.1,96.2,9.5,47.1,117.4,213.1,180.0,1,1,1,95.9
west_tripura,1,53.0,6.1,0.75,0.05,24.9,97.9,1.9,0.1,0.1,0.1,42.0,0,0,0,8.4
dimapur,8,123.0,24.5,0.4,0.2,25.6,95.0,8.2,0.8,0.9,1.1,352.0,0,0,0,31.3
dima_hasao,9,950.0,69.4,0.3,0.8,32.9,87.8,13.5,27.6,51.8,52.2,375.0,1,1,0,60.0
dima_hasao,1,926.0,60.6,0.3,0.8,22.4,87.9,8.0,3.6,7.3,14.5,50.0,0,0,0,0.0
cachar,9,25.0,19.2,0.65,0.2,18.1,97.5,39.4,6.8,9.8,19.3,330.0,0,1,1,63.0
east_khasi,4,1535.0,59.3,0.2,0.7,27.3,62.9,3.4,2.8,6.7,4.8,220.0,0,0,0,25.6
west_tripura,10,-41.0,17.4,0.75,0.05,31.6,89.9,2.1,4.2,9.3,14.4,126.0,0,0,0,22.0
west_khasi,10,1364.0,62.4,0.25,0.75,24.8,91.2,18.6,0.3,0.2,0.2,168.0,1,1,1,46.2
aizawl,11,1127.0,78.5,0.1,0.8,34.3,62.4,14.9,2.4,3.3,3.9,40.0,0,0,0,3.2
west_khasi,4,1352.0,59.1,0.25,0.75,27.9,70.9,13.2,17.2,29.4,50.3,280.0,0,0,0,33.8
east_khasi,3,1592.0,60.0,0.2,0.7,33.2,89.9,1.4,3.9,5.9,7.5,110.0,0,0,0,5.6
papum_pare,9,312.0,37.7,0.5,0.4,30.1,89.5,3.2,22.2,36.6,52.8,345.0,1,1,1,90.4
dima_hasao,7,976.0,61.6,0.3,0.8,22.8,94.4,2.0,14.3,24.5,30.6,625.0,1,0,1,83.5
east_khasi,5,1429.0,51.9,0.2,0.7,25.5,74.0,11.1,10.5,16.5,11.7,308.0,0,0,0,26.2
kamrup,9,-14.0,17.1,0.7,0.1,22.0,76.4,26.3,11.7,12.7,12.5,270.0,1,1,1,67.9
aizawl,12,1121.0,73.2,0.1,0.8,22.1,63.0,0.2,0.6,0.9,1.2,20.0,0,0,0,8.3
cachar,11,-39.0,19.7,0.65,0.2,24.8,75.4,1.0,0.7,1.7,2.0,44.0,0,0,0,0.0
papum_pare,7,303.0,36.2,0.5,0.4,20.1,84.5,56.8,9.9,22.6,25.8,575.0,0,1,0,42.4
imphal_west,8,889.0,41.7,0.35,0.5,25.1,84.9,1.8,4.6,10.6,20.0,330.0,1,1,1,56.6
kamrup,6,112.0,17.8,0.7,0.1,30.2,80.9,3.1,32.3,74.7,146.4,396.0,1,1,1,100.0
papum_pare,11,371.0,41.5,0.5,0.4,30.5,88.2,9.3,2.7,4.0,4.7,46.0,0,0,0,1.9
dimapur,9,114.0,20.4,0.4,0.2,26.7,78.3,13.9,5.1,11.6,8.9,240.0,0,0,0,34.2
west_khasi,12,1387.0,53.8,0.25,0.75,28.1,60.4,21.2,0.8,1.8,3.0,28.0,0,0,0,2.4
dimapur,7,134.0,28.6,0.4,0.2,20.0,65.6,2.1,27.3,37.6,43.5,400.0,1,1,1,90.2
cachar,5,14.0,30.7,0.65,0.2,31.2,67.3,8.3,58.7,131.5,169.8,308.0,1,1,1,96.9
dimapur,3,172.0,32.7,0.4,0.2,30.5,91.7,23.4,5.6,9.3,7.6,80.0,0,0,0,2.1
imphal_west,8,794.0,47.5,0.35,0.5,30.3,86.3,2.3,10.6,26.4,33.3,330.0,1,0,1,72.1
dima_hasao,4,942.0,64.8,0.3,0.8,28.2,62.0,0.8,28.3,41.1,65.6,250.0,1,1,1,74.7
east_khasi,12,1481.0,51.7,0.2,0.7,22.8,90.8,2.1,1.8,3.7,5.2,22.0,0,0,0,0.0
cachar,8,12.0,16.4,0.65,0.2,26.6,75.5,8.9,13.0,12.6,23.8,484.0,1,1,1,69.5
kamrup,9,33.0,16.9,0.7,0.1,19.9,91.7,8.8,8.9,17.6,34.1,270.0,0,1,1,62.4
dimapur,7,215.0,33.3,0.4,0.2,32.7,93.0,6.4,15.3,30.1,38.6,400.0,1,1,1,80.7
imphal_west,9,825.0,56.2,0.35,0.5,29.8,80.4,0.2,10.2,11.7,14.7,225.0,0,1,0,39.4
cachar,7,-1.0,17.5,0.65,0.2,24.5,62.4,0.7,16.8,25.1,44.8,550.0,0,1,0,47.7
dima_hasao,5,854.0,69.2,0.3,0.8,23.7,83.5,38.1,16.1,31.5,41.2,350.0,1,1,1,55.1
dima_hasao,6,966.0,56.2,0.3,0.8,18.1,75.3,1.1,11.0,11.0,14.4,550.0,1,0,1,72.1
papum_pare,2,248.0,41.9,0.5,0.4,26.5,77.8,6.9,0.2,0.4,0.6,69.0,0,0,0,0.0
kohima,6,1477.0,71.7,0.15,0.85,24.4,80.4,6.0,26.0,37.4,46.3,418.0,1,0,0,62.5
sonitpur,9,188.0,15.5,0.6,0.15,34.7,75.9,2.4,2.2,2.0,2.8,255.0,0,0,0,28.3
west_tripura,4,80.0,4.7,0.75,0.05,24.3,75.0,1.1,23.9,30.9,34.8,210.0,0,0,0,21.5
kamrup,5,57.0,14.2,0.7,0.1,19.6,83.6,3.2,9.2,12.4,18.8,252.0,0,0,0,20.5
dimapur,11,171.0,31.2,0.4,0.2,26.7,78.9,0.6,3.6,6.6,5.6,32.0,0,0,0,5.0
aizawl,10,1134.0,74.2,0.1,0.8,22.2,89.3,9.9,0.4,0.7,1.1,120.0,0,0,0,18.4
kamrup,2,29.0,17.7,0.7,0.1,23.4,89.5,26.6,6.1,8.0,11.2,54.0,0,0,0,0.0
dima_hasao,10,966.0,70.0,0.3,0.8,33.8,85.8,17.5,8.4,10.4,11.7,150.0,0,0,0,19.1
west_tripura,11,34.0,10.5,0.75,0.05,33.1,97.6,8.4,1.5,2.2,2.0,42.0,0,1,1,23.1
imphal_west,4,839.0,42.1,0.35,0.5,22.6,90.2,0.1,2.1,1.9,2.6,150.0,0,0,0,21.3
kohima,4,1456.0,67.6,0.15,0.85,27.3,84.8,9.7,14.1,28.7,33.6,190.0,1,0,1,57.2
west_khasi,5,1369.0,58.9,0.25,0.75,34.1,89.1,13.1,8.9,14.7,11.5,392.0,0,0,0,20.7
kamrup,4,29.0,13.6,0.7,0.1,18.3,86.2,1.0,7.7,17.3,15.6,180.0,0,0,0,17.0
dima_hasao,12,985.0,61.6,0.3,0.8,19.5,76.4,3.9,0.1,0.1,0.1,25.0,0,0,0,5.1
sonitpur,12,12.0,8.9,0.6,0.15,32.3,72.9,2.5,1.1,1.5,1.2,17.0,0,0,0,5.0
kohima,4,1485.0,70.6,0.15,0.85,22.6,88.7,2.7,2.9,6.8,13.1,190.0,1,0,0,25.9
west_tripura,10,-105.0,14.9,0.75,0.05,27.8,97.2,17.3,2.8,3.0,2.5,126.0,0,1,0,24.7
west_tripura,4,4.0,0.0,0.75,0.05,20.2,97.9,14.8,32.1,58.6,87.1,210.0,0,1,1,72.8
dimapur,4,197.0,32.4,0.4,0.2,19.5,88.1,3.2,9.4,21.8,19.9,160.0,0,0,0,26.1
imphal_west,6,849.0,52.5,0.35,0.5,19.5,76.8,22.1,33.5,27.9,28.4,330.0,1,1,0,64.9
east_khasi,7,1481.0,54.9,0.2,0.7,34.1,81.8,14.2,15.3,32.7,32.9,550.0,1,0,1,79.5
kohima,9,1462.0,60.9,0.15,0.85,23.9,85.2,6.6,2.7,5.5,5.2,285.0,1,0,1,60.9
papum_pare,6,378.0,32.8,0.5,0.4,33.3,88.2,35.8,3.7,5.0,5.7,506.0,1,1,1,59.1
east_khasi,5,1542.0,65.1,0.2,0.7,21.7,64.1,15.4,7.5,7.9,5.8,308.0,1,1,0,21.3
west_khasi,9,1401.0,54.9,0.25,0.75,18.8,67.7,13.9,18.2,21.9,40.7,420.0,1,0,1,82.8
kohima,8,1409.0,63.0,0.15,0.85,27.7,76.2,13.6,50.4,44.0,74.7,418.0,1,1,0,79.7
sonitpur,12,67.0,9.3,0.6,0.15,28.9,75.8,9.0,2.1,3.3,3.5,17.0,0,0,0,0.0
kohima,6,1371.0,69.9,0.15,0.85,29.8,79.3,2.8,11.2,23.9,29.6,418.0,1,0,0,54.2
dima_hasao,6,876.0,74.2,0.3,0.8,25.0,84.0,8.6,33.7,69.7,114.8,550.0,1,1,0,70.1
west_khasi,7,1387.0,58.4,0.25,0.75,33.0,91.5,10.6,11.9,22.2,19.3,700.0,1,0,0,54.7
kamrup,10,59.0,13.0,0.7,0.1,25.9,63.0,4.4,4.5,8.1,9.2,108.0,0,0,0,21.3
dima_hasao,12,930.0,60.3,0.3,0.8,23.3,61.9,17.8,0.1,0.1,0.2,25.0,0,0,0,2.2
cachar,1,109.0,23.6,0.65,0.2,21.0,78.7,11.6,3.3,4.4,7.7,44.0,0,0,0,0.0
east_khasi,9,1533.0,58.8,0.2,0.7,22.2,71.4,9.5,3.5,5.5,8.2,330.0,0,0,0,40.0
aizawl,10,1117.0,70.2,0.1,0.8,32.4,97.6,0.7,3.6,7.9,10.2,120.0,0,1,0,25.5
west_tripura,7,96.0,9.3,0.75,0.05,21.3,68.5,12.3,94.2,154.9,155.6,525.0,1,1,1,100.0
east_khasi,3,1523.0,49.1,0.2,0.7,34.2,62.3,5.0,4.2,4.1,7.1,110.0,0,0,0,7.8
dima_hasao,6,1016.0,73.4,0.3,0.8,22.1,73.1,17.9,5.9,6.9,5.3,550.0,1,0,0,44.5
dima_hasao,7,951.0,66.3,0.3,0.8,31.9,84.8,5.5,8.6,19.4,29.3,625.0,1,1,0,50.2
aizawl,4,1157.0,79.7,0.1,0.8,32.2,71.2,3.4,0.1,0.1,0.3,200.0,1,0,1,51.6
kohima,9,1391.0,80.3,0.15,0.85,24.5,91.3,4.1,23.5,34.3,61.2,285.0,1,0,0,65.6
papum_pare,11,324.0,40.1,0.5,0.4,19.1,64.3,9.1,4.6,7.8,14.9,46.0,0,0,0,0.0
west_khasi,5,1341.0,61.4,0.25,0.75,22.7,70.0,4.1,17.6,44.0,75.9,392.0,1,1,1,60.7
kohima,12,1468.0,62.2,0.15,0.85,26.8,94.6,3.9,1.7,3.6,6.3,19.0,0,0,0,0.0
papum_pare,12,321.0,33.8,0.5,0.4,18.7,83.2,12.6,2.1,2.8,4.3,23.0,0,0,0,0.0
kohima,8,1446.0,65.2,0.15,0.85,31.3,86.6,1.4,62.3,87.8,61.9,418.0,1,1,0,75.8
cachar,12,-34.0,21.2,0.65,0.2,30.9,82.6,9.4,0.3,0.4,0.3,22.0,0,0,0,8.7
west_khasi,3,1251.0,56.4,0.25,0.75,34.7,70.7,5.8,0.2,0.4,0.8,140.0,0,0,0,8.7
cachar,12,17.0,24.4,0.65,0.2,28.2,95.3,19.4,0.4,0.5,0.5,22.0,0,0,0,0.0
imphal_west,8,747.0,44.1,0.35,0.5,33.9,79.4,0.0,75.5,77.6,131.0,330.0,1,1,1,98.6
cachar,9,54.0,9.2,0.65,0.2,32.6,71.7,17.2,9.3,16.3,23.7,330.0,1,1,1,65.3
papum_pare,1,300.0,39.8,0.5,0.4,23.8,60.9,3.2,2.0,4.7,3.5,46.0,0,0,0,2.0
imphal_west,1,829.0,50.7,0.35,0.5,30.1,76.0,5.6,2.0,2.8,5.4,30.0,0,0,0,6.5
sonitpur,11,36.0,22.5,0.6,0.15,31.5,96.0,22.2,1.2,2.2,2.1,34.0,0,0,0,0.0
kamrup,1,95.0,11.1,0.7,0.1,18.7,62.6,0.1,4.7,8.0,11.0,36.0,0,0,0,0.0
dimapur,3,95.0,29.2,0.4,0.2,21.3,70.2,3.3,7.2,7.8,6.0,80.0,0,0,0,6.5
papum_pare,4,423.0,47.2,0.5,0.4,34.5,84.7,11.3,8.2,19.4,35.2,230.0,1,0,1,56.0
sonitpur,12,78.0,1.6,0.6,0.15,34.7,64.5,3.0,0.1,0.2,0.1,17.0,0,0,0,6.9
cachar,1,-31.0,15.1,0.65,0.2,31.7,82.3,9.3,0.5,0.4,0.6,44.0,0,0,0,8.7
dima_hasao,9,1028.0,64.7,0.3,0.8,31.3,68.7,36.1,7.2,9.9,16.6,375.0,0,0,0,51.7
kohima,6,1415.0,78.4,0.15,0.85,26.3,62.5,6.7,19.3,24.9,31.5,418.0,1,1,1,77.9
kamrup,10,-38.0,9.2,0.7,0.1,28.3,75.6,3.7,5.8,14.4,22.3,108.0,0,1,0,19.8
papum_pare,11,275.0,42.4,0.5,0.4,34.8,95.6,6.9,3.9,4.0,7.8,46.0,0,0,0,0.3
aizawl,8,1135.0,76.0,0.1,0.8,28.9,62.4,33.4,8.9,7.4,12.4,440.0,1,0,1,71.9
papum_pare,8,327.0,47.1,0.5,0.4,26.2,61.7,8.3,59.9,141.5,202.4,506.0,1,1,1,100.0
kamrup,1,112.0,9.0,0.7,0.1,29.6,72.9,4.5,2.8,5.2,7.6,36.0,0,1,0,0.0
imphal_west,9,821.0,47.4,0.35,0.5,29.4,78.9,12.7,32.1,58.9,101.3,225.0,1,1,1,92.8
dimapur,1,121.0,29.0,0.4,0.2,27.1,92.7,6.7,0.8,1.7,2.3,32.0,0,0,0,3.6
kamrup,9,13.0,19.8,0.7,0.1,23.4,96.6,11.7,45.5,111.6,201.6,270.0,1,1,0,68.5
west_tripura,5,13.0,15.0,0.75,0.05,24.8,64.6,3.5,10.2,23.9,36.3,294.0,0,0,0,27.3
imphal_west,5,838.0,52.8,0.35,0.5,18.5,95.4,29.8,9.7,19.2,23.2,210.0,0,0,0,28.1
kamrup,9,46.0,11.6,0.7,0.1,23.7,73.3,0.5,5.8,13.3,10.9,270.0,0,1,1,58.9
west_tripura,11,45.0,12.3,0.75,0.05,29.0,74.2,2.3,0.0,0.0,0.1,42.0,0,0,0,4.9
dimapur,3,260.0,21.3,0.4,0.2,34.4,92.2,21.2,3.1,3.6,4.0,80.0,0,0,0,0.0
sonitpur,2,75.0,12.6,0.6,0.15,20.6,74.0,1.3,2.3,3.0,5.3,51.0,0,0,0,0.0
imphal_west,3,717.0,51.7,0.35,0.5,32.1,80.7,4.0,2.8,4.6,5.1,75.0,0,0,0,0.0
dima_hasao,4,1025.0,63.6,0.3,0.8,33.4,88.8,39.9,26.7,36.3,44.6,250.0,1,0,0,40.9
aizawl,9,1193.0,67.0,0.1,0.8,19.9,75.4,16.3,10.9,10.5,17.5,300.0,1,0,1,74.0
east_khasi,6,1557.0,55.0,0.2,0.7,21.9,97.4,7.0,0.9,2.2,3.6,484.0,1,0,1,46.1
east_khasi,7,1531.0,63.5,0.2,0.7,32.7,82.8,14.4,1.0,1.3,1.3,550.0,0,0,0,36.9
sonitpur,6,81.0,8.7,0.6,0.15,27.5,71.1,13.6,9.7,15.5,28.8,374.0,0,0,0,29.2
dimapur,8,174.0,31.3,0.4,0.2,24.1,68.9,26.8,1.6,2.6,4.3,352.0,1,1,1,58.0
aizawl,4,1139.0,76.5,0.1,0.8,34.9,73.9,6.0,9.6,9.5,17.1,200.0,0,1,1,55.9
west_tripura,4,42.0,13.4,0.75,0.05,21.7,93.1,0.5,1.5,2.5,4.3,210.0,0,0,0,22.1
east_khasi,11,1533.0,48.5,0.2,0.7,28.2,80.0,22.1,6.0,8.5,13.6,44.0,0,0,0,2.3
sonitpur,11,65.0,21.6,0.6,0.15,20.4,86.2,6.5,1.4,1.1,1.3,34.0,0,0,0,0.0
papum_pare,1,401.0,40.5,0.5,0.4,23.1,96.7,3.3,4.6,7.7,11.6,46.0,0,0,0,0.0
sonitpur,7,89.0,10.1,0.6,0.15,18.6,93.3,3.5,9.0,18.7,27.4,425.0,1,1,1,56.6
dimapur,7,186.0,26.8,0.4,0.2,24.5,79.6,6.3,0.8,2.0,3.9,400.0,0,0,0,36.0
imphal_west,8,808.0,50.7,0.35,0.5,18.2,72.3,26.9,13.7,12.6,18.5,330.0,1,1,1,73.3
kamrup,11,102.0,10.8,0.7,0.1,18.7,95.0,2.2,2.6,4.3,7.9,36.0,0,0,0,1.9
kamrup,12,63.0,13.2,0.7,0.1,21.8,79.1,17.7,0.3,0.6,0.5,18.0,0,0,0,0.0
cachar,2,21.0,30.1,0.65,0.2,19.9,87.0,49.3,5.1,9.7,12.2,66.0,0,0,0,0.0
kohima,7,1486.0,73.9,0.15,0.85,24.9,61.5,0.5,9.2,21.9,40.6,475.0,1,0,0,45.4
papum_pare,6,386.0,42.9,0.5,0.4,20.6,62.9,10.2,0.5,0.5,0.6,506.0,0,0,0,27.0
aizawl,2,1125.0,72.0,0.1,0.8,31.5,83.9,7.3,1.0,2.5,5.0,60.0,0,0,0,4.9
imphal_west,1,907.0,50.4,0.35,0.5,23.7,87.2,6.6,4.4,7.3,13.9,30.0,0,0,0,1.9
dima_hasao,4,932.0,67.6,0.3,0.8,22.9,69.8,25.3,5.8,5.7,10.6,250.0,0,0,0,26.4
west_tripura,10,7.0,2.1,0.75,0.05,26.4,86.5,0.3,11.0,19.0,29.9,126.0,0,1,0,30.5
kohima,5,1465.0,68.1,0.15,0.85,21.3,81.0,29.4,8.7,18.7,14.9,266.0,1,0,1,48.2
kamrup,2,7.0,18.4,0.7,0.1,29.6,64.7,28.8,0.6,0.8,1.2,54.0,0,0,0,0.5
papum_pare,5,352.0,46.0,0.5,0.4,23.3,92.1,2.5,14.3,17.7,28.3,322.0,1,0,1,46.6
imphal_west,10,759.0,57.0,0.35,0.5,35.0,93.0,14.3,5.5,9.9,19.5,90.0,0,1,0,23.9
papum_pare,1,318.0,32.7,0.5,0.4,34.3,81.0,18.7,1.4,2.6,3.6,46.0,0,0,0,0.0
cachar,6,-4.0,16.0,0.65,0.2,24.0,72.0,9.5,22.1,39.4,60.3,484.0,1,1,1,86.7
kamrup,4,50.0,12.9,0.7,0.1,23.2,95.1,4.0,5.2,12.2,21.0,180.0,0,0,0,25.0
aizawl,3,1114.0,86.2,0.1,0.8,18.2,89.7,0.6,1.1,1.8,3.4,100.0,0,0,0,0.0
west_tripura,7,3.0,8.7,0.75,0.05,20.8,80.3,24.4,3.8,7.3,10.1,525.0,0,1,0,24.3
sonitpur,5,49.0,20.5,0.6,0.15,31.6,91.6,18.7,6.3,7.6,10.3,238.0,0,0,0,19.4
cachar,10,120.0,16.6,0.65,0.2,34.5,83.4,1.8,6.9,13.7,12.8,132.0,0,0,0,28.5
dima_hasao,10,874.0,66.0,0.3,0.8,33.8,86.1,11.4,27.5,34.6,55.9,150.0,1,0,0,44.2
dimapur,11,181.0,23.6,0.4,0.2,25.8,68.2,20.1,0.2,0.4,0.5,32.0,0,0,0,2.7
imphal_west,6,778.0,51.2,0.35,0.5,30.0,75.7,3.7,74.5,151.5,115.8,330.0,1,1,1,100.0
dimapur,12,217.0,18.8,0.4,0.2,23.3,73.7,6.4,0.0,0.0,0.0,16.0,0,0,0,3.0
cachar,12,24.0,17.9,0.65,0.2,28.1,92.8,8.8,1.4,1.3,1.0,22.0,0,0,0,2.2
west_tripura,2,-4.0,6.0,0.75,0.05,28.4,64.2,11.5,2.8,5.5,9.7,63.0,0,0,0,6.3
imphal_west,12,783.0,45.6,0.35,0.5,20.2,64.2,10.4,0.2,0.5,0.7,15.0,0,0,0,5.7
west_khasi,1,1349.0,55.0,0.25,0.75,32.2,74.8,0.1,0.0,0.0,0.0,56.0,0,0,0,0.0
sonitpur,7,69.0,13.3,0.6,0.15,18.1,64.8,7.7,4.4,4.7,8.1,425.0,0,1,0,32.6
dima_hasao,2,944.0,64.1,0.3,0.8,19.5,87.1,36.1,7.9,11.5,18.6,75.0,0,0,0,20.3
west_khasi,10,1299.0,64.8,0.25,0.75,28.1,67.9,2.3,8.9,7.5,10.6,168.0,0,0,0,26.8
aizawl,10,1158.0,76.8,0.1,0.8,34.3,71.8,4.0,3.0,2.9,3.0,120.0,1,0,0,19.1
dimapur,6,146.0,25.3,0.4,0.2,31.8,91.1,16.0,10.0,15.0,20.3,352.0,1,1,0,40.8
kamrup,11,80.0,18.5,0.7,0.1,28.4,88.7,2.6,3.7,9.3,13.9,36.0,0,0,0,0.0
east_khasi,8,1526.0,59.6,0.2,0.7,27.0,96.8,23.3,10.7,26.2,42.2,484.0,1,1,1,79.1
kohima,4,1485.0,80.6,0.15,0.85,18.9,80.2,2.1,10.2,20.1,14.6,190.0,1,0,0,41.4
west_khasi,9,1327.0,56.7,0.25,0.75,27.5,67.4,11.4,37.1,92.7,166.0,420.0,1,1,1,100.0
dimapur,7,185.0,30.2,0.4,0.2,25.7,72.8,7.9,8.0,11.1,12.0,400.0,1,0,0,42.9
cachar,11,36.0,21.1,0.65,0.2,28.9,68.0,13.7,0.2,0.1,0.2,44.0,0,0,0,10.8
aizawl,11,1148.0,85.5,0.1,0.8,26.8,68.3,13.6,1.0,2.2,1.6,40.0,0,0,0,5.0
dimapur,2,183.0,27.2,0.4,0.2,30.4,63.6,7.5,4.5,9.2,12.8,48.0,0,0,0,8.8
aizawl,5,1204.0,70.6,0.1,0.8,18.3,97.9,1.3,18.7,15.5,18.1,280.0,1,0,0,33.7
dima_hasao,12,937.0,53.8,0.3,0.8,21.6,81.2,5.3,0.2,0.5,0.5,25.0,0,0,0,0.0
sonitpur,2,109.0,19.9,0.6,0.15,29.9,79.7,6.9,0.5,0.9,0.7,51.0,0,0,0,1.0
east_khasi,3,1478.0,56.7,0.2,0.7,32.1,85.9,0.3,11.7,23.8,19.9,110.0,0,0,0,10.5
dimapur,12,130.0,28.5,0.4,0.2,18.3,73.9,13.1,0.7,0.9,1.6,16.0,0,0,0,2.0
papum_pare,3,338.0,33.1,0.5,0.4,22.4,60.8,3.2,4.6,7.7,8.5,115.0,0,0,0,3.9
west_tripura,7,-39.0,11.1,0.75,0.05,29.4,89.6,12.9,1.4,2.9,2.5,525.0,0,1,0,30.7
west_khasi,6,1385.0,61.7,0.25,0.75,18.0,91.6,3.0,11.5,11.8,20.9,616.0,1,1,1,74.5
sonitpur,2,89.0,16.9,0.6,0.15,21.4,65.3,1.3,1.2,2.2,2.9,51.0,0,0,0,0.0
kamrup,5,58.0,9.2,0.7,0.1,20.7,66.7,25.1,0.6,1.3,1.6,252.0,0,0,0,19.9
kohima,6,1477.0,69.8,0.15,0.85,30.0,91.1,7.8,2.7,6.3,11.3,418.0,1,0,1,76.0
east_khasi,2,1552.0,51.4,0.2,0.7,23.5,92.4,4.8,1.9,2.4,2.1,66.0,0,0,0,10.1
cachar,2,-7.0,25.9,0.65,0.2,21.0,60.7,10.6,0.8,1.3,2.3,66.0,0,0,0,14.5
cachar,7,89.0,25.2,0.65,0.2,27.6,65.1,0.2,73.1,136.3,128.0,550.0,1,1,1,100.0
kohima,9,1464.0,67.1,0.15,0.85,32.5,97.3,37.4,11.5,22.0,41.1,285.0,1,1,0,56.6
imphal_west,9,841.0,46.8,0.35,0.5,24.8,86.6,24.7,7.6,16.5,18.3,225.0,1,1,1,63.7
dimapur,2,153.0,24.7,0.4,0.2,28.8,67.1,17.6,0.5,1.2,1.7,48.0,0,0,0,7.7
kamrup,2,79.0,10.4,0.7,0.1,19.1,60.3,1.7,3.6,3.5,3.7,54.0,0,0,0,0.0
west_khasi,9,1408.0,59.9,0.25,0.75,34.1,87.4,0.9,86.8,194.5,142.8,420.0,1,1,1,100.0
sonitpur,10,50.0,17.4,0.6,0.15,30.8,66.0,4.2,3.4,2.8,5.5,102.0,1,0,0,11.2
aizawl,6,1208.0,78.3,0.1,0.8,29.4,81.1,4.3,9.8,15.8,23.5,440.0,1,0,0,50.1
dimapur,1,199.0,18.4,0.4,0.2,23.8,68.9,32.9,1.7,1.4,1.3,32.0,0,0,0,0.0
east_khasi,7,1588.0,52.5,0.2,0.7,23.9,92.7,0.6,97.4,163.6,305.1,550.0,1,1,1,96.9
dimapur,2,181.0,21.7,0.4,0.2,24.7,92.1,0.5,1.5,3.4,5.8,48.0,0,0,0,16.2
west_tripura,9,28.0,14.4,0.75,0.05,24.8,79.2,10.3,6.3,7.0,11.8,315.0,1,0,0,36.5
dima_hasao,10,938.0,63.3,0.3,0.8,25.8,72.6,10.7,4.8,11.7,16.6,150.0,1,0,1,41.1
imphal_west,3,869.0,52.2,0.35,0.5,19.8,69.9,0.5,15.5,20.1,25.6,75.0,0,0,0,6.6
papum_pare,7,370.0,29.1,0.5,0.4,24.2,96.3,5.0,52.6,111.8,87.5,575.0,1,1,0,72.6
cachar,3,43.0,24.9,0.65,0.2,30.0,77.1,0.1,3.8,5.3,10.5,110.0,0,0,0,3.2
east_khasi,5,1642.0,60.0,0.2,0.7,34.1,87.7,8.2,6.7,15.9,31.8,308.0,0,0,0,23.0
east_khasi,8,1612.0,52.1,0.2,0.7,18.5,95.2,12.1,43.8,102.2,143.2,484.0,1,1,0,67.4
cachar,2,23.0,17.3,0.65,0.2,23.3,65.6,2.5,0.6,0.6,0.4,66.0,0,0,0,0.0
cachar,7,-15.0,23.8,0.65,0.2,26.9,85.1,13.8,1.8,2.4,2.6,550.0,0,1,0,24.5
east_khasi,7,1510.0,61.1,0.2,0.7,24.9,74.8,6.7,41.4,101.7,162.8,550.0,1,1,0,73.8
east_khasi,8,1578.0,60.5,0.2,0.7,18.8,61.1,9.5,26.7,24.0,33.3,484.0,1,1,0,55.5
sonitpur,6,81.0,16.3,0.6,0.15,28.4,79.6,26.1,13.5,13.4,20.7,374.0,0,1,0,45.2
east_khasi,4,1530.0,48.9,0.2,0.7,26.0,63.1,11.5,13.0,20.7,17.2,220.0,0,0,0,22.1
west_tripura,11,57.0,14.2,0.75,0.05,29.9,92.8,2.0,0.3,0.5,0.8,42.0,0,1,1,27.9
kohima,10,1407.0,65.7,0.15,0.85,29.8,84.8,3.9,1.4,3.1,4.0,114.0,0,0,0,14.3
aizawl,4,1212.0,73.2,0.1,0.8,25.5,87.8,26.2,17.0,15.2,24.5,200.0,1,0,0,33.0
kohima,2,1497.0,68.1,0.15,0.85,26.2,70.7,12.6,1.0,0.9,1.6,57.0,0,0,0,6.9
cachar,5,62.0,18.4,0.65,0.2,31.9,89.3,4.3,21.2,47.4,39.8,308.0,0,0,0,39.0
kamrup,7,-21.0,17.2,0.7,0.1,33.5,85.9,12.0,53.6,96.0,88.5,450.0,1,1,0,72.9
west_khasi,10,1365.0,64.1,0.25,0.75,29.6,69.2,9.4,5.1,10.9,20.6,168.0,1,0,0,22.8
dimapur,6,89.0,23.4,0.4,0.2,23.0,95.0,24.7,9.6,17.3,25.7,352.0,0,0,0,29.8
kohima,6,1508.0,67.1,0.15,0.85,25.8,86.1,13.5,11.2,15.6,15.6,418.0,1,1,1,80.0
dimapur,11,181.0,31.1,0.4,0.2,27.6,90.4,39.5,1.0,1.9,3.7,32.0,0,0,0,11.0
aizawl,3,1129.0,82.1,0.1,0.8,22.6,88.3,5.4,8.0,12.3,24.0,100.0,0,0,0,11.4
east_khasi,6,1534.0,55.7,0.2,0.7,29.6,97.5,28.6,83.5,74.7,109.7,484.0,1,1,1,100.0
aizawl,12,1117.0,73.5,0.1,0.8,25.3,87.6,1.6,1.3,2.4,4.0,20.0,0,0,0,2.2
dima_hasao,8,896.0,57.2,0.3,0.8,22.8,95.0,5.6,68.1,122.3,119.0,550.0,1,1,1,100.0
west_khasi,3,1329.0,63.9,0.25,0.75,32.5,95.0,1.8,8.9,11.2,19.4,140.0,0,1,0,0.0
dimapur,6,93.0,16.3,0.4,0.2,33.2,83.4,7.5,10.4,23.3,26.6,352.0,0,1,0,37.3
east_khasi,12,1577.0,56.4,0.2,0.7,31.4,76.1,3.1,0.7,1.2,1.5,22.0,0,0,0,1.4
west_tripura,11,-6.0,9.2,0.75,0.05,19.1,79.8,10.6,2.7,2.5,3.0,42.0,0,0,0,0.0
kohima,10,1448.0,69.3,0.15,0.85,23.4,96.6,16.7,14.9,36.7,68.5,114.0,1,0,0,41.5
dima_hasao,6,973.0,63.3,0.3,0.8,23.9,71.7,2.4,2.5,3.8,4.5,550.0,0,0,0,35.4
dimapur,5,225.0,23.8,0.4,0.2,23.9,71.1,9.2,1.9,4.3,8.4,224.0,0,0,0,20.5
dimapur,6,78.0,21.4,0.4,0.2,24.7,64.8,6.7,15.0,24.3,39.1,352.0,0,1,0,48.2
sonitpur,10,141.0,18.1,0.6,0.15,26.3,68.5,0.6,0.9,1.5,1.6,102.0,0,1,0,4.3
dima_hasao,10,896.0,63.6,0.3,0.8,24.9,76.5,25.6,10.2,23.3,27.5,150.0,1,1,1,59.7
imphal_west,3,799.0,47.4,0.35,0.5,24.6,83.8,3.4,1.0,1.9,1.6,75.0,0,0,0,0.0
papum_pare,9,394.0,53.0,0.5,0.4,33.0,95.9,0.6,6.5,6.7,11.2,345.0,0,1,0,45.7
kamrup,12,58.0,6.9,0.7,0.1,31.1,92.8,4.5,0.1,0.1,0.1,18.0,0,0,0,6.3
kohima,12,1491.0,71.4,0.15,0.85,31.9,70.5,25.6,2.3,5.0,4.6,19.0,0,0,0,6.9
dima_hasao,8,1015.0,62.4,0.3,0.8,18.7,83.4,11.8,54.4,46.2,88.7,550.0,1,1,0,68.7
east_khasi,12,1635.0,56.5,0.2,0.7,29.1,90.9,5.7,0.0,0.0,0.0,22.0,0,0,0,7.0
sonitpur,7,130.0,14.8,0.6,0.15,24.9,81.3,5.4,7.5,18.7,29.7,425.0,0,0,0,42.3
papum_pare,8,374.0,42.2,0.5,0.4,26.5,64.8,1.2,12.4,12.3,22.1,506.0,0,1,0,43.4
cachar,11,32.0,18.2,0.65,0.2,30.4,74.5,4.3,0.7,1.6,2.1,44.0,0,0,0,4.3
east_khasi,4,1577.0,55.1,0.2,0.7,29.1,67.8,6.4,3.0,6.0,7.6,220.0,0,0,0,29.3
east_khasi,11,1444.0,48.1,0.2,0.7,21.0,75.7,14.7,0.0,0.1,0.2,44.0,0,0,0,0.0
cachar,12,18.0,15.6,0.65,0.2,33.2,94.5,13.5,1.6,1.6,3.0,22.0,0,0,0,0.0
dimapur,7,161.0,20.9,0.4,0.2,30.8,85.6,6.3,17.6,37.4,71.0,400.0,0,1,1,80.4
sonitpur,8,75.0,19.2,0.6,0.15,19.0,69.4,20.8,38.0,85.6,150.8,374.0,1,1,0,79.7
aizawl,8,1121.0,75.0,0.1,0.8,22.1,95.7,0.1,5.3,5.9,9.2,440.0,1,1,1,73.5
aizawl,7,1094.0,74.0,0.1,0.8,20.6,61.8,7.7,0.2,0.6,0.9,500.0,1,0,0,31.1
imphal_west,9,927.0,53.1,0.35,0.5,19.4,93.8,8.6,0.9,1.5,2.7,225.0,1,0,0,32.6
west_tripura,7,8.0,5.3,0.75,0.05,27.0,79.6,0.2,25.0,41.2,45.3,525.0,0,1,0,64.4
imphal_west,1,806.0,49.0,0.35,0.5,25.7,68.5,13.4,0.5,1.2,1.8,30.0,0,0,0,0.0
west_khasi,12,1359.0,64.9,0.25,0.75,31.1,82.4,3.2,0.8,1.1,2.0,28.0,0,0,0,5.7
imphal_west,10,723.0,56.2,0.35,0.5,18.4,89.2,33.7,7.5,10.4,20.2,90.0,0,0,0,29.6
papum_pare,2,414.0,42.0,0.5,0.4,29.5,67.1,11.4,1.3,1.5,1.9,69.0,0,0,0,0.4
sonitpur,4,108.0,16.9,0.6,0.15,33.4,85.7,3.4,24.0,48.4,84.0,170.0,1,0,0,34.2
papum_pare,11,320.0,31.1,0.5,0.4,24.1,83.6,11.0,0.3,0.3,0.6,46.0,0,0,0,5.1
west_khasi,3,1314.0,63.5,0.25,0.75,32.9,73.2,15.4,28.5,63.2,83.7,140.0,0,0,0,15.1
papum_pare,10,382.0,37.1,0.5,0.4,29.1,88.9,2.0,0.5,1.0,1.6,138.0,0,0,0,16.4
kamrup,10,48.0,17.8,0.7,0.1,18.2,93.1,2.5,2.2,4.4,8.2,108.0,0,0,0,26.8
papum_pare,11,301.0,36.6,0.5,0.4,30.6,79.1,16.8,1.1,1.6,2.0,46.0,0,0,0,12.6
papum_pare,7,309.0,39.4,0.5,0.4,30.8,61.5,0.3,62.3,125.4,177.9,575.0,1,1,1,93.8
west_khasi,7,1338.0,64.6,0.25,0.75,26.1,79.7,9.0,13.6,18.6,30.0,700.0,1,0,0,56.1
sonitpur,1,77.0,7.4,0.6,0.15,34.6,78.9,55.4,0.7,1.0,1.0,34.0,0,1,0,5.0
sonitpur,5,81.0,19.1,0.6,0.15,22.7,89.6,8.7,11.2,20.0,39.9,238.0,0,0,0,17.7
dima_hasao,9,941.0,67.6,0.3,0.8,20.6,85.3,3.1,13.2,15.8,29.1,375.0,1,1,1,91.9
west_tripura,9,6.0,8.4,0.75,0.05,32.6,91.0,42.3,6.2,12.3,9.6,315.0,0,0,0,37.2
imphal_west,10,885.0,46.2,0.35,0.5,27.4,68.0,0.3,1.7,1.7,2.2,90.0,1,0,0,19.3
west_tripura,10,100.0,11.4,0.75,0.05,20.0,77.4,41.5,0.5,0.6,0.7,126.0,0,0,0,14.9
dima_hasao,8,865.0,67.5,0.3,0.8,23.9,96.9,15.2,38.5,88.6,81.8,550.0,1,1,1,100.0
west_khasi,7,1345.0,54.1,0.25,0.75,32.0,69.7,5.6,52.8,120.6,108.8,700.0,1,1,1,100.0
kohima,11,1435.0,73.6,0.15,0.85,32.9,88.4,22.6,2.7,6.8,11.8,38.0,0,0,0,8.7
aizawl,12,1125.0,64.6,0.1,0.8,21.8,80.9,23.7,0.5,0.5,0.5,20.0,0,0,0,1.7
imphal_west,3,778.0,46.7,0.35,0.5,23.8,86.8,17.5,3.3,5.9,8.3,75.0,0,0,0,2.4
west_khasi,1,1369.0,54.0,0.25,0.75,27.4,66.4,0.0,0.7,1.4,1.1,56.0,0,0,0,7.0
kohima,2,1448.0,70.7,0.15,0.85,22.2,75.1,4.0,1.8,2.8,5.1,57.0,0,0,0,8.6
east_khasi,7,1515.0,59.1,0.2,0.7,30.6,94.9,21.5,111.7,90.7,138.3,550.0,1,1,1,100.0
sonitpur,2,79.0,0.0,0.6,0.15,24.1,92.5,23.3,1.5,2.3,4.3,51.0,0,0,0,0.7
west_tripura,3,-15.0,5.6,0.75,0.05,28.8,96.3,11.6,0.7,1.0,1.0,105.0,0,0,0,10.2
west_khasi,5,1359.0,69.9,0.25,0.75,22.8,60.4,16.3,11.8,9.6,16.6,392.0,0,0,0,23.4
west_khasi,8,1330.0,54.5,0.25,0.75,19.6,78.0,6.3,49.0,76.7,70.0,616.0,1,1,0,85.6
dima_hasao,9,968.0,70.2,0.3,0.8,30.7,65.7,28.4,3.3,6.4,9.5,375.0,1,0,0,36.2
kohima,6,1460.0,62.8,0.15,0.85,18.7,67.2,10.9,22.4,21.5,35.6,418.0,1,0,1,86.8
kohima,2,1367.0,74.0,0.15,0.85,27.5,87.1,0.3,5.4,6.1,7.6,57.0,0,0,0,1.0
kohima,12,1522.0,67.9,0.15,0.85,23.5,71.5,1.1,0.9,1.5,1.4,19.0,0,0,0,4.5
west_tripura,8,-14.0,9.4,0.75,0.05,29.8,87.7,10.5,13.2,24.3,38.3,462.0,0,0,0,47.5
west_khasi,2,1398.0,69.9,0.25,0.75,28.4,63.0,13.0,8.5,21.2,36.3,84.0,0,0,0,8.3
east_khasi,1,1486.0,56.6,0.2,0.7,23.0,60.3,10.0,3.1,3.8,6.0,44.0,0,0,0,0.5
west_tripura,2,100.0,13.6,0.75,0.05,24.9,72.8,15.4,7.3,15.5,12.4,63.0,0,0,0,0.0
kamrup,6,-37.0,8.6,0.7,0.1,33.3,62.6,3.6,11.1,22.4,39.9,396.0,1,1,1,78.9
papum_pare,2,335.0,39.8,0.5,0.4,28.5,93.5,1.4,0.2,0.5,1.0,69.0,0,0,0,3.7
papum_pare,3,328.0,44.6,0.5,0.4,32.6,84.1,2.4,2.1,3.9,4.6,115.0,0,0,0,0.0
west_tripura,4,20.0,3.1,0.75,0.05,19.1,71.6,3.9,6.8,7.9,8.4,210.0,0,1,1,45.9
imphal_west,3,758.0,50.7,0.35,0.5,24.9,80.5,18.6,6.3,11.8,11.1,75.0,0,0,0,8.3
imphal_west,3,757.0,44.9,0.35,0.5,33.4,63.7,1.1,5.4,11.0,19.5,75.0,0,0,0,7.2
west_khasi,9,1390.0,56.0,0.25,0.75,19.9,73.3,0.9,2.8,5.5,3.9,420.0,1,1,1,71.9
dimapur,8,59.0,25.6,0.4,0.2,25.3,95.7,47.6,1.8,2.3,4.3,352.0,0,1,1,52.3
dima_hasao,7,914.0,60.5,0.3,0.8,29.1,87.8,1.3,48.0,73.8,71.0,625.0,1,1,0,73.1
papum_pare,3,308.0,37.5,0.5,0.4,19.3,88.5,15.5,1.8,1.9,2.4,115.0,0,0,0,3.4
cachar,11,17.0,21.4,0.65,0.2,23.5,78.2,7.2,2.7,6.0,8.4,44.0,0,0,0,0.0
papum_pare,7,251.0,42.1,0.5,0.4,21.7,64.7,7.3,12.8,29.9,42.9,575.0,1,1,1,81.8
dimapur,1,123.0,32.1,0.4,0.2,20.4,85.6,5.0,1.3,1.1,2.1,32.0,0,0,0,9.7
west_tripura,10,3.0,10.6,0.75,0.05,34.1,74.3,8.6,5.9,10.9,18.8,126.0,0,0,0,16.1
dima_hasao,8,922.0,73.7,0.3,0.8,33.3,68.5,0.3,36.1,30.1,39.2,550.0,1,1,1,95.0
aizawl,7,1089.0,70.9,0.1,0.8,32.1,90.1,12.8,4.2,6.1,9.5,500.0,1,0,0,40.1
dimapur,1,212.0,21.7,0.4,0.2,29.0,87.0,10.3,4.8,4.5,6.3,32.0,0,0,0,0.0
west_tripura,4,-51.0,6.7,0.75,0.05,32.3,69.6,1.4,4.1,7.6,14.2,210.0,0,0,0,18.4
dima_hasao,5,881.0,62.6,0.3,0.8,33.2,93.0,8.5,5.3,7.8,10.5,350.0,0,0,0,32.2
west_tripura,2,65.0,0.0,0.75,0.05,26.6,78.3,4.2,1.8,3.5,6.4,63.0,0,0,0,0.0
aizawl,2,1168.0,79.2,0.1,0.8,28.7,89.3,3.2,2.9,6.8,6.3,60.0,0,0,0,8.9
imphal_west,3,842.0,45.6,0.35,0.5,20.8,66.8,0.8,2.3,4.2,5.3,75.0,1,0,0,4.6
west_khasi,6,1308.0,66.6,0.25,0.75,21.9,75.2,2.5,41.2,44.0,46.4,616.0,1,1,1,97.4
dima_hasao,8,907.0,64.8,0.3,0.8,21.8,94.3,6.8,9.4,19.1,31.5,550.0,1,0,1,81.5
sonitpur,5,35.0,5.8,0.6,0.15,26.3,60.2,10.5,8.2,11.8,18.1,238.0,1,1,1,44.2
papum_pare,8,409.0,43.5,0.5,0.4,28.0,67.1,6.9,1.1,1.1,0.9,506.0,1,0,0,28.2
imphal_west,11,804.0,53.4,0.35,0.5,25.0,79.2,34.2,0.9,1.8,2.9,30.0,0,0,0,0.0
west_khasi,10,1345.0,59.5,0.25,0.75,20.3,85.0,38.1,17.8,21.8,15.9,168.0,1,0,1,53.3
dimapur,10,165.0,31.9,0.4,0.2,32.8,79.4,0.6,1.3,1.5,2.1,96.0,1,1,1,43.0
dimapur,10,100.0,32.5,0.4,0.2,34.4,69.1,23.2,3.7,4.6,5.2,96.0,0,0,0,18.4
sonitpur,6,32.0,10.7,0.6,0.15,32.3,95.0,6.7,37.2,46.0,66.4,374.0,1,1,1,100.0
west_khasi,8,1323.0,60.6,0.25,0.75,26.1,84.6,0.6,17.1,42.4,38.1,616.0,1,1,0,61.5
aizawl,3,1091.0,77.2,0.1,0.8,23.0,83.6,5.3,5.7,11.0,15.6,100.0,0,0,0,9.9
papum_pare,12,345.0,47.3,0.5,0.4,30.6,79.4,34.8,0.6,0.9,1.5,23.0,0,0,0,5.4
east_khasi,10,1492.0,48.7,0.2,0.7,31.3,89.9,1.7,0.4,0.7,1.2,132.0,0,0,0,6.9
aizawl,2,1056.0,84.3,0.1,0.8,18.2,60.1,17.5,1.0,1.0,1.8,60.0,1,0,0,5.2
papum_pare,3,344.0,40.4,0.5,0.4,30.1,65.9,7.8,0.1,0.3,0.3,115.0,0,0,0,6.6
west_khasi,2,1388.0,60.4,0.25,0.75,20.1,97.5,6.7,10.4,24.7,19.8,84.0,0,0,0,1.0
dima_hasao,5,801.0,68.4,0.3,0.8,25.0,78.7,1.8,26.8,34.0,41.5,350.0,1,0,0,46.7
sonitpur,3,88.0,9.2,0.6,0.15,20.5,73.0,24.0,6.8,9.1,14.0,85.0,0,0,0,7.2
west_khasi,12,1355.0,60.6,0.25,0.75,19.2,76.1,15.6,0.9,1.7,2.1,28.0,1,0,1,28.2
cachar,9,2.0,17.9,0.65,0.2,25.1,85.6,1.4,11.3,23.7,18.6,330.0,0,0,0,46.2
dimapur,7,173.0,22.7,0.4,0.2,27.8,79.7,5.2,73.5,164.4,297.9,400.0,1,1,1,100.0
aizawl,3,1102.0,69.7,0.1,0.8,31.7,69.5,0.4,8.5,10.4,17.6,100.0,1,0,1,26.1
aizawl,7,1116.0,79.8,0.1,0.8,28.9,93.3,7.4,53.9,66.3,85.4,500.0,1,1,1,100.0
dimapur,3,214.0,32.9,0.4,0.2,25.5,73.6,13.3,10.6,13.6,14.4,80.0,0,0,0,6.9
kohima,11,1481.0,74.4,0.15,0.85,27.1,91.0,6.5,7.9,9.3,15.1,38.0,1,0,0,7.0
imphal_west,12,922.0,59.1,0.35,0.5,26.5,68.0,1.9,0.3,0.3,0.4,15.0,0,0,0,4.1
papum_pare,3,443.0,32.2,0.5,0.4,19.6,63.6,6.5,3.7,8.3,15.9,115.0,0,0,0,0.0
imphal_west,3,885.0,46.2,0.35,0.5,32.8,85.5,4.5,20.9,16.8,25.8,75.0,0,0,0,0.0
kohima,5,1447.0,62.1,0.15,0.85,20.8,67.9,10.7,25.0,32.8,38.9,266.0,1,0,0,38.2
cachar,3,-27.0,23.2,0.65,0.2,34.4,74.8,11.4,13.5,18.6,29.2,110.0,0,0,0,0.0
west_khasi,8,1428.0,58.1,0.25,0.75,24.8,84.4,7.3,85.5,201.2,207.2,616.0,1,1,1,100.0
aizawl,1,1130.0,64.7,0.1,0.8,26.6,82.9,0.1,2.4,3.3,2.6,40.0,0,0,0,2.8
west_khasi,1,1435.0,57.3,0.25,0.75,26.4,96.2,9.8,0.9,2.1,1.8,56.0,1,0,0,2.5
kohima,3,1410.0,65.1,0.15,0.85,25.8,90.8,17.4,11.7,13.5,17.5,95.0,1,0,0,11.0
dima_hasao,7,854.0,76.0,0.3,0.8,28.8,80.5,1.6,37.9,92.5,119.3,625.0,1,1,0,67.0
imphal_west,9,848.0,51.3,0.35,0.5,18.4,76.9,44.6,2.4,2.5,3.2,225.0,1,0,1,62.2
papum_pare,8,284.0,37.0,0.5,0.4,28.0,79.5,17.7,56.8,63.0,81.6,506.0,1,1,1,100.0
dimapur,11,185.0,26.6,0.4,0.2,18.2,84.8,6.8,3.1,5.2,5.2,32.0,0,0,0,7.7
kohima,7,1493.0,61.6,0.15,0.85,18.7,97.2,50.1,8.0,12.9,23.7,475.0,1,1,1,69.4
west_tripura,8,92.0,7.8,0.75,0.05,27.3,97.0,11.9,29.3,41.9,40.2,462.0,1,1,1,93.5
kohima,3,1443.0,70.8,0.15,0.85,22.8,95.2,33.2,9.3,12.2,23.5,95.0,0,0,0,0.7
sonitpur,10,-19.0,9.9,0.6,0.15,22.4,93.7,4.0,0.5,1.0,0.9,102.0,0,0,0,20.0
kamrup,4,37.0,18.1,0.7,0.1,31.3,88.8,16.0,20.3,27.5,32.8,180.0,0,1,0,29.8
east_khasi,1,1487.0,53.0,0.2,0.7,33.8,82.3,18.4,0.4,0.4,0.8,44.0,0,0,0,2.7
east_khasi,4,1471.0,58.9,0.2,0.7,22.5,97.8,2.7,4.1,3.7,3.7,220.0,0,0,0,15.0
imphal_west,5,760.0,47.1,0.35,0.5,29.4,69.0,12.1,4.2,7.7,9.1,210.0,0,0,0,9.6
cachar,8,-36.0,18.6,0.65,0.2,34.6,85.3,6.0,43.7,88.7,89.1,484.0,1,1,1,95.7
aizawl,12,1055.0,78.1,0.1,0.8,31.1,83.8,3.7,1.7,2.3,3.0,20.0,0,0,0,0.0
kohima,9,1446.0,78.2,0.15,0.85,21.8,74.8,7.3,12.4,12.9,14.3,285.0,1,0,1,82.6
imphal_west,2,815.0,44.3,0.35,0.5,33.0,89.1,0.3,3.7,5.3,8.9,45.0,0,0,0,6.0
aizawl,2,1075.0,80.5,0.1,0.8,18.8,71.2,8.8,1.7,1.5,2.0,60.0,0,0,0,0.7
east_khasi,9,1520.0,59.7,0.2,0.7,32.1,72.5,9.0,5.9,7.7,13.5,330.0,0,1,0,36.0
west_khasi,9,1374.0,54.6,0.25,0.75,21.6,60.6,12.9,36.5,89.6,83.6,420.0,1,1,1,94.5
kamrup,12,-40.0,11.2,0.7,0.1,31.5,76.8,12.9,0.3,0.4,0.7,18.0,0,0,0,6.4
kohima,9,1426.0,65.8,0.15,0.85,32.8,66.2,21.5,13.7,26.9,32.3,285.0,1,1,0,64.1
dima_hasao,7,942.0,61.2,0.3,0.8,28.3,85.0,8.6,11.5,13.3,16.0,625.0,1,0,0,51.4
sonitpur,12,52.0,11.3,0.6,0.15,32.9,64.5,4.1,0.7,1.5,3.0,17.0,0,0,0,7.3
papum_pare,4,331.0,44.6,0.5,0.4,26.8,73.2,2.9,0.2,0.4,0.7,230.0,0,1,1,40.3
east_khasi,1,1477.0,50.1,0.2,0.7,23.2,81.8,5.3,0.1,0.2,0.2,44.0,0,0,0,4.1
kohima,5,1448.0,77.8,0.15,0.85,33.1,90.0,6.4,20.4,40.4,76.0,266.0,1,0,1,56.1
west_khasi,2,1403.0,59.8,0.25,0.75,22.1,76.5,2.4,4.5,7.1,10.6,84.0,0,0,0,0.0
kohima,2,1508.0,71.5,0.15,0.85,23.2,97.6,9.3,3.1,3.9,6.8,57.0,0,0,0,0.0
dima_hasao,4,893.0,55.3,0.3,0.8,23.3,67.9,5.3,3.8,7.0,8.1,250.0,1,0,0,19.0
west_tripura,10,11.0,7.8,0.75,0.05,28.4,77.1,3.9,15.8,39.0,49.1,126.0,0,1,0,27.0
west_tripura,6,-65.0,1.0,0.75,0.05,31.1,69.7,2.1,49.1,57.5,53.9,462.0,1,1,1,100.0
west_tripura,10,-14.0,8.2,0.75,0.05,34.3,66.7,1.6,0.8,0.9,1.7,126.0,0,1,1,38.6
papum_pare,7,273.0,33.0,0.5,0.4,24.1,97.9,7.6,19.1,46.4,58.2,575.0,1,1,1,86.2
cachar,10,34.0,15.5,0.65,0.2,20.6,96.0,7.8,2.5,4.1,3.2,132.0,1,0,0,14.9
cachar,4,60.0,18.0,0.65,0.2,30.4,65.2,4.1,11.6,23.7,19.3,220.0,0,1,0,27.6
dima_hasao,1,963.0,62.1,0.3,0.8,30.7,66.2,18.7,0.2,0.2,0.2,50.0,0,0,0,2.8
aizawl,6,1170.0,78.7,0.1,0.8,25.8,70.1,6.0,8.2,16.6,16.0,440.0,1,0,1,78.6
imphal_west,5,856.0,43.1,0.35,0.5,24.4,88.4,16.5,10.2,9.0,13.4,210.0,1,0,0,26.7
aizawl,9,1062.0,79.9,0.1,0.8,27.5,96.1,9.4,5.3,6.3,6.1,300.0,1,0,1,65.3
cachar,6,-3.0,27.7,0.65,0.2,23.9,96.7,1.0,0.5,0.8,1.5,484.0,0,0,0,30.8
west_tripura,5,-42.0,6.3,0.75,0.05,33.5,77.2,2.6,21.9,40.5,59.6,294.0,0,1,1,60.7
east_khasi,10,1527.0,50.5,0.2,0.7,30.9,72.6,8.6,1.8,2.0,2.9,132.0,1,0,0,15.8
east_khasi,9,1534.0,58.0,0.2,0.7,26.8,74.7,6.3,59.2,108.6,149.7,330.0,1,1,0,64.2
papum_pare,2,392.0,41.3,0.5,0.4,24.4,97.8,0.5,3.5,5.5,4.4,69.0,0,0,0,5.5
cachar,7,44.0,15.7,0.65,0.2,25.3,85.3,7.6,15.4,14.7,28.8,550.0,0,1,0,43.0
kamrup,5,79.0,13.2,0.7,0.1,27.4,93.2,12.9,10.4,9.6,13.5,252.0,0,0,0,20.6
papum_pare,3,348.0,33.7,0.5,0.4,34.0,71.5,19.7,11.2,26.7,45.6,115.0,0,0,0,0.0
west_tripura,3,-17.0,6.3,0.75,0.05,31.0,72.2,30.3,1.1,1.7,3.2,105.0,0,0,0,12.8
dima_hasao,3,954.0,67.5,0.3,0.8,30.9,73.6,12.6,3.1,5.2,7.2,125.0,0,0,0,10.7
west_tripura,6,54.0,14.2,0.75,0.05,27.6,72.5,5.6,2.0,4.9,4.1,462.0,0,0,0,29.6
dima_hasao,11,929.0,72.8,0.3,0.8,18.9,78.3,1.6,0.4,0.5,0.8,50.0,0,0,0,0.3
dimapur,8,51.0,24.0,0.4,0.2,24.8,75.7,4.1,15.5,28.3,22.1,352.0,1,0,1,79.1
cachar,10,54.0,23.3,0.65,0.2,30.4,80.9,6.5,6.4,10.6,11.6,132.0,0,0,0,21.6
papum_pare,5,208.0,39.8,0.5,0.4,30.7,75.7,11.1,3.9,3.7,5.2,322.0,0,0,0,16.4
papum_pare,7,294.0,38.6,0.5,0.4,29.2,80.8,5.6,29.9,29.8,24.4,575.0,1,0,0,67.9
dimapur,8,92.0,22.8,0.4,0.2,31.2,84.6,9.5,4.9,6.5,6.2,352.0,0,0,0,34.0
sonitpur,11,170.0,18.9,0.6,0.15,25.5,85.5,6.1,2.7,3.4,5.8,34.0,0,0,0,0.8
sonitpur,7,118.0,13.0,0.6,0.15,28.0,80.3,18.6,81.5,164.6,168.9,425.0,1,1,1,100.0
imphal_west,12,807.0,50.9,0.35,0.5,27.9,91.9,4.8,0.1,0.1,0.1,15.0,0,0,0,0.0
east_khasi,12,1575.0,58.8,0.2,0.7,30.8,89.6,10.3,2.1,3.4,4.8,22.0,0,0,0,9.3
west_khasi,8,1322.0,63.6,0.25,0.75,33.3,90.6,0.7,4.6,7.0,6.3,616.0,0,0,0,42.3
kohima,6,1447.0,71.7,0.15,0.85,31.7,80.3,15.8,6.0,12.6,13.7,418.0,1,0,1,64.2
aizawl,1,1119.0,76.5,0.1,0.8,31.4,83.0,2.8,5.5,12.0,19.7,40.0,0,0,0,0.0
west_tripura,2,-60.0,7.1,0.75,0.05,25.9,82.4,0.5,2.4,3.1,2.5,63.0,0,0,0,0.0
west_tripura,8,74.0,5.3,0.75,0.05,20.5,63.8,3.5,4.7,10.1,12.8,462.0,1,1,1,56.5
papum_pare,11,233.0,38.5,0.5,0.4,30.1,83.9,4.2,1.2,0.9,1.5,46.0,0,0,0,5.7
west_tripura,6,59.0,7.3,0.75,0.05,32.9,92.0,1.9,23.8,46.8,55.4,462.0,1,1,1,94.8
sonitpur,9,60.0,14.1,0.6,0.15,32.6,95.7,2.5,3.3,4.1,4.8,255.0,0,0,0,31.5
dimapur,4,200.0,32.1,0.4,0.2,31.0,68.5,34.8,0.3,0.3,0.3,160.0,0,0,0,14.0
dimapur,4,146.0,26.4,0.4,0.2,23.2,69.1,6.7,7.0,10.0,15.4,160.0,0,0,0,12.1
kohima,5,1438.0,75.8,0.15,0.85,33.7,96.0,11.5,21.8,30.6,53.8,266.0,1,0,1,62.3
west_khasi,5,1291.0,52.1,0.25,0.75,24.2,91.1,1.0,19.5,21.3,36.1,392.0,0,0,0,38.3
west_khasi,9,1350.0,57.0,0.25,0.75,31.1,84.6,3.5,57.2,47.7,34.1,420.0,1,1,0,87.6
aizawl,3,1098.0,72.0,0.1,0.8,32.6,67.7,4.4,10.3,13.7,22.1,100.0,0,0,0,0.0
aizawl,8,1120.0,79.3,0.1,0.8,18.7,79.2,0.6,8.8,19.8,16.3,440.0,1,0,1,76.6
west_khasi,11,1351.0,57.1,0.25,0.75,33.3,90.0,2.2,5.0,7.5,11.3,56.0,0,0,0,12.3
kamrup,1,-91.0,17.0,0.7,0.1,32.9,94.0,6.0,1.5,2.5,3.4,36.0,0,0,0,3.9
sonitpur,11,46.0,6.1,0.6,0.15,21.0,61.3,4.1,1.7,3.2,4.6,34.0,0,0,0,1.8
kohima,1,1437.0,73.6,0.15,0.85,21.2,95.6,0.1,0.3,0.3,0.4,38.0,0,0,0,0.0
sonitpur,3,-6.0,15.0,0.6,0.15,18.8,66.1,3.2,2.7,5.9,10.9,85.0,0,0,0,8.6
kohima,8,1456.0,63.7,0.15,0.85,21.0,66.6,9.6,20.5,20.3,21.0,418.0,1,1,1,82.3
kamrup,7,7.0,7.1,0.7,0.1,25.6,76.6,6.9,87.0,154.2,298.2,450.0,1,1,1,100.0
dima_hasao,12,993.0,68.7,0.3,0.8,25.3,78.4,11.6,0.9,1.6,1.7,25.0,0,0,0,0.0
cachar,11,-55.0,14.9,0.65,0.2,31.2,92.3,3.2,0.8,1.3,2.3,44.0,0,0,0,5.9
east_khasi,3,1556.0,57.2,0.2,0.7,20.4,89.8,72.3,6.1,11.5,20.2,110.0,0,0,0,7.7
east_khasi,2,1523.0,62.0,0.2,0.7,27.5,70.1,4.9,5.3,8.2,7.0,66.0,0,0,0,2.7
papum_pare,6,372.0,44.3,0.5,0.4,24.9,95.4,0.4,16.1,20.8,27.5,506.0,0,1,0,54.4
east_khasi,2,1460.0,52.0,0.2,0.7,26.7,79.8,35.6,0.4,1.0,0.8,66.0,0,0,0,7.4
west_khasi,11,1387.0,51.6,0.25,0.75,31.0,84.4,33.2,3.3,6.0,4.5,56.0,0,0,0,0.0
papum_pare,3,432.0,43.2,0.5,0.4,22.0,73.1,3.3,1.0,0.9,1.7,115.0,0,0,0,0.0
kamrup,7,48.0,12.3,0.7,0.1,18.1,79.6,1.6,9.8,24.1,26.3,450.0,0,1,0,54.6
papum_pare,5,319.0,43.2,0.5,0.4,22.6,76.7,5.9,14.6,28.2,27.1,322.0,1,1,1,62.0
west_tripura,12,35.0,12.2,0.75,0.05,25.1,93.8,41.1,1.4,2.2,3.6,21.0,0,0,0,3.7
dima_hasao,7,995.0,72.5,0.3,0.8,19.0,82.5,4.7,9.4,13.2,24.5,625.0,1,0,1,77.6
papum_pare,2,407.0,33.6,0.5,0.4,19.7,80.6,3.6,2.2,3.3,3.9,69.0,0,0,0,0.5
west_tripura,2,35.0,8.0,0.75,0.05,29.9,65.3,10.7,2.5,5.6,9.5,63.0,0,0,0,10.1
kamrup,4,104.0,25.9,0.7,0.1,24.0,92.6,0.3,18.3,34.2,24.0,180.0,1,1,0,33.5
kohima,2,1473.0,65.1,0.15,0.85,27.8,88.2,2.7,2.9,2.8,3.9,57.0,0,0,0,0.0
cachar,10,26.0,17.3,0.65,0.2,23.1,62.2,4.6,8.3,18.2,14.9,132.0,0,1,1,54.4
dima_hasao,9,903.0,61.5,0.3,0.8,34.5,82.5,12.7,2.1,2.5,1.8,375.0,1,1,1,66.3
papum_pare,8,368.0,41.3,0.5,0.4,18.6,90.3,12.9,21.3,37.3,31.9,506.0,1,1,1,93.2
kamrup,1,73.0,5.3,0.7,0.1,29.8,78.8,9.6,0.2,0.2,0.2,36.0,0,0,0,4.9
west_tripura,6,32.0,0.3,0.75,0.05,27.3,71.7,7.0,2.8,6.9,5.0,462.0,0,0,0,19.3
sonitpur,7,86.0,11.4,0.6,0.15,20.9,62.8,1.3,36.5,74.2,136.0,425.0,1,1,0,68.8
west_tripura,3,-33.0,4.8,0.75,0.05,33.5,62.1,29.6,0.2,0.5,0.5,105.0,0,0,0,2.6
kohima,2,1389.0,71.6,0.15,0.85,25.7,93.7,4.9,3.6,3.5,5.2,57.0,0,0,0,7.1
dima_hasao,7,914.0,65.5,0.3,0.8,19.1,93.7,1.3,9.2,8.1,14.5,625.0,1,0,0,54.7
sonitpur,12,84.0,8.7,0.6,0.15,30.4,75.0,18.8,0.6,0.8,1.4,17.0,0,0,0,6.3
sonitpur,2,85.0,17.1,0.6,0.15,33.7,84.2,30.3,0.1,0.2,0.3,51.0,0,0,0,0.0
west_khasi,6,1397.0,54.0,0.25,0.75,29.4,62.6,0.6,1.4,3.2,4.4,616.0,1,0,0,36.4
east_khasi,3,1519.0,59.3,0.2,0.7,25.5,71.0,5.4,0.4,0.5,0.8,110.0,0,0,0,7.5
dimapur,3,181.0,32.2,0.4,0.2,21.6,77.1,11.8,11.4,24.5,34.8,80.0,1,0,1,41.1
papum_pare,11,339.0,31.1,0.5,0.4,28.8,80.4,9.1,0.1,0.2,0.2,46.0,0,0,0,3.0
cachar,2,-13.0,8.2,0.65,0.2,30.6,70.2,8.3,0.4,0.4,0.4,66.0,0,0,0,0.0
imphal_west,10,720.0,56.5,0.35,0.5,21.4,90.7,4.6,1.2,1.4,2.7,90.0,0,0,0,20.0
kamrup,10,40.0,19.8,0.7,0.1,28.5,80.4,8.3,7.6,17.2,22.9,108.0,1,0,1,52.0
papum_pare,3,354.0,38.0,0.5,0.4,32.5,66.3,23.1,4.0,9.3,13.9,115.0,0,0,0,7.1
kohima,6,1446.0,70.8,0.15,0.85,23.9,83.8,0.5,0.2,0.4,0.5,418.0,1,0,0,27.2
west_tripura,4,1.0,5.3,0.75,0.05,33.0,95.0,5.3,28.7,65.5,90.4,210.0,1,0,0,40.1
papum_pare,12,421.0,41.6,0.5,0.4,24.1,93.3,1.3,0.2,0.3,0.5,23.0,0,1,1,35.8
cachar,7,28.0,21.8,0.65,0.2,18.6,80.3,7.5,6.8,16.5,14.8,550.0,0,1,0,36.0
aizawl,11,1218.0,83.8,0.1,0.8,30.2,91.3,13.0,2.3,3.4,2.9,40.0,0,0,0,0.0
kohima,4,1326.0,72.7,0.15,0.85,25.9,89.8,6.6,6.0,12.2,21.9,190.0,0,0,0,30.1
sonitpur,2,135.0,15.7,0.6,0.15,29.5,75.8,0.2,9.5,11.3,10.8,51.0,0,0,0,0.8
cachar,2,95.0,23.6,0.65,0.2,18.2,78.1,4.1,2.9,3.4,4.6,66.0,0,1,1,24.8
aizawl,12,1125.0,76.0,0.1,0.8,23.5,78.6,29.1,0.1,0.2,0.4,20.0,0,0,0,4.6
dimapur,6,100.0,24.0,0.4,0.2,26.5,90.2,3.0,11.4,24.2,41.1,352.0,0,1,0,39.8
dimapur,6,118.0,26.6,0.4,0.2,20.9,75.6,1.0,8.7,17.4,34.2,352.0,0,1,1,57.9
cachar,4,55.0,23.2,0.65,0.2,29.7,69.8,26.3,16.5,40.3,45.2,220.0,1,0,0,28.7
east_khasi,11,1450.0,50.5,0.2,0.7,27.6,66.5,1.5,1.9,3.8,2.8,44.0,0,0,0,7.7
sonitpur,4,110.0,5.3,0.6,0.15,30.6,69.8,7.1,5.4,13.2,15.2,170.0,0,1,1,46.8
imphal_west,10,726.0,45.1,0.35,0.5,18.6,69.0,15.1,6.6,8.5,10.4,90.0,1,0,1,48.5
aizawl,12,1156.0,71.5,0.1,0.8,25.8,94.2,2.5,0.4,0.8,1.1,20.0,0,0,0,7.0
aizawl,5,1108.0,77.8,0.1,0.8,27.8,67.1,1.4,2.0,4.1,7.8,280.0,0,1,1,45.2
west_tripura,1,-18.0,7.4,0.75,0.05,30.0,61.8,0.8,1.2,2.0,2.8,42.0,0,0,0,2.3
papum_pare,5,327.0,43.6,0.5,0.4,28.3,95.5,5.5,9.5,20.2,32.9,322.0,0,1,1,57.0
dima_hasao,9,976.0,69.8,0.3,0.8,23.2,85.8,22.0,21.2,24.7,24.6,375.0,1,1,1,75.2
aizawl,9,1180.0,78.0,0.1,0.8,24.5,90.5,13.4,3.7,6.0,9.3,300.0,1,0,0,36.3
dima_hasao,12,979.0,60.3,0.3,0.8,34.8,90.4,20.3,0.7,1.2,0.9,25.0,1,0,1,30.3
dimapur,5,115.0,16.8,0.4,0.2,29.9,92.4,2.2,6.1,11.7,15.5,224.0,0,0,0,8.8
papum_pare,1,333.0,40.7,0.5,0.4,33.2,79.5,10.4,2.4,3.7,7.1,46.0,0,0,0,2.2
dima_hasao,8,930.0,69.1,0.3,0.8,31.9,74.7,9.2,29.2,25.0,30.9,550.0,1,1,0,55.8
dimapur,2,74.0,31.1,0.4,0.2,18.1,95.5,1.5,5.6,13.4,25.0,48.0,0,1,0,11.0
dima_hasao,8,893.0,63.2,0.3,0.8,23.2,82.8,6.4,9.0,10.6,10.9,550.0,1,0,1,67.7
papum_pare,10,244.0,46.2,0.5,0.4,34.9,88.7,11.5,11.8,23.6,16.7,138.0,1,1,0,31.8
sonitpur,9,156.0,19.1,0.6,0.15,30.9,91.8,1.0,2.5,3.8,4.7,255.0,0,1,0,30.5
kamrup,6,47.0,10.8,0.7,0.1,31.7,63.4,19.6,38.6,51.8,64.8,396.0,1,1,1,100.0
west_khasi,3,1312.0,63.7,0.25,0.75,25.7,64.9,21.2,4.3,6.6,10.6,140.0,0,0,0,3.0
dimapur,10,185.0,16.3,0.4,0.2,25.2,96.6,3.2,7.7,15.0,23.2,96.0,0,1,1,43.4
dimapur,6,63.0,31.6,0.4,0.2,21.4,67.0,31.7,7.3,13.5,21.7,352.0,0,1,1,70.0
imphal_west,11,745.0,51.5,0.35,0.5,19.0,68.3,22.4,0.3,0.5,0.9,30.0,0,0,0,3.6
cachar,8,78.0,13.6,0.65,0.2,26.5,79.7,10.1,27.8,54.4,83.1,484.0,1,1,1,100.0
sonitpur,1,69.0,15.9,0.6,0.15,27.4,69.6,1.2,0.5,1.2,2.0,34.0,0,0,0,8.9
aizawl,2,1029.0,77.7,0.1,0.8,23.6,79.1,3.3,0.2,0.3,0.3,60.0,0,0,0,0.0
kamrup,5,16.0,13.7,0.7,0.1,19.8,70.1,0.7,3.0,4.0,2.9,252.0,0,0,0,13.7
dima_hasao,1,892.0,63.7,0.3,0.8,30.3,80.3,21.5,1.3,3.1,5.3,50.0,0,0,0,2.5
kamrup,7,93.0,12.8,0.7,0.1,22.4,87.6,14.9,3.0,5.6,8.3,450.0,0,0,0,28.2
imphal_west,5,828.0,40.3,0.35,0.5,19.8,64.8,6.2,0.2,0.3,0.3,210.0,0,0,0,17.7
papum_pare,12,280.0,40.2,0.5,0.4,25.9,90.0,12.2,0.2,0.3,0.4,23.0,0,0,0,0.5
imphal_west,7,649.0,41.8,0.35,0.5,34.0,66.2,19.2,19.3,31.8,59.6,375.0,1,1,0,54.9
dimapur,12,135.0,21.6,0.4,0.2,26.8,63.5,1.8,0.9,2.0,4.1,16.0,0,0,0,0.0
dimapur,2,223.0,27.7,0.4,0.2,27.1,61.2,11.6,1.6,2.5,3.3,48.0,0,0,0,1.7
papum_pare,9,260.0,36.0,0.5,0.4,22.4,66.0,3.4,21.0,51.6,66.1,345.0,1,1,1,97.1
imphal_west,10,906.0,48.2,0.35,0.5,22.7,67.3,11.9,3.1,7.6,10.3,90.0,0,0,0,23.4
cachar,5,-20.0,9.1,0.65,0.2,27.1,83.3,1.6,25.0,42.6,51.5,308.0,1,1,1,60.4
sonitpur,5,51.0,9.7,0.6,0.15,23.3,89.9,0.5,26.8,30.8,38.2,238.0,0,0,0,31.9
sonitpur,9,-17.0,18.1,0.6,0.15,31.6,78.8,10.0,4.1,4.4,3.8,255.0,1,1,1,57.0
dima_hasao,3,905.0,59.8,0.3,0.8,19.4,73.3,9.4,12.0,12.0,22.4,125.0,0,0,0,5.2
imphal_west,6,828.0,51.7,0.35,0.5,21.0,90.1,0.6,37.2,65.0,124.6,330.0,1,1,0,63.9
dimapur,10,93.0,31.1,0.4,0.2,19.5,94.6,4.9,2.8,6.2,7.1,96.0,0,1,0,14.1
papum_pare,11,392.0,34.7,0.5,0.4,25.0,85.0,4.7,4.9,4.2,7.5,46.0,1,0,1,26.0
papum_pare,11,288.0,41.9,0.5,0.4,32.7,78.9,4.6,1.1,2.5,2.4,46.0,0,0,0,9.1
sonitpur,5,95.0,1.7,0.6,0.15,26.5,80.0,11.9,2.7,5.8,10.1,238.0,0,1,0,16.4
west_tripura,7,37.0,11.5,0.75,0.05,32.5,75.0,12.4,55.9,76.6,80.7,525.0,1,1,1,97.0
west_tripura,4,-33.0,2.6,0.75,0.05,27.2,68.4,14.0,12.5,10.3,15.7,210.0,0,0,0,20.7
kamrup,4,89.0,6.8,0.7,0.1,30.0,72.2,18.6,0.6,1.3,1.7,180.0,0,0,0,14.1
sonitpur,7,92.0,22.8,0.6,0.15,23.1,69.5,6.6,19.5,16.4,32.1,425.0,1,1,1,81.2
sonitpur,8,64.0,14.0,0.6,0.15,33.3,64.7,2.8,35.6,56.1,39.3,374.0,1,1,0,73.3
aizawl,10,1192.0,71.6,0.1,0.8,32.0,87.7,2.1,1.6,2.6,5.1,120.0,0,0,0,24.6
kamrup,5,66.0,18.2,0.7,0.1,23.0,71.9,1.3,0.9,1.4,2.2,252.0,0,0,0,15.3
papum_pare,12,285.0,34.3,0.5,0.4,32.8,61.5,1.6,0.0,0.0,0.0,23.0,0,1,0,3.3
papum_pare,12,361.0,38.9,0.5,0.4,28.8,65.9,2.1,1.7,2.9,2.8,23.0,0,0,0,7.3
cachar,2,-69.0,12.3,0.65,0.2,19.7,84.1,1.0,1.8,4.2,4.2,66.0,0,0,0,0.0
kamrup,12,38.0,10.4,0.7,0.1,22.2,83.6,7.7,0.8,1.7,2.3,18.0,0,0,0,0.0
cachar,12,101.0,20.6,0.65,0.2,33.4,62.1,6.1,1.5,3.4,5.6,22.0,0,0,0,0.0
kamrup,3,31.0,5.7,0.7,0.1,32.2,93.6,5.4,3.3,7.3,12.2,90.0,0,0,0,1.9
kohima,6,1445.0,73.7,0.15,0.85,31.9,70.7,3.6,9.9,24.0,29.8,418.0,1,0,0,47.0
imphal_west,9,739.0,47.8,0.35,0.5,23.0,69.3,44.8,37.4,90.9,151.9,225.0,1,1,1,90.8
west_tripura,5,7.0,0.0,0.75,0.05,30.9,62.3,2.3,44.6,88.8,149.3,294.0,1,1,1,81.3
cachar,6,26.0,14.7,0.65,0.2,29.5,68.7,7.2,44.5,46.6,66.2,484.0,1,1,1,100.0
cachar,12,11.0,22.2,0.65,0.2,20.3,69.9,6.1,0.0,0.0,0.0,22.0,0,0,0,2.1
east_khasi,12,1505.0,50.6,0.2,0.7,23.6,74.8,3.7,1.9,2.1,1.8,22.0,0,0,0,0.0
sonitpur,1,95.0,8.6,0.6,0.15,26.9,60.9,5.7,1.3,2.3,2.3,34.0,0,0,0,0.0
west_khasi,7,1379.0,49.4,0.25,0.75,32.6,90.2,30.3,37.1,70.5,136.4,700.0,1,1,0,64.4
east_khasi,9,1534.0,57.0,0.2,0.7,24.5,88.1,0.3,1.7,2.7,5.3,330.0,1,1,1,61.2
sonitpur,5,87.0,17.8,0.6,0.15,31.8,64.6,3.6,1.3,1.2,2.1,238.0,0,0,0,22.6
west_tripura,10,13.0,0.0,0.75,0.05,21.9,72.4,19.2,4.5,10.8,13.1,126.0,0,1,1,45.7
papum_pare,2,278.0,32.3,0.5,0.4,25.0,88.1,0.8,4.3,9.5,18.0,69.0,0,0,0,1.8
kohima,8,1469.0,76.2,0.15,0.85,19.3,69.0,0.6,17.0,25.6,23.5,418.0,1,1,0,53.8
imphal_west,6,829.0,48.6,0.35,0.5,30.1,62.2,5.6,11.5,21.8,32.2,330.0,0,1,1,71.0
kamrup,8,31.0,9.1,0.7,0.1,27.1,97.0,5.1,5.8,5.7,6.3,396.0,1,1,0,44.9
aizawl,3,1106.0,81.9,0.1,0.8,23.6,70.1,26.0,2.2,4.4,5.7,100.0,0,0,0,0.0
west_khasi,3,1371.0,68.0,0.25,0.75,31.3,86.9,2.1,1.5,2.9,3.6,140.0,0,0,0,3.3
east_khasi,2,1535.0,55.0,0.2,0.7,32.3,78.3,10.3,1.1,1.9,1.9,66.0,0,0,0,3.5
aizawl,11,1212.0,73.3,0.1,0.8,22.2,69.1,7.2,1.9,3.5,6.7,40.0,0,0,0,1.1
west_tripura,2,-42.0,10.2,0.75,0.05,23.5,60.5,16.0,3.7,8.0,10.3,63.0,0,0,0,0.0
dima_hasao,12,985.0,66.6,0.3,0.8,30.3,71.3,1.0,1.8,2.7,4.2,25.0,0,0,0,9.2
imphal_west,1,767.0,51.1,0.35,0.5,18.2,93.7,0.8,5.5,13.4,24.2,30.0,0,1,0,7.2
kamrup,1,42.0,12.5,0.7,0.1,29.8,60.2,5.2,0.2,0.3,0.6,36.0,0,0,0,2.9
dima_hasao,1,981.0,64.8,0.3,0.8,31.1,93.0,4.2,0.6,1.1,1.4,50.0,0,0,0,13.2
kohima,6,1414.0,57.8,0.15,0.85,19.6,73.0,1.3,3.5,7.6,6.0,418.0,1,0,0,37.2
dimapur,3,181.0,13.1,0.4,0.2,23.6,82.0,2.7,2.2,2.8,5.2,80.0,0,0,0,5.6
cachar,1,16.0,23.5,0.65,0.2,19.4,85.5,6.3,1.8,3.3,4.8,44.0,0,0,0,0.0
imphal_west,12,845.0,51.7,0.35,0.5,32.4,97.9,8.9,0.7,1.7,1.8,15.0,0,0,0,0.0
west_tripura,11,-21.0,4.5,0.75,0.05,25.2,72.9,9.3,0.8,1.0,1.9,42.0,0,0,0,2.4
dimapur,4,116.0,21.6,0.4,0.2,28.2,92.5,5.3,13.6,30.5,30.7,160.0,1,1,0,23.1
west_khasi,4,1290.0,52.9,0.25,0.75,27.6,74.8,10.0,37.5,33.3,49.0,280.0,1,0,0,38.1
dimapur,12,121.0,19.9,0.4,0.2,23.3,91.4,0.8,1.4,3.1,3.2,16.0,0,0,0,0.0
west_khasi,5,1373.0,50.1,0.25,0.75,19.3,68.2,14.1,27.5,61.3,121.0,392.0,1,1,1,69.9
sonitpur,10,-1.0,20.8,0.6,0.15,23.8,79.5,10.2,6.9,13.3,13.0,102.0,0,0,0,34.0
west_khasi,2,1353.0,58.0,0.25,0.75,30.3,82.7,10.3,3.3,7.6,11.5,84.0,0,0,0,1.7
imphal_west,11,682.0,56.9,0.35,0.5,22.3,83.4,16.9,2.4,3.1,3.2,30.0,0,0,0,0.0
kamrup,3,123.0,12.5,0.7,0.1,18.5,93.3,9.4,2.4,2.3,2.4,90.0,0,0,0,1.2
dima_hasao,9,945.0,61.8,0.3,0.8,28.8,67.4,1.3,23.1,56.2,111.1,375.0,1,0,1,93.2
kamrup,7,55.0,11.1,0.7,0.1,23.8,65.7,9.3,29.4,54.8,44.6,450.0,0,1,1,95.8
sonitpur,8,93.0,12.7,0.6,0.15,32.8,84.4,4.6,131.9,171.7,210.7,374.0,1,1,0,77.1
east_khasi,5,1558.0,47.2,0.2,0.7,29.7,63.9,2.8,10.6,21.6,42.4,308.0,0,0,0,27.7
west_khasi,2,1360.0,69.4,0.25,0.75,32.7,86.1,4.8,2.0,1.9,2.8,84.0,0,0,0,2.2
imphal_west,8,722.0,56.1,0.35,0.5,19.4,80.2,2.4,8.7,14.4,25.8,330.0,1,0,1,66.7
kamrup,6,110.0,14.1,0.7,0.1,33.5,70.8,0.3,26.4,50.0,98.2,396.0,1,1,1,100.0
dima_hasao,5,984.0,68.9,0.3,0.8,24.5,61.6,6.3,42.5,99.5,89.2,350.0,1,1,1,93.5
aizawl,5,1163.0,70.9,0.1,0.8,26.7,77.8,26.3,18.5,43.5,52.4,280.0,1,0,0,41.2
west_tripura,10,-50.0,6.4,0.75,0.05,24.3,93.0,13.3,0.1,0.1,0.2,126.0,0,0,0,16.3
dima_hasao,8,1006.0,68.1,0.3,0.8,18.5,93.9,14.7,14.7,24.3,39.2,550.0,1,0,1,78.7
west_khasi,10,1357.0,59.5,0.25,0.75,23.0,86.4,17.2,2.6,2.6,4.7,168.0,0,0,0,20.2
kohima,4,1481.0,62.4,0.15,0.85,33.9,77.5,33.3,5.2,12.2,14.3,190.0,1,0,1,51.7
west_tripura,9,-26.0,8.0,0.75,0.05,18.7,80.2,8.3,5.6,10.3,17.0,315.0,0,1,0,38.8
dima_hasao,3,968.0,66.4,0.3,0.8,24.9,67.6,20.9,1.5,3.4,2.8,125.0,0,0,0,0.0
kamrup,7,29.0,10.4,0.7,0.1,26.7,79.0,9.2,24.2,19.6,22.9,450.0,0,1,1,86.0
kamrup,4,81.0,18.0,0.7,0.1,29.5,66.4,12.2,5.8,6.6,12.2,180.0,0,0,0,21.0
imphal_west,6,790.0,44.6,0.35,0.5,26.1,93.9,10.4,15.1,29.0,36.1,330.0,1,1,0,55.9
papum_pare,12,413.0,39.4,0.5,0.4,19.6,81.6,3.3,0.1,0.1,0.1,23.0,0,0,0,8.9
kamrup,6,22.0,11.6,0.7,0.1,18.6,92.0,0.5,12.4,26.9,39.0,396.0,1,1,1,63.7
kamrup,11,-19.0,8.3,0.7,0.1,28.5,95.6,7.3,0.7,1.1,1.7,36.0,0,0,0,1.6
dimapur,12,219.0,25.4,0.4,0.2,34.1,66.4,3.0,0.4,0.8,1.6,16.0,0,0,0,2.2
west_tripura,5,-59.0,10.1,0.75,0.05,28.4,84.6,35.6,9.2,15.9,27.8,294.0,0,0,0,29.9
sonitpur,4,66.0,12.3,0.6,0.15,31.3,77.1,40.9,5.4,11.0,14.9,170.0,0,0,0,22.6
imphal_west,4,843.0,44.2,0.35,0.5,30.9,74.3,8.4,3.6,6.7,11.4,150.0,0,0,0,18.2
dimapur,8,176.0,25.9,0.4,0.2,29.2,72.6,11.0,3.2,4.6,6.6,352.0,1,0,0,26.9
kamrup,3,37.0,16.4,0.7,0.1,30.2,61.5,8.3,2.5,4.5,6.2,90.0,0,0,0,0.0
west_tripura,5,10.0,3.1,0.75,0.05,27.8,65.6,2.9,17.8,34.0,27.8,294.0,0,1,0,35.6
sonitpur,1,110.0,14.0,0.6,0.15,19.0,83.6,8.7,5.4,5.9,7.8,34.0,0,0,0,0.0
dima_hasao,9,882.0,72.7,0.3,0.8,30.3,70.7,7.2,20.1,18.7,19.2,375.0,1,1,1,90.9
dimapur,12,136.0,23.2,0.4,0.2,33.6,61.7,13.3,1.2,1.4,1.3,16.0,0,0,0,5.1
west_khasi,8,1288.0,65.9,0.25,0.75,24.1,89.7,10.3,16.6,32.1,31.2,616.0,1,0,1,86.1
west_tripura,2,100.0,12.5,0.75,0.05,24.6,67.5,8.9,0.3,0.5,0.8,63.0,0,0,0,8.1
aizawl,2,1060.0,77.7,0.1,0.8,18.3,84.1,10.9,0.4,0.5,0.8,60.0,0,0,0,2.3
imphal_west,3,827.0,54.2,0.35,0.5,19.4,89.6,4.3,3.7,3.2,2.6,75.0,0,0,0,0.0
papum_pare,7,359.0,41.0,0.5,0.4,24.7,92.8,21.6,11.6,20.8,23.7,575.0,1,0,0,50.2
sonitpur,10,84.0,22.3,0.6,0.15,31.9,67.2,3.2,0.6,1.3,2.2,102.0,0,0,0,5.7
aizawl,1,1107.0,76.2,0.1,0.8,18.4,81.5,0.4,0.6,1.2,2.2,40.0,0,0,0,2.2
dimapur,11,178.0,26.0,0.4,0.2,21.9,65.9,9.8,0.5,0.5,0.8,32.0,0,0,0,11.2
cachar,4,-26.0,16.7,0.65,0.2,22.0,96.9,8.3,7.7,15.2,19.6,220.0,0,1,0,21.4
east_khasi,5,1577.0,56.4,0.2,0.7,28.1,86.6,10.6,6.7,14.0,13.6,308.0,0,0,0,29.1
west_khasi,7,1353.0,58.9,0.25,0.75,29.1,63.8,18.7,0.8,1.0,0.8,700.0,0,0,0,31.3
west_tripura,12,19.0,15.1,0.75,0.05,22.3,63.8,20.0,0.4,0.7,1.2,21.0,0,0,0,0.0
west_khasi,6,1384.0,59.1,0.25,0.75,23.2,78.5,9.3,79.4,155.8,146.5,616.0,1,1,1,98.8
kohima,5,1497.0,75.3,0.15,0.85,18.5,96.9,16.8,17.5,22.8,25.8,266.0,1,0,0,36.7
dima_hasao,2,915.0,60.3,0.3,0.8,21.7,71.4,34.1,0.4,0.7,0.9,75.0,0,0,0,9.9
dima_hasao,3,896.0,62.4,0.3,0.8,24.7,62.8,13.8,14.7,26.8,20.6,125.0,0,0,0,0.0
aizawl,2,1217.0,77.3,0.1,0.8,24.0,83.3,6.7,1.4,2.4,2.6,60.0,0,0,0,0.0
cachar,2,6.0,21.4,0.65,0.2,25.4,82.8,34.2,1.6,3.0,2.2,66.0,0,0,0,6.0
cachar,8,54.0,20.0,0.65,0.2,34.0,91.3,15.2,36.1,36.4,37.7,484.0,1,1,1,100.0
kohima,6,1460.0,67.5,0.15,0.85,21.9,93.7,10.4,13.0,11.8,12.4,418.0,1,0,0,66.8
dimapur,2,134.0,19.3,0.4,0.2,29.4,95.4,5.2,6.7,16.4,32.8,48.0,0,0,0,16.6
imphal_west,6,748.0,45.6,0.35,0.5,31.4,82.1,17.9,15.3,36.5,57.0,330.0,1,0,0,55.6
dima_hasao,8,981.0,75.9,0.3,0.8,20.0,77.3,6.1,17.3,24.9,35.5,550.0,1,0,0,68.8
east_khasi,8,1509.0,59.6,0.2,0.7,24.7,90.4,7.8,1.8,1.8,2.6,484.0,1,0,1,54.6
east_khasi,2,1364.0,56.2,0.2,0.7,26.9,76.8,7.8,5.5,13.7,23.3,66.0,0,0,0,5.3
sonitpur,3,-8.0,15.7,0.6,0.15,35.0,82.0,0.6,1.4,1.3,2.4,85.0,0,0,0,4.0
papum_pare,5,367.0,37.7,0.5,0.4,21.4,82.0,4.9,5.7,8.3,16.1,322.0,0,0,0,21.2
west_tripura,12,0.0,6.5,0.75,0.05,33.6,64.2,8.9,0.7,0.6,0.9,21.0,0,0,0,3.1
aizawl,1,1057.0,75.0,0.1,0.8,23.6,79.6,33.7,0.4,0.8,1.2,40.0,0,0,0,1.0
dima_hasao,6,939.0,64.7,0.3,0.8,34.0,75.0,6.9,4.0,5.3,6.5,550.0,1,1,1,62.8
cachar,2,75.0,9.1,0.65,0.2,33.4,66.9,0.4,0.3,0.3,0.3,66.0,0,0,0,0.0
west_tripura,4,6.0,14.2,0.75,0.05,23.3,61.0,2.4,2.0,3.6,6.1,210.0,0,0,0,14.1
west_khasi,7,1312.0,60.9,0.25,0.75,26.7,61.5,29.2,52.5,77.4,135.7,700.0,1,1,1,95.2
imphal_west,1,812.0,54.8,0.35,0.5,32.5,63.3,1.1,1.8,3.6,5.8,30.0,0,0,0,3.6
papum_pare,5,380.0,41.2,0.5,0.4,31.9,86.4,0.2,37.5,88.1,164.6,322.0,1,0,0,62.9
east_khasi,3,1567.0,49.8,0.2,0.7,20.7,97.1,0.7,1.9,3.1,5.5,110.0,0,0,0,3.2
kamrup,7,54.0,16.1,0.7,0.1,31.5,81.3,2.1,29.0,25.3,33.6,450.0,1,1,1,87.3
kohima,9,1484.0,66.2,0.15,0.85,30.0,87.9,1.8,10.9,13.9,19.5,285.0,1,1,1,82.7
west_tripura,9,17.0,11.5,0.75,0.05,20.7,96.4,13.0,7.6,8.0,6.1,315.0,0,0,0,29.5
dima_hasao,2,1005.0,66.3,0.3,0.8,19.3,74.7,18.5,1.9,1.7,1.6,75.0,0,0,0,1.4
kohima,2,1434.0,75.2,0.15,0.85,28.6,76.8,2.7,7.3,6.5,10.4,57.0,0,0,0,3.0
cachar,2,25.0,17.8,0.65,0.2,33.4,80.0,8.4,9.5,12.9,15.7,66.0,0,0,0,0.0
kamrup,1,131.0,12.6,0.7,0.1,18.7,83.2,7.4,0.1,0.1,0.1,36.0,0,0,0,0.0
dima_hasao,3,937.0,67.3,0.3,0.8,29.2,84.1,14.7,4.7,8.1,6.7,125.0,0,0,0,1.2
dima_hasao,7,1043.0,65.9,0.3,0.8,31.2,84.5,20.4,1.9,2.6,4.7,625.0,0,0,0,44.5
west_khasi,11,1299.0,59.0,0.25,0.75,19.9,72.1,17.5,1.0,0.8,0.8,56.0,0,0,0,5.3
papum_pare,11,377.0,34.7,0.5,0.4,19.6,71.5,12.6,1.0,2.3,2.6,46.0,0,0,0,7.7
sonitpur,10,110.0,13.0,0.6,0.15,18.1,87.1,5.3,19.5,22.4,32.5,102.0,0,1,1,50.7
aizawl,5,1162.0,86.7,0.1,0.8,27.3,82.1,16.1,5.7,10.6,18.4,280.0,1,0,1,48.2
sonitpur,1,90.0,13.1,0.6,0.15,34.7,95.2,35.8,2.9,4.4,5.0,34.0,0,0,0,0.0
sonitpur,4,65.0,17.5,0.6,0.15,33.7,61.9,5.9,4.0,5.6,6.4,170.0,1,0,0,16.3
papum_pare,8,293.0,41.6,0.5,0.4,28.1,83.8,5.7,26.2,26.9,52.3,506.0,1,0,1,87.2
cachar,2,74.0,22.9,0.65,0.2,24.0,74.4,6.2,7.1,7.5,14.3,66.0,0,0,0,0.0
west_khasi,2,1365.0,53.4,0.25,0.75,30.2,68.9,14.7,3.4,6.0,9.8,84.0,0,0,0,0.8
kamrup,8,73.0,23.7,0.7,0.1,32.4,74.5,3.0,0.7,0.9,1.3,396.0,0,0,0,37.0
kamrup,3,25.0,9.7,0.7,0.1,27.1,60.7,21.6,1.1,2.7,3.1,90.0,0,0,0,5.3
aizawl,7,1061.0,79.9,0.1,0.8,32.7,97.8,2.0,42.7,88.0,166.6,500.0,1,1,1,91.1
west_tripura,7,-39.0,5.6,0.75,0.05,33.5,63.6,8.1,0.5,0.6,1.0,525.0,0,0,0,27.8
kohima,1,1510.0,76.5,0.15,0.85,21.6,67.1,4.4,1.1,2.4,2.6,38.0,0,0,0,0.0
dimapur,11,175.0,16.3,0.4,0.2,20.4,64.8,32.0,2.0,1.6,1.7,32.0,0,0,0,0.0
dimapur,3,124.0,23.3,0.4,0.2,24.4,88.8,3.5,7.1,16.2,19.2,80.0,0,1,0,3.8
west_khasi,4,1267.0,68.5,0.25,0.75,19.0,62.3,4.6,1.0,1.6,2.6,280.0,0,0,0,23.6
cachar,5,51.0,22.7,0.65,0.2,22.6,67.9,2.2,4.2,7.9,6.1,308.0,0,0,0,10.6
east_khasi,8,1475.0,48.9,0.2,0.7,26.7,95.3,5.0,13.1,15.1,13.5,484.0,1,0,0,45.4
cachar,1,23.0,20.2,0.65,0.2,20.1,95.5,10.2,2.0,2.6,2.9,44.0,0,0,0,0.0
aizawl,10,1183.0,74.7,0.1,0.8,29.0,84.1,1.6,7.2,12.5,9.2,120.0,1,0,1,42.0
aizawl,4,1091.0,71.9,0.1,0.8,28.5,75.3,3.4,1.1,1.1,1.5,200.0,0,0,0,13.7
papum_pare,5,328.0,46.0,0.5,0.4,33.4,81.6,21.2,12.7,19.8,17.2,322.0,0,0,0,26.2
kohima,7,1442.0,69.6,0.15,0.85,33.8,67.6,0.1,2.6,2.7,4.7,475.0,0,0,0,31.3
imphal_west,8,798.0,44.9,0.35,0.5,24.1,72.2,0.0,4.1,8.7,14.0,330.0,1,0,0,33.2
kamrup,2,149.0,7.3,0.7,0.1,32.0,81.9,1.0,1.9,2.8,2.5,54.0,0,0,0,10.3
east_khasi,7,1541.0,56.8,0.2,0.7,21.4,63.7,11.7,18.9,34.2,63.8,550.0,1,0,0,60.1
cachar,7,-0.0,13.3,0.65,0.2,22.0,75.0,3.8,2.5,5.3,4.9,550.0,0,1,0,32.0
dima_hasao,11,1006.0,66.9,0.3,0.8,22.9,62.1,11.3,4.3,6.5,10.7,50.0,0,0,0,6.6
imphal_west,4,773.0,49.0,0.35,0.5,23.1,62.8,1.9,7.4,16.1,27.4,150.0,0,0,0,30.2
papum_pare,9,373.0,34.4,0.5,0.4,24.0,86.8,1.6,2.4,5.2,9.7,345.0,0,0,0,27.5
kamrup,7,65.0,7.0,0.7,0.1,33.1,90.2,11.9,25.3,53.5,104.6,450.0,1,1,0,63.9
west_tripura,6,-99.0,18.2,0.75,0.05,26.3,95.3,1.2,0.6,0.8,1.0,462.0,0,0,0,28.0
kohima,9,1392.0,65.3,0.15,0.85,27.4,68.6,10.1,115.4,193.1,177.2,285.0,1,1,1,100.0
kohima,6,1491.0,70.0,0.15,0.85,22.9,64.0,4.5,29.1,26.2,29.9,418.0,1,1,0,53.0
aizawl,9,1133.0,76.4,0.1,0.8,21.3,64.0,3.7,2.4,5.5,4.9,300.0,1,0,0,46.7
west_khasi,7,1392.0,62.2,0.25,0.75,30.7,65.1,2.2,46.7,82.5,129.5,700.0,1,1,1,100.0
east_khasi,3,1528.0,60.8,0.2,0.7,22.9,77.9,2.1,3.0,4.3,8.2,110.0,0,0,0,3.5
kamrup,6,67.0,11.5,0.7,0.1,30.0,75.0,0.4,5.8,6.4,9.5,396.0,0,1,1,59.5
aizawl,4,1160.0,67.0,0.1,0.8,21.5,89.5,3.6,4.1,7.0,9.6,200.0,1,0,0,20.6
kamrup,5,57.0,11.8,0.7,0.1,27.9,75.5,10.6,0.4,0.6,0.5,252.0,0,0,0,17.3
kamrup,8,130.0,5.0,0.7,0.1,24.7,71.9,30.4,4.8,10.5,19.7,396.0,0,1,1,67.5
imphal_west,6,841.0,57.5,0.35,0.5,23.3,81.9,2.3,28.8,45.5,80.0,330.0,1,0,1,89.7
aizawl,4,1026.0,73.3,0.1,0.8,22.5,84.9,12.0,0.4,0.3,0.6,200.0,0,0,0,16.8
cachar,2,40.0,12.4,0.65,0.2,33.0,71.0,6.1,3.7,7.3,13.8,66.0,0,0,0,3.8
dima_hasao,11,938.0,68.4,0.3,0.8,31.6,69.3,3.9,1.1,1.8,3.4,50.0,0,0,0,11.3
dima_hasao,5,999.0,58.4,0.3,0.8,18.4,87.1,5.3,16.3,26.4,50.9,350.0,1,1,1,65.2
imphal_west,12,851.0,45.3,0.35,0.5,26.1,69.4,8.7,0.1,0.3,0.3,15.0,0,0,0,0.0
kamrup,4,182.0,17.9,0.7,0.1,32.0,61.6,1.0,1.2,2.0,2.0,180.0,0,1,0,18.8
aizawl,7,1069.0,78.2,0.1,0.8,26.9,62.6,3.9,76.5,126.1,213.0,500.0,1,1,1,98.5
west_khasi,3,1264.0,61.1,0.25,0.75,19.1,67.9,19.6,15.8,35.2,55.7,140.0,0,0,0,7.2
cachar,4,-43.0,7.9,0.65,0.2,30.5,63.9,9.7,1.7,2.8,3.4,220.0,0,1,0,21.2
aizawl,6,1091.0,69.3,0.1,0.8,22.6,95.5,11.5,64.9,114.2,138.9,440.0,1,1,1,100.0
west_tripura,12,-49.0,1.8,0.75,0.05,31.7,64.7,7.1,1.0,1.5,1.0,21.0,0,0,0,4.4
west_khasi,10,1377.0,54.1,0.25,0.75,18.4,76.4,5.6,2.3,2.2,1.7,168.0,1,0,0,16.4
kamrup,12,53.0,6.5,0.7,0.1,25.6,70.8,13.0,0.0,0.1,0.1,18.0,0,0,0,2.2
west_tripura,6,6.0,2.3,0.75,0.05,32.2,65.6,9.6,37.5,47.8,50.6,462.0,1,1,0,72.4
aizawl,10,1122.0,79.4,0.1,0.8,22.0,67.1,0.1,1.6,3.1,5.6,120.0,0,0,0,28.2
cachar,10,27.0,15.7,0.65,0.2,19.6,78.2,48.4,6.2,10.5,15.4,132.0,0,0,0,16.1
dima_hasao,8,921.0,68.8,0.3,0.8,26.8,60.4,15.6,23.7,53.3,64.3,550.0,1,1,1,89.6
imphal_west,5,783.0,49.9,0.35,0.5,20.4,76.3,9.1,7.5,8.8,12.0,210.0,1,0,0,19.2
cachar,8,2.0,8.0,0.65,0.2,22.9,68.0,7.8,21.5,40.2,36.5,484.0,0,1,0,63.3
kamrup,2,85.0,10.0,0.7,0.1,24.4,72.7,49.8,1.2,2.8,2.2,54.0,0,0,0,13.5
kamrup,4,47.0,5.8,0.7,0.1,22.6,79.4,4.1,5.4,5.5,5.4,180.0,0,1,0,20.5
aizawl,4,1171.0,71.3,0.1,0.8,29.8,92.1,3.4,4.3,6.9,7.5,200.0,1,0,1,42.1
kamrup,9,-56.0,11.4,0.7,0.1,29.0,77.0,2.4,13.1,21.9,18.5,270.0,1,0,0,50.5
kohima,1,1393.0,61.6,0.15,0.85,27.4,69.2,2.9,0.6,1.3,2.1,38.0,0,0,0,1.3
west_khasi,10,1385.0,65.0,0.25,0.75,33.1,75.6,0.3,3.4,4.1,7.2,168.0,1,0,0,28.8
dima_hasao,3,946.0,61.6,0.3,0.8,22.2,83.0,13.4,3.5,6.8,9.4,125.0,0,0,0,5.1
west_khasi,12,1350.0,53.2,0.25,0.75,20.3,91.7,21.2,4.1,4.0,4.6,28.0,0,0,0,0.0
cachar,6,-50.0,23.5,0.65,0.2,25.2,95.0,10.3,12.5,10.4,15.6,484.0,0,1,0,41.2
kamrup,1,25.0,8.3,0.7,0.1,21.5,91.7,2.3,5.2,9.9,13.8,36.0,0,0,0,5.2
cachar,10,-64.0,18.7,0.65,0.2,26.6,78.2,0.6,1.7,1.4,2.1,132.0,0,1,0,14.4
west_tripura,3,12.0,10.8,0.75,0.05,33.9,81.8,39.7,2.3,3.0,6.0,105.0,0,0,0,0.0
sonitpur,9,86.0,9.5,0.6,0.15,33.0,71.2,0.9,3.3,4.0,2.8,255.0,0,1,1,47.9
west_khasi,2,1320.0,63.4,0.25,0.75,23.1,76.1,3.8,2.4,4.3,4.6,84.0,0,0,0,0.0
west_khasi,12,1280.0,64.7,0.25,0.75,23.0,82.0,17.5,0.9,1.1,1.0,28.0,0,0,0,0.0
papum_pare,7,341.0,44.7,0.5,0.4,30.2,66.3,3.0,11.4,20.4,24.7,575.0,1,0,1,62.7
aizawl,2,1188.0,69.2,0.1,0.8,29.4,84.4,29.8,2.8,6.0,10.8,60.0,0,0,0,1.4
west_khasi,5,1401.0,51.9,0.25,0.75,21.3,77.4,20.6,9.3,9.9,14.5,392.0,1,0,1,47.9
west_khasi,3,1337.0,52.9,0.25,0.75,26.6,87.7,12.0,25.0,55.2,46.4,140.0,0,0,0,14.8
cachar,12,97.0,15.6,0.65,0.2,34.4,65.8,3.5,1.0,0.9,0.7,22.0,0,0,0,6.6
dimapur,11,94.0,24.5,0.4,0.2,24.7,88.2,2.5,0.5,1.0,0.9,32.0,0,0,0,3.7
kohima,11,1439.0,57.8,0.15,0.85,20.0,67.7,1.9,0.2,0.5,0.5,38.0,0,0,0,0.0
west_khasi,3,1336.0,56.0,0.25,0.75,29.4,89.5,12.4,4.8,6.3,8.6,140.0,0,0,0,2.4
west_tripura,9,-20.0,8.1,0.75,0.05,23.3,97.2,14.2,11.8,16.0,26.9,315.0,0,1,0,30.2
west_tripura,10,85.0,6.6,0.75,0.05,19.1,66.4,19.5,2.0,4.8,5.3,126.0,0,0,0,17.7
west_khasi,4,1354.0,58.0,0.25,0.75,24.2,81.2,6.9,2.7,2.9,4.2,280.0,1,0,1,48.4
papum_pare,10,387.0,50.2,0.5,0.4,28.5,64.5,4.9,27.6,61.4,75.9,138.0,1,1,0,53.3
cachar,7,148.0,12.5,0.65,0.2,24.3,61.5,2.6,8.8,19.3,28.8,550.0,0,1,0,45.7
east_khasi,12,1563.0,52.5,0.2,0.7,26.3,66.6,0.8,1.3,1.8,3.2,22.0,0,0,0,4.8
west_tripura,5,19.0,5.7,0.75,0.05,34.3,69.2,14.4,1.5,2.0,3.6,294.0,0,0,0,13.3
cachar,3,95.0,19.8,0.65,0.2,25.1,90.3,7.6,0.4,0.5,0.8,110.0,0,0,0,2.1
west_tripura,1,2.0,3.7,0.75,0.05,21.8,83.0,5.7,2.1,4.2,7.9,42.0,0,0,0,8.1
west_tripura,10,74.0,6.0,0.75,0.05,32.3,74.2,13.7,0.5,1.0,1.8,126.0,0,0,0,12.5
dimapur,10,125.0,27.9,0.4,0.2,29.8,94.9,15.4,4.3,7.4,11.1,96.0,1,0,0,17.8
kamrup,3,90.0,19.2,0.7,0.1,21.4,82.0,0.9,1.7,2.5,4.9,90.0,0,0,0,0.0
aizawl,6,1079.0,84.0,0.1,0.8,21.0,80.5,5.0,16.0,13.8,26.8,440.0,1,1,1,76.5
aizawl,4,1140.0,82.1,0.1,0.8,20.1,74.3,7.8,1.8,2.4,2.4,200.0,0,0,0,18.1
papum_pare,10,331.0,42.0,0.5,0.4,18.9,67.8,7.9,2.1,1.8,3.2,138.0,0,0,0,21.1
sonitpur,8,-6.0,10.6,0.6,0.15,30.0,96.9,0.4,8.2,15.9,13.6,374.0,0,1,0,34.4
cachar,6,2.0,16.1,0.65,0.2,30.9,89.6,0.1,30.6,43.2,50.1,484.0,1,1,1,97.0
west_tripura,2,26.0,10.4,0.75,0.05,28.6,94.0,2.1,2.6,3.7,5.0,63.0,0,0,0,0.0
dima_hasao,6,868.0,64.8,0.3,0.8,24.9,68.1,9.9,22.5,29.5,58.9,550.0,1,1,0,61.9
west_khasi,3,1336.0,59.4,0.25,0.75,22.8,72.6,8.1,11.0,15.0,14.0,140.0,0,0,0,1.8
papum_pare,2,470.0,40.1,0.5,0.4,31.6,88.6,18.8,3.3,3.9,7.2,69.0,0,0,0,4.0
west_tripura,11,-10.0,12.6,0.75,0.05,29.0,85.5,10.4,5.3,7.4,11.9,42.0,0,1,0,1.1
papum_pare,12,358.0,44.7,0.5,0.4,30.7,94.4,5.0,0.6,0.9,1.5,23.0,0,0,0,4.5
west_khasi,8,1343.0,61.7,0.25,0.75,23.4,77.1,4.8,42.3,53.9,82.6,616.0,1,1,1,96.6
kamrup,5,-8.0,12.1,0.7,0.1,21.8,89.1,4.6,10.5,24.8,20.7,252.0,0,1,1,50.8
dima_hasao,4,993.0,71.9,0.3,0.8,21.4,91.4,11.3,0.5,0.6,0.9,250.0,1,0,0,20.9
west_tripura,2,114.0,4.1,0.75,0.05,24.8,71.1,12.4,2.7,3.7,4.2,63.0,0,0,0,1.4
west_khasi,5,1420.0,58.0,0.25,0.75,24.7,95.9,17.6,7.6,13.1,22.4,392.0,1,0,0,33.7
sonitpur,12,102.0,13.8,0.6,0.15,26.9,75.1,12.6,0.6,1.2,1.5,17.0,0,0,0,6.0
kamrup,1,-55.0,18.5,0.7,0.1,22.7,84.6,2.3,1.0,1.9,2.7,36.0,0,0,0,8.0
dimapur,8,130.0,30.0,0.4,0.2,26.1,74.9,0.3,59.2,131.1,214.0,352.0,1,1,1,98.9
west_tripura,7,15.0,7.5,0.75,0.05,27.3,90.4,13.9,25.0,39.0,58.0,525.0,1,1,1,97.2
cachar,7,-2.0,4.6,0.65,0.2,18.1,87.3,8.2,4.6,6.9,10.3,550.0,0,1,1,60.1
kohima,7,1455.0,64.9,0.15,0.85,27.5,71.7,1.0,21.1,34.1,49.2,475.0,1,1,0,62.8
west_khasi,9,1402.0,64.8,0.25,0.75,23.2,65.2,0.9,18.4,16.4,30.5,420.0,1,0,1,91.9
dimapur,2,234.0,30.2,0.4,0.2,20.5,89.0,10.0,9.3,12.4,24.1,48.0,0,0,0,10.8
kohima,10,1449.0,72.4,0.15,0.85,31.9,97.9,5.3,1.3,1.1,1.9,114.0,1,0,0,14.8
papum_pare,11,356.0,44.0,0.5,0.4,21.4,63.1,4.1,3.9,3.9,7.5,46.0,0,0,0,0.0
dima_hasao,3,975.0,59.3,0.3,0.8,31.9,62.8,6.0,2.8,2.4,4.7,125.0,0,0,0,5.4
kohima,2,1390.0,67.2,0.15,0.85,30.5,70.5,20.6,1.1,1.3,2.2,57.0,0,0,0,9.7
kamrup,5,-66.0,16.3,0.7,0.1,28.3,80.8,2.2,8.0,15.2,21.3,252.0,0,0,0,19.3
kamrup,6,68.0,6.4,0.7,0.1,21.0,71.1,11.5,5.1,9.6,7.2,396.0,1,1,1,58.1
east_khasi,2,1402.0,53.6,0.2,0.7,20.5,76.7,2.2,1.2,2.7,3.4,66.0,0,0,0,5.2
sonitpur,6,163.0,18.1,0.6,0.15,28.4,73.5,1.3,20.2,33.3,23.4,374.0,0,1,0,56.7
cachar,7,-75.0,15.9,0.65,0.2,22.8,94.2,1.7,52.4,71.7,63.4,550.0,1,1,1,93.2
cachar,12,148.0,18.2,0.65,0.2,32.7,81.6,20.2,0.7,1.6,2.8,22.0,0,0,0,3.7
sonitpur,9,124.0,10.7,0.6,0.15,20.5,71.1,0.3,5.5,10.2,9.7,255.0,1,0,0,31.5
sonitpur,6,88.0,17.8,0.6,0.15,21.6,63.2,22.7,52.2,66.1,65.0,374.0,1,1,1,100.0
aizawl,10,1149.0,86.0,0.1,0.8,29.2,91.9,6.4,2.9,5.6,10.2,120.0,0,0,0,21.5
kohima,12,1459.0,70.1,0.15,0.85,19.5,77.5,29.5,0.7,0.8,1.6,19.0,0,0,0,6.1
kamrup,7,68.0,18.9,0.7,0.1,29.4,73.6,6.2,2.1,4.5,5.1,450.0,1,1,1,55.4
papum_pare,3,346.0,36.4,0.5,0.4,27.1,65.1,0.5,1.2,1.1,2.0,115.0,0,0,0,0.0
aizawl,7,1151.0,73.5,0.1,0.8,31.6,72.6,1.6,25.1,37.3,48.7,500.0,1,0,0,56.8
cachar,1,20.0,20.5,0.65,0.2,23.0,86.2,0.0,1.0,1.0,1.4,44.0,0,0,0,0.0
sonitpur,6,46.0,14.8,0.6,0.15,29.5,65.1,3.6,10.1,8.9,9.7,374.0,1,1,1,65.2
dima_hasao,4,954.0,54.5,0.3,0.8,18.4,76.8,8.9,17.3,17.1,29.6,250.0,1,0,1,60.0
dimapur,12,199.0,17.3,0.4,0.2,20.6,88.3,9.0,0.5,0.6,0.8,16.0,0,0,0,0.0
imphal_west,12,787.0,53.6,0.35,0.5,22.1,60.9,0.4,0.9,2.1,1.7,15.0,0,0,0,0.0
west_tripura,9,93.0,14.2,0.75,0.05,31.0,69.8,11.2,0.2,0.3,0.3,315.0,0,1,0,30.7
east_khasi,11,1478.0,57.1,0.2,0.7,19.1,83.6,16.8,1.0,1.9,2.7,44.0,1,0,1,36.7
east_khasi,5,1460.0,58.3,0.2,0.7,26.4,73.6,8.0,7.3,9.1,10.7,308.0,0,0,0,27.7
dima_hasao,2,1058.0,74.7,0.3,0.8,24.3,80.2,0.2,1.7,3.2,2.4,75.0,0,0,0,4.1
kamrup,7,124.0,5.9,0.7,0.1,27.7,93.5,7.4,21.0,29.7,30.4,450.0,1,1,0,50.4
aizawl,9,1184.0,72.4,0.1,0.8,23.7,94.5,0.8,6.9,15.6,25.8,300.0,1,0,0,57.1
kohima,3,1484.0,76.3,0.15,0.85,34.0,68.8,0.6,1.1,2.0,3.0,95.0,0,0,0,0.0
kamrup,6,6.0,11.2,0.7,0.1,28.7,61.6,4.9,27.0,62.9,65.3,396.0,1,1,0,70.2
kamrup,7,8.0,18.2,0.7,0.1,34.0,81.0,6.8,24.6,49.4,94.6,450.0,1,1,1,90.1
sonitpur,5,43.0,9.3,0.6,0.15,25.3,62.8,5.3,19.5,18.9,24.4,238.0,0,0,0,28.3
papum_pare,11,340.0,40.6,0.5,0.4,35.0,70.4,6.0,1.7,2.9,3.1,46.0,0,0,0,8.9
aizawl,8,1068.0,68.6,0.1,0.8,27.1,93.2,0.5,52.5,62.9,88.3,440.0,1,1,0,71.3
dima_hasao,2,989.0,56.3,0.3,0.8,33.8,84.9,1.2,0.9,2.2,2.1,75.0,0,0,0,8.9
kamrup,4,-24.0,15.6,0.7,0.1,18.7,60.6,5.5,3.6,8.5,16.4,180.0,0,0,0,21.5
cachar,11,19.0,11.6,0.65,0.2,24.2,86.0,1.2,0.4,0.9,1.5,44.0,0,0,0,9.6
east_khasi,2,1545.0,60.5,0.2,0.7,18.0,73.1,6.8,0.5,0.4,0.8,66.0,0,0,0,4.7
kohima,2,1462.0,72.3,0.15,0.85,29.5,62.0,0.6,0.8,0.9,1.3,57.0,0,0,0,6.0
east_khasi,7,1547.0,63.0,0.2,0.7,22.9,72.9,7.2,10.6,12.0,15.0,550.0,1,0,0,46.8
kohima,8,1467.0,77.6,0.15,0.85,32.4,97.6,10.0,13.9,19.6,25.8,418.0,1,1,0,61.3
papum_pare,5,385.0,49.1,0.5,0.4,21.6,77.7,39.3,17.3,39.1,64.5,322.0,0,0,0,35.7
sonitpur,11,175.0,14.7,0.6,0.15,31.6,88.9,3.7,0.6,1.2,1.5,34.0,0,0,0,0.0
imphal_west,7,741.0,45.5,0.35,0.5,20.5,91.1,2.6,8.1,9.5,13.3,375.0,0,0,0,42.1
cachar,6,-44.0,10.9,0.65,0.2,19.7,85.8,3.1,35.4,71.3,126.6,484.0,1,1,1,100.0
dimapur,6,162.0,25.8,0.4,0.2,34.3,82.4,0.7,17.1,27.4,42.8,352.0,1,1,1,77.2
cachar,8,4.0,22.7,0.65,0.2,23.2,74.7,34.0,3.7,8.4,9.2,484.0,0,1,1,61.4
kamrup,5,42.0,9.1,0.7,0.1,24.0,62.8,19.4,2.0,2.5,2.4,252.0,0,0,0,20.5
kohima,8,1359.0,71.8,0.15,0.85,30.0,73.2,4.0,15.4,25.6,39.0,418.0,1,0,0,64.3
east_khasi,4,1585.0,63.6,0.2,0.7,22.8,93.1,22.7,5.3,8.1,14.0,220.0,0,0,0,26.1
east_khasi,10,1511.0,60.5,0.2,0.7,28.4,67.0,23.9,2.2,2.3,2.5,132.0,1,0,1,44.0
kamrup,3,22.0,3.5,0.7,0.1,25.3,61.8,7.0,13.1,19.2,29.4,90.0,0,0,0,10.8
west_tripura,11,48.0,6.9,0.75,0.05,22.5,79.8,34.3,3.6,8.0,8.5,42.0,0,0,0,0.2
sonitpur,2,100.0,18.8,0.6,0.15,32.3,80.1,1.3,1.1,1.2,1.7,51.0,0,0,0,0.0
papum_pare,6,397.0,45.9,0.5,0.4,30.2,94.7,10.3,35.5,83.2,113.4,506.0,1,1,0,78.0
imphal_west,7,791.0,48.5,0.35,0.5,24.8,91.8,6.6,18.2,27.6,41.7,375.0,1,0,1,88.9
aizawl,4,1256.0,77.2,0.1,0.8,28.1,95.7,20.1,13.3,13.8,24.8,200.0,1,1,1,58.0
imphal_west,1,810.0,53.1,0.35,0.5,34.9,73.0,4.2,0.0,0.0,0.0,30.0,0,0,0,0.0
dimapur,9,130.0,19.2,0.4,0.2,31.9,86.1,9.6,13.2,21.6,34.1,240.0,0,1,0,51.3
dimapur,9,248.0,27.3,0.4,0.2,22.5,62.0,28.2,6.1,15.2,15.1,240.0,0,0,0,30.3
papum_pare,8,233.0,39.8,0.5,0.4,21.2,64.2,0.8,20.9,41.9,70.3,506.0,1,0,1,91.6
aizawl,4,1183.0,83.0,0.1,0.8,20.1,79.3,0.5,2.5,4.6,9.0,200.0,0,0,0,15.0
kohima,5,1454.0,69.3,0.15,0.85,26.1,94.1,16.0,31.9,42.0,70.5,266.0,1,0,0,45.2
sonitpur,7,63.0,15.0,0.6,0.15,32.3,64.0,29.9,6.4,8.7,15.7,425.0,1,0,0,27.5
west_tripura,1,54.0,9.8,0.75,0.05,24.5,74.3,2.7,0.9,1.8,1.7,42.0,0,0,0,4.3
imphal_west,10,708.0,39.4,0.35,0.5,23.4,95.7,3.0,1.5,2.9,3.6,90.0,1,0,1,34.2
imphal_west,10,762.0,48.9,0.35,0.5,25.8,79.3,3.1,9.0,18.9,30.0,90.0,0,1,1,46.5
papum_pare,10,360.0,33.2,0.5,0.4,22.4,62.6,3.9,3.4,3.4,3.4,138.0,0,0,0,15.4
cachar,2,11.0,15.7,0.65,0.2,32.2,60.6,9.6,0.8,1.0,2.0,66.0,0,0,0,6.8
kohima,3,1401.0,80.3,0.15,0.85,24.0,60.3,13.3,18.0,38.6,65.8,95.0,0,0,0,3.6
cachar,4,-23.0,13.9,0.65,0.2,31.4,63.9,14.9,26.0,44.9,58.7,220.0,0,0,0,45.1
dima_hasao,3,912.0,68.2,0.3,0.8,21.0,73.3,2.8,1.9,4.1,5.1,125.0,0,0,0,0.0
kamrup,7,71.0,2.0,0.7,0.1,20.2,81.7,3.2,23.5,32.6,55.4,450.0,0,1,0,56.1
sonitpur,11,120.0,11.0,0.6,0.15,24.7,96.2,26.0,4.3,6.6,12.7,34.0,0,0,0,1.8
dimapur,4,187.0,24.8,0.4,0.2,32.1,94.5,1.2,14.4,25.7,46.4,160.0,1,1,1,55.1
papum_pare,3,449.0,44.0,0.5,0.4,21.7,83.9,0.6,6.7,5.6,10.6,115.0,0,0,0,8.4
aizawl,5,1053.0,68.8,0.1,0.8,32.3,69.7,58.6,1.5,1.7,2.2,280.0,1,0,1,38.2
west_khasi,12,1346.0,63.0,0.25,0.75,20.6,83.1,9.9,0.7,1.6,2.6,28.0,0,0,0,0.0
sonitpur,2,50.0,7.6,0.6,0.15,34.2,88.4,0.2,0.4,0.4,0.5,51.0,0,0,0,4.3
dimapur,9,109.0,18.1,0.4,0.2,29.7,71.5,5.7,14.5,31.9,39.1,240.0,0,1,1,81.5
dimapur,9,228.0,24.3,0.4,0.2,25.4,76.3,11.3,13.0,16.8,32.6,240.0,1,0,1,67.1
west_khasi,5,1348.0,54.5,0.25,0.75,34.8,72.9,35.5,1.9,4.6,6.9,392.0,1,0,1,42.2
imphal_west,8,793.0,52.0,0.35,0.5,31.0,82.1,24.6,6.7,12.7,11.6,330.0,1,0,0,42.8
kamrup,12,96.0,8.9,0.7,0.1,29.8,62.3,17.0,1.5,2.6,2.0,18.0,0,0,0,0.0
aizawl,10,1083.0,66.6,0.1,0.8,23.5,81.3,3.0,2.8,6.1,8.0,120.0,0,0,0,22.0
imphal_west,7,734.0,35.5,0.35,0.5,33.3,67.6,14.3,2.5,5.2,7.7,375.0,0,0,0,35.1
sonitpur,7,119.0,11.0,0.6,0.15,29.2,71.8,2.1,27.0,23.8,43.7,425.0,1,1,1,88.2
cachar,3,1.0,13.0,0.65,0.2,21.3,74.9,1.1,0.5,0.8,0.7,110.0,0,0,0,0.0
aizawl,10,1151.0,74.2,0.1,0.8,23.3,91.3,2.0,11.8,25.8,43.8,120.0,0,0,0,37.0
aizawl,2,1134.0,74.9,0.1,0.8,30.2,71.4,14.0,9.0,12.2,15.2,60.0,0,0,0,0.3
sonitpur,10,3.0,14.0,0.6,0.15,31.5,79.0,2.7,9.3,10.5,18.4,102.0,1,0,0,22.3
sonitpur,5,80.0,9.2,0.6,0.15,32.0,71.7,22.1,38.8,87.9,158.7,238.0,1,1,1,82.8
imphal_west,6,873.0,43.2,0.35,0.5,25.9,63.6,15.9,3.9,7.3,10.4,330.0,1,0,0,27.2
dimapur,5,178.0,31.5,0.4,0.2,29.0,90.9,7.4,2.4,4.5,8.3,224.0,0,0,0,17.9
dimapur,11,99.0,27.5,0.4,0.2,18.7,85.0,18.8,3.8,7.0,12.8,32.0,0,0,0,6.5
kohima,10,1519.0,83.4,0.15,0.85,22.5,69.3,13.6,0.2,0.2,0.2,114.0,1,0,1,48.4
aizawl,8,1198.0,75.1,0.1,0.8,18.8,87.4,7.8,41.7,83.6,153.0,440.0,1,1,1,100.0
kamrup,3,45.0,10.2,0.7,0.1,33.2,71.0,1.6,14.4,34.7,64.1,90.0,0,0,0,16.0
east_khasi,7,1470.0,54.2,0.2,0.7,25.5,77.6,30.9,54.7,100.4,145.1,550.0,1,1,1,95.2
cachar,10,15.0,14.1,0.65,0.2,22.1,74.6,1.1,2.8,6.3,8.6,132.0,0,1,0,21.6
aizawl,11,1168.0,72.2,0.1,0.8,28.3,71.8,5.9,0.6,0.6,0.4,40.0,0,0,0,0.9
west_tripura,7,-2.0,13.6,0.75,0.05,33.2,97.4,5.1,13.3,14.5,27.3,525.0,0,0,0,50.2
kamrup,7,23.0,5.0,0.7,0.1,24.3,73.6,67.4,5.6,7.5,12.9,450.0,0,0,1,53.9
west_khasi,12,1359.0,60.5,0.25,0.75,25.9,95.2,12.4,1.0,1.3,1.4,28.0,1,0,0,5.6
dima_hasao,1,870.0,63.2,0.3,0.8,23.0,73.8,4.0,2.6,6.4,5.7,50.0,0,0,0,1.8
west_tripura,8,-32.0,17.1,0.75,0.05,27.5,95.1,7.1,18.8,29.6,54.9,462.0,1,1,1,74.8
east_khasi,6,1514.0,50.5,0.2,0.7,29.5,78.3,47.9,6.2,11.8,20.2,484.0,0,1,0,39.3
kamrup,6,107.0,6.7,0.7,0.1,31.1,91.1,18.4,2.2,2.5,4.3,396.0,0,1,0,24.6
east_khasi,5,1478.0,48.2,0.2,0.7,20.2,64.5,1.8,3.7,7.9,10.0,308.0,1,0,1,45.9
east_khasi,8,1613.0,57.8,0.2,0.7,28.5,91.6,18.1,55.0,95.9,153.2,484.0,1,1,1,100.0
west_tripura,11,108.0,15.1,0.75,0.05,19.4,68.1,2.6,0.0,0.0,0.0,42.0,0,0,0,4.1
sonitpur,4,138.0,10.4,0.6,0.15,33.1,68.3,1.1,13.9,29.8,48.7,170.0,0,0,0,29.5
cachar,5,-9.0,21.4,0.65,0.2,31.3,67.5,0.3,18.6,16.8,14.1,308.0,1,1,1,49.3
west_tripura,8,-14.0,4.7,0.75,0.05,19.3,82.7,10.3,155.0,300.8,369.2,462.0,1,1,1,100.0
west_khasi,5,1290.0,60.0,0.25,0.75,30.5,81.9,1.8,8.4,14.1,27.1,392.0,0,0,0,25.1
west_tripura,7,-49.0,3.9,0.75,0.05,23.5,65.0,6.4,65.7,113.5,126.7,525.0,1,1,1,100.0
aizawl,11,1099.0,77.5,0.1,0.8,27.5,87.1,11.3,3.8,8.4,11.0,40.0,0,0,0,9.8
sonitpur,4,128.0,11.1,0.6,0.15,34.4,89.3,0.2,5.0,7.2,8.1,170.0,0,1,0,10.1
kohima,4,1404.0,69.6,0.15,0.85,23.9,80.6,29.3,2.3,2.0,2.7,190.0,0,0,0,14.3
dimapur,12,178.0,19.8,0.4,0.2,31.1,81.9,3.1,0.4,0.7,0.6,16.0,0,0,0,2.1
kohima,9,1500.0,67.9,0.15,0.85,28.9,93.3,4.0,14.5,16.8,32.2,285.0,1,0,1,78.3
west_khasi,1,1323.0,63.4,0.25,0.75,18.1,78.9,13.4,13.7,23.6,39.8,56.0,0,0,0,7.2
imphal_west,3,818.0,57.6,0.35,0.5,25.4,96.5,0.3,2.2,4.8,5.2,75.0,0,0,0,3.3
sonitpur,5,162.0,11.5,0.6,0.15,31.8,87.1,5.3,18.2,17.5,12.5,238.0,0,0,0,26.8
west_tripura,9,30.0,14.1,0.75,0.05,31.9,90.8,6.8,2.6,3.1,3.3,315.0,0,1,0,25.5
dimapur,3,105.0,24.1,0.4,0.2,25.2,64.7,24.2,4.1,9.0,14.1,80.0,0,0,0,0.0
imphal_west,10,798.0,49.3,0.35,0.5,21.3,82.2,1.6,4.4,5.9,4.3,90.0,0,0,0,23.9
kamrup,3,136.0,10.1,0.7,0.1,20.0,83.7,8.0,2.6,5.3,8.0,90.0,0,0,0,8.6
dima_hasao,4,918.0,59.9,0.3,0.8,27.7,75.1,3.5,1.3,1.2,1.0,250.0,0,0,0,22.8
kamrup,4,34.0,16.6,0.7,0.1,22.3,69.3,3.7,21.9,22.7,21.1,180.0,0,1,0,32.3
kamrup,8,81.0,11.5,0.7,0.1,24.3,89.8,0.7,83.4,140.1,175.6,396.0,1,1,0,71.0
kamrup,6,104.0,18.0,0.7,0.1,30.7,70.4,27.9,9.7,10.4,14.4,396.0,0,0,0,41.6
west_tripura,4,41.0,1.9,0.75,0.05,27.5,81.1,5.8,39.9,94.3,86.0,210.0,1,1,1,83.8
east_khasi,6,1563.0,54.4,0.2,0.7,25.2,89.4,17.2,34.7,61.5,60.8,484.0,1,1,1,87.1
kohima,9,1499.0,65.4,0.15,0.85,26.5,90.3,10.9,3.6,3.4,5.6,285.0,1,0,1,65.9
dimapur,11,127.0,31.8,0.4,0.2,19.4,64.2,18.6,0.4,0.8,1.5,32.0,0,0,0,0.0
sonitpur,11,50.0,8.0,0.6,0.15,19.4,96.3,0.0,2.5,6.2,8.1,34.0,0,0,0,0.0
kamrup,4,14.0,19.3,0.7,0.1,20.4,86.9,21.5,3.5,5.6,7.8,180.0,0,1,1,40.2
west_khasi,8,1328.0,62.2,0.25,0.75,34.7,71.1,23.4,29.7,35.9,33.2,616.0,1,1,0,61.4
aizawl,8,1192.0,83.5,0.1,0.8,21.0,77.9,27.1,30.8,62.1,45.6,440.0,1,1,1,82.8
cachar,8,73.0,22.9,0.65,0.2,22.4,97.8,1.7,30.4,71.1,63.3,484.0,1,1,1,94.8
aizawl,9,1163.0,77.7,0.1,0.8,23.1,96.0,7.1,16.3,26.6,32.0,300.0,1,0,1,80.2
west_khasi,6,1364.0,57.5,0.25,0.75,32.5,70.3,5.3,57.7,79.1,138.8,616.0,1,1,0,77.8
cachar,5,126.0,9.8,0.65,0.2,26.3,60.0,22.0,1.9,2.4,3.0,308.0,0,0,0,3.0
west_tripura,12,72.0,2.2,0.75,0.05,19.1,60.5,2.5,0.2,0.2,0.2,21.0,0,0,0,8.6
sonitpur,5,78.0,9.2,0.6,0.15,26.6,69.6,23.3,16.1,28.9,30.6,238.0,0,0,0,36.3
kamrup,7,90.0,18.2,0.7,0.1,32.7,83.0,5.0,2.3,3.9,7.1,450.0,0,1,0,30.6
kamrup,3,22.0,13.8,0.7,0.1,32.2,74.8,8.8,0.1,0.1,0.2,90.0,0,0,0,5.5
aizawl,4,1207.0,70.7,0.1,0.8,31.2,81.0,0.6,1.6,3.1,4.6,200.0,1,0,0,21.3
dima_hasao,11,925.0,74.2,0.3,0.8,35.0,77.5,12.2,3.7,7.6,11.9,50.0,0,0,0,10.0
dima_hasao,11,991.0,62.2,0.3,0.8,33.3,70.9,3.0,1.0,1.7,1.2,50.0,0,0,0,2.8
dima_hasao,5,943.0,65.3,0.3,0.8,26.5,75.0,8.1,1.5,1.9,1.4,350.0,1,0,0,11.7
papum_pare,7,349.0,40.1,0.5,0.4,30.0,86.1,0.6,32.2,71.1,130.6,575.0,1,1,1,100.0
imphal_west,1,756.0,46.7,0.35,0.5,29.5,87.7,4.5,0.5,0.7,0.6,30.0,0,0,0,6.3
papum_pare,1,341.0,44.3,0.5,0.4,20.1,66.4,4.1,0.6,0.6,0.6,46.0,0,0,0,6.5
kohima,3,1508.0,73.4,0.15,0.85,24.4,61.6,14.4,2.7,4.6,8.7,95.0,0,0,0,5.0
papum_pare,3,276.0,45.6,0.5,0.4,19.5,61.0,2.7,13.4,13.3,23.8,115.0,0,0,0,10.8
aizawl,1,1117.0,67.8,0.1,0.8,19.1,92.0,15.1,4.9,11.1,20.7,40.0,0,0,0,6.8
dima_hasao,5,987.0,59.7,0.3,0.8,24.1,90.1,10.0,9.7,14.7,20.8,350.0,0,0,0,24.5
aizawl,5,1093.0,77.7,0.1,0.8,21.2,73.2,29.1,0.9,1.6,2.2,280.0,0,0,0,17.9
west_tripura,12,-70.0,14.9,0.75,0.05,34.3,76.4,8.8,0.3,0.5,0.6,21.0,0,0,0,9.6
papum_pare,5,297.0,51.1,0.5,0.4,30.1,78.3,24.8,3.4,5.8,11.4,322.0,0,1,0,21.4
dimapur,7,158.0,21.9,0.4,0.2,25.2,70.8,15.8,68.3,96.6,122.2,400.0,1,1,0,82.1
west_khasi,8,1461.0,52.4,0.25,0.75,26.1,94.4,8.6,2.5,3.5,6.0,616.0,0,1,0,28.4
east_khasi,4,1529.0,46.1,0.2,0.7,31.0,71.8,16.4,9.9,20.0,16.1,220.0,0,0,0,32.7
kohima,5,1419.0,63.6,0.15,0.85,23.0,94.6,5.5,12.6,24.8,18.6,266.0,0,0,0,38.0
papum_pare,9,335.0,36.1,0.5,0.4,21.0,88.0,0.3,1.7,3.2,5.9,345.0,0,1,0,29.3
aizawl,7,1173.0,66.2,0.1,0.8,28.5,81.3,2.7,0.5,0.4,0.3,500.0,1,0,0,36.0
aizawl,2,1206.0,69.9,0.1,0.8,30.4,70.9,40.6,0.1,0.1,0.2,60.0,0,0,0,10.8
kamrup,9,112.0,11.8,0.7,0.1,18.4,75.1,14.4,17.5,20.0,29.4,270.0,0,1,1,73.3
papum_pare,6,368.0,42.1,0.5,0.4,32.0,83.9,15.4,12.1,9.9,14.6,506.0,1,0,0,45.9
imphal_west,11,823.0,53.0,0.35,0.5,21.1,79.8,6.9,2.8,3.5,4.3,30.0,0,0,0,0.0
aizawl,10,1144.0,74.2,0.1,0.8,23.8,66.2,5.2,3.2,4.3,4.4,120.0,0,0,0,24.0
east_khasi,5,1522.0,54.1,0.2,0.7,20.4,95.7,4.2,8.6,17.0,25.2,308.0,1,1,1,49.6
papum_pare,2,377.0,35.9,0.5,0.4,34.7,66.5,10.8,1.5,2.7,1.9,69.0,0,0,0,5.1
kohima,2,1506.0,65.2,0.15,0.85,32.6,66.5,4.5,1.6,2.7,2.0,57.0,0,0,0,8.5
west_khasi,5,1356.0,52.8,0.25,0.75,19.7,80.8,3.8,13.9,21.7,22.2,392.0,0,0,0,26.2
papum_pare,6,361.0,43.7,0.5,0.4,21.5,92.3,5.5,24.8,49.6,82.4,506.0,1,0,0,60.8
east_khasi,5,1549.0,61.3,0.2,0.7,19.7,74.6,4.1,0.1,0.1,0.1,308.0,0,0,0,27.9
papum_pare,12,390.0,34.3,0.5,0.4,26.0,69.1,29.0,0.8,1.7,3.2,23.0,0,0,0,9.2
papum_pare,5,341.0,36.9,0.5,0.4,20.7,92.5,8.6,2.7,2.8,3.5,322.0,0,1,0,18.4
dima_hasao,3,978.0,71.9,0.3,0.8,21.8,77.9,25.6,1.0,2.2,2.4,125.0,1,0,0,2.0
imphal_west,4,793.0,50.6,0.35,0.5,23.6,70.7,13.3,1.6,2.1,1.9,150.0,0,0,0,15.9
kamrup,10,19.0,15.3,0.7,0.1,33.5,80.3,3.6,1.9,4.0,4.0,108.0,0,0,0,21.5
dimapur,11,110.0,25.1,0.4,0.2,32.5,67.0,1.1,0.2,0.2,0.3,32.0,0,0,0,6.7
west_khasi,11,1428.0,62.7,0.25,0.75,24.8,97.4,45.0,4.6,9.8,8.6,56.0,0,0,0,7.5
cachar,12,25.0,16.4,0.65,0.2,31.7,76.1,1.0,1.2,3.0,4.8,22.0,0,0,0,0.0
kamrup,11,95.0,12.6,0.7,0.1,32.3,68.9,5.0,1.7,4.3,3.2,36.0,0,0,0,1.3
kohima,5,1444.0,62.3,0.15,0.85,29.7,80.0,20.9,0.7,0.6,0.5,266.0,0,0,0,15.5
east_khasi,7,1515.0,52.4,0.2,0.7,26.4,68.2,0.1,18.7,16.6,12.4,550.0,1,1,1,71.6
dimapur,7,143.0,18.0,0.4,0.2,20.3,79.0,22.1,24.8,48.3,58.5,400.0,1,0,0,61.0
west_tripura,1,29.0,2.8,0.75,0.05,30.1,75.1,0.4,4.7,5.2,7.3,42.0,0,0,0,1.8
aizawl,12,1132.0,81.6,0.1,0.8,23.4,82.9,11.2,2.9,6.7,9.0,20.0,0,0,0,1.7
aizawl,4,1135.0,67.1,0.1,0.8,30.3,87.5,9.0,33.2,61.8,119.6,200.0,1,0,1,69.8
west_khasi,12,1347.0,54.1,0.25,0.75,18.4,64.9,16.7,0.4,0.7,0.9,28.0,0,0,0,2.2
west_tripura,4,61.0,10.0,0.75,0.05,22.3,75.5,19.8,0.5,1.2,2.1,210.0,0,0,0,4.6
papum_pare,9,432.0,36.4,0.5,0.4,19.9,77.6,8.7,11.1,9.2,16.3,345.0,0,1,0,33.9
papum_pare,8,353.0,43.7,0.5,0.4,21.3,96.2,22.7,4.5,6.3,8.8,506.0,0,1,0,34.0
papum_pare,6,332.0,43.9,0.5,0.4,34.9,73.9,8.0,13.2,14.9,22.4,506.0,0,1,0,43.1
imphal_west,5,767.0,57.9,0.35,0.5,23.0,77.5,3.1,7.9,15.2,11.7,210.0,0,0,0,21.9
cachar,11,56.0,17.7,0.65,0.2,20.3,97.0,5.8,4.3,7.1,13.7,44.0,0,0,0,0.0
imphal_west,3,797.0,59.1,0.35,0.5,28.0,92.9,10.6,5.9,14.2,10.1,75.0,0,0,0,4.3
east_khasi,2,1511.0,52.1,0.2,0.7,22.1,81.2,12.4,6.6,14.4,11.7,66.0,0,0,0,2.6
kohima,3,1370.0,73.7,0.15,0.85,29.3,73.6,0.2,2.2,3.3,3.9,95.0,1,0,1,26.8
west_tripura,5,50.0,7.0,0.75,0.05,34.8,80.8,10.4,8.9,11.3,16.7,294.0,0,1,0,23.1
west_tripura,9,-2.0,4.2,0.75,0.05,23.6,94.9,0.1,3.6,8.3,9.3,315.0,0,0,0,22.4
cachar,11,-16.0,16.3,0.65,0.2,30.3,84.2,5.9,4.7,4.7,6.5,44.0,0,0,0,5.2
west_khasi,11,1350.0,61.6,0.25,0.75,27.1,97.8,1.5,1.4,2.3,4.5,56.0,1,0,0,8.8
sonitpur,4,144.0,12.2,0.6,0.15,29.6,67.3,2.8,4.1,10.0,8.8,170.0,1,0,1,37.8
west_khasi,4,1246.0,63.0,0.25,0.75,23.1,84.5,1.1,25.9,32.4,39.3,280.0,0,1,0,39.3
west_tripura,5,-11.0,7.8,0.75,0.05,19.7,79.8,44.4,2.7,2.6,2.5,294.0,0,1,0,11.9
dimapur,6,138.0,29.1,0.4,0.2,19.6,64.3,3.5,8.5,12.9,14.1,352.0,0,1,0,39.4
west_khasi,5,1343.0,62.4,0.25,0.75,21.0,81.6,8.4,11.0,12.0,23.7,392.0,0,0,0,23.0
aizawl,5,1119.0,74.5,0.1,0.8,26.2,95.2,1.9,20.3,29.4,27.8,280.0,1,0,0,42.7
kohima,2,1525.0,66.3,0.15,0.85,31.8,60.4,2.5,1.0,1.3,1.6,57.0,0,0,0,4.2
kohima,1,1466.0,71.9,0.15,0.85,30.0,87.9,15.6,0.3,0.6,0.4,38.0,0,0,0,0.0
papum_pare,10,375.0,34.8,0.5,0.4,26.1,88.0,3.3,0.7,0.8,1.2,138.0,0,0,0,18.0
aizawl,10,1084.0,71.2,0.1,0.8,21.0,92.6,20.6,4.6,5.9,5.5,120.0,0,0,0,22.1
sonitpur,8,-8.0,18.8,0.6,0.15,28.3,77.7,22.7,9.8,13.9,19.2,374.0,1,0,1,67.9
dima_hasao,9,926.0,62.3,0.3,0.8,26.9,67.1,3.9,3.8,7.1,13.9,375.0,1,0,0,48.4
sonitpur,11,144.0,21.5,0.6,0.15,29.7,66.4,3.2,2.6,3.5,4.8,34.0,0,0,0,4.5
dimapur,9,132.0,27.8,0.4,0.2,33.2,66.8,7.2,4.5,6.7,10.5,240.0,0,1,0,28.3
east_khasi,7,1517.0,58.9,0.2,0.7,30.7,95.2,1.0,63.5,155.6,152.7,550.0,1,1,1,99.4
kamrup,3,51.0,7.4,0.7,0.1,26.2,78.3,0.9,1.8,2.3,3.2,90.0,0,0,0,9.5
cachar,4,1.0,18.1,0.65,0.2,19.8,86.7,0.2,0.0,0.1,0.2,220.0,1,0,0,12.3
west_khasi,7,1448.0,60.9,0.25,0.75,20.9,81.9,5.7,13.7,19.7,26.1,700.0,1,1,0,60.0
aizawl,8,1166.0,74.7,0.1,0.8,33.9,73.1,2.1,26.4,29.7,42.7,440.0,1,1,0,57.3
cachar,6,-32.0,23.5,0.65,0.2,20.4,74.9,1.0,0.8,1.2,1.1,484.0,0,1,0,26.8
west_tripura,3,-58.0,6.7,0.75,0.05,19.7,63.4,13.2,7.8,18.8,30.2,105.0,0,0,0,5.2
sonitpur,8,88.0,20.0,0.6,0.15,22.8,82.4,3.3,25.5,35.9,71.8,374.0,1,1,1,85.9
west_khasi,11,1349.0,65.7,0.25,0.75,31.8,72.0,5.9,2.2,2.2,2.8,56.0,0,0,0,5.8
cachar,6,81.0,21.4,0.65,0.2,30.5,93.4,22.1,15.2,31.7,41.9,484.0,1,1,1,79.5
papum_pare,1,420.0,36.4,0.5,0.4,19.6,82.9,19.3,2.4,2.6,3.4,46.0,0,0,0,3.1
kamrup,8,115.0,18.6,0.7,0.1,28.7,73.0,5.6,9.1,17.7,26.0,396.0,0,1,1,68.0
east_khasi,4,1552.0,63.8,0.2,0.7,31.6,94.4,5.0,0.3,0.2,0.2,220.0,0,0,0,25.7
cachar,10,58.0,22.1,0.65,0.2,35.0,60.0,1.2,2.4,5.5,7.1,132.0,0,0,0,15.6
cachar,8,10.0,13.0,0.65,0.2,23.0,70.1,10.7,23.9,36.0,62.7,484.0,1,1,1,93.4
sonitpur,3,169.0,14.0,0.6,0.15,32.3,79.4,11.4,2.2,4.5,8.5,85.0,0,0,0,0.0
aizawl,7,1157.0,70.1,0.1,0.8,18.4,67.4,6.2,1.0,1.8,3.2,500.0,1,0,0,36.0
papum_pare,7,224.0,38.6,0.5,0.4,27.1,96.2,3.4,31.3,32.0,32.2,575.0,1,1,1,91.3
dimapur,7,182.0,32.4,0.4,0.2,24.5,75.6,4.3,37.4,92.8,149.3,400.0,1,1,0,79.7
kohima,7,1463.0,77.0,0.15,0.85,26.3,66.1,8.6,18.0,20.0,17.2,475.0,1,1,1,91.2
kamrup,1,79.0,6.8,0.7,0.1,23.0,62.0,10.1,0.3,0.7,0.9,36.0,0,0,0,0.0
imphal_west,4,772.0,45.0,0.35,0.5,25.1,76.3,6.3,3.2,7.0,5.9,150.0,1,0,1,46.2
west_tripura,6,18.0,5.8,0.75,0.05,24.1,69.9,1.0,1.8,2.7,2.7,462.0,0,1,0,22.3
kamrup,6,23.0,16.2,0.7,0.1,34.9,60.8,2.4,27.3,60.6,61.4,396.0,1,1,0,77.8
imphal_west,4,718.0,61.5,0.35,0.5,21.7,79.5,10.5,4.8,11.8,14.6,150.0,0,0,0,14.6
kamrup,11,67.0,12.0,0.7,0.1,19.0,72.6,1.0,2.6,3.5,6.2,36.0,0,0,0,0.0
kamrup,11,135.0,6.9,0.7,0.1,31.6,84.5,1.8,0.6,1.3,1.9,36.0,0,0,0,0.0
west_tripura,4,61.0,14.5,0.75,0.05,24.9,74.8,17.2,1.0,1.6,2.4,210.0,0,1,0,14.3
dima_hasao,12,984.0,49.9,0.3,0.8,19.5,69.9,14.3,2.9,3.4,2.7,25.0,0,0,0,5.5
west_khasi,5,1519.0,61.0,0.25,0.75,18.2,68.8,9.3,4.7,10.5,16.8,392.0,1,0,1,49.9
cachar,2,13.0,17.1,0.65,0.2,19.5,67.8,2.2,1.6,2.3,3.7,66.0,0,0,0,0.0
dimapur,9,226.0,24.8,0.4,0.2,33.5,86.5,2.5,38.3,41.6,65.3,240.0,1,1,0,77.5
aizawl,5,1129.0,75.2,0.1,0.8,28.9,78.8,1.2,18.8,19.5,22.5,280.0,1,1,0,41.6
cachar,2,33.0,25.9,0.65,0.2,34.5,68.5,2.4,2.2,3.8,5.6,66.0,0,0,0,0.6
kamrup,5,54.0,13.0,0.7,0.1,29.6,60.3,2.9,2.5,3.4,6.5,252.0,0,0,0,11.1
east_khasi,8,1582.0,59.1,0.2,0.7,21.0,68.5,3.3,18.3,31.9,41.1,484.0,1,0,0,63.6
west_tripura,9,-40.0,7.3,0.75,0.05,32.5,92.6,23.3,7.7,15.4,18.0,315.0,0,1,0,40.3
aizawl,9,1182.0,72.8,0.1,0.8,28.3,63.0,18.7,2.9,4.2,6.3,300.0,0,0,0,41.5
west_khasi,7,1373.0,61.2,0.25,0.75,32.0,77.8,2.4,66.0,160.4,289.6,700.0,1,1,1,95.8
papum_pare,3,426.0,39.8,0.5,0.4,26.6,89.1,13.9,0.9,1.8,2.0,115.0,0,0,0,5.5
west_khasi,8,1340.0,73.3,0.25,0.75,22.4,68.9,2.7,88.9,139.7,112.3,616.0,1,1,1,100.0
west_khasi,4,1387.0,60.2,0.25,0.75,22.1,79.6,7.1,13.8,33.0,35.3,280.0,1,0,0,28.5
cachar,7,121.0,15.6,0.65,0.2,23.7,97.3,0.7,32.1,51.7,102.0,550.0,1,1,0,74.4
kamrup,4,84.0,4.5,0.7,0.1,29.0,97.4,9.2,12.2,14.3,12.1,180.0,0,0,0,32.1
dima_hasao,12,994.0,53.0,0.3,0.8,20.2,82.0,15.7,0.7,1.5,3.0,25.0,0,0,0,4.2
cachar,4,-1.0,19.4,0.65,0.2,28.8,82.4,9.7,11.6,25.9,27.8,220.0,1,0,0,23.5
west_tripura,1,26.0,7.3,0.75,0.05,18.6,75.2,18.0,6.5,7.7,8.4,42.0,0,0,0,5.8
aizawl,9,1154.0,80.6,0.1,0.8,21.9,60.3,15.2,23.1,41.4,42.9,300.0,1,0,1,87.2
cachar,2,-22.0,14.3,0.65,0.2,31.9,85.8,1.7,0.4,0.6,0.8,66.0,0,0,0,5.6
west_khasi,12,1360.0,57.5,0.25,0.75,30.1,79.6,0.1,0.9,1.2,1.5,28.0,0,0,0,10.7
papum_pare,1,347.0,39.3,0.5,0.4,24.0,62.3,11.5,3.5,8.0,11.1,46.0,0,0,0,4.8
dimapur,11,110.0,21.7,0.4,0.2,19.5,88.9,7.4,0.1,0.2,0.3,32.0,0,0,0,0.0
east_khasi,9,1512.0,50.4,0.2,0.7,31.5,84.0,5.4,20.7,38.6,59.7,330.0,1,0,1,86.1
aizawl,1,1217.0,80.2,0.1,0.8,28.9,63.4,6.2,1.3,1.1,1.3,40.0,1,0,0,15.3
aizawl,1,1225.0,77.1,0.1,0.8,21.1,79.7,2.3,2.3,2.2,2.2,40.0,1,0,1,25.9
papum_pare,2,296.0,45.3,0.5,0.4,28.4,76.1,1.0,1.4,1.2,2.3,69.0,0,0,0,7.7
papum_pare,1,416.0,37.0,0.5,0.4,22.3,62.7,35.8,8.1,8.0,8.5,46.0,1,1,1,12.9
kamrup,12,103.0,9.7,0.7,0.1,20.7,90.4,4.0,0.8,1.7,2.0,18.0,0,0,0,0.0
sonitpur,7,27.0,14.8,0.6,0.15,21.7,67.5,22.0,14.9,14.2,27.8,425.0,0,1,1,70.7
kohima,7,1396.0,69.1,0.15,0.85,27.1,97.1,4.0,17.8,35.6,42.1,475.0,1,0,0,60.1
sonitpur,9,73.0,16.4,0.6,0.15,33.5,71.0,17.1,14.1,15.0,15.2,255.0,0,1,0,42.2
east_khasi,8,1558.0,52.2,0.2,0.7,27.8,66.5,0.2,14.9,26.5,29.8,484.0,1,0,0,69.5
west_tripura,3,-7.0,3.6,0.75,0.05,29.5,79.8,11.7,3.2,2.6,4.0,105.0,0,0,0,0.0
dima_hasao,12,962.0,59.0,0.3,0.8,30.2,76.2,2.1,1.1,1.0,1.9,25.0,0,0,0,0.3
papum_pare,11,304.0,40.6,0.5,0.4,32.7,68.3,10.1,2.1,4.0,6.2,46.0,0,0,0,1.4
kamrup,5,90.0,13.4,0.7,0.1,30.3,91.4,2.3,7.2,17.1,23.2,252.0,0,1,0,18.1
dimapur,11,231.0,19.8,0.4,0.2,33.7,97.9,15.2,0.8,1.8,2.2,32.0,0,0,0,8.5
sonitpur,11,51.0,9.7,0.6,0.15,20.6,77.5,30.2,1.1,2.2,2.7,34.0,0,0,0,5.3
imphal_west,5,748.0,51.1,0.35,0.5,25.0,63.0,9.9,3.1,3.8,5.5,210.0,0,0,0,14.1
aizawl,10,1171.0,84.7,0.1,0.8,18.3,64.8,2.7,3.2,5.8,8.6,120.0,0,0,0,32.4
west_tripura,3,55.0,7.1,0.75,0.05,22.0,77.5,2.2,2.5,3.4,6.1,105.0,0,0,0,1.8
dimapur,2,197.0,27.7,0.4,0.2,33.2,89.9,18.9,2.6,3.6,6.4,48.0,0,0,0,4.2
imphal_west,12,802.0,50.9,0.35,0.5,20.6,97.2,23.1,0.1,0.1,0.2,15.0,0,0,0,3.5
aizawl,2,1201.0,75.6,0.1,0.8,25.9,84.4,4.7,2.4,3.8,7.4,60.0,0,0,0,7.6
east_khasi,2,1532.0,56.9,0.2,0.7,20.3,64.6,25.7,3.4,8.0,5.7,66.0,0,0,0,1.4
sonitpur,8,52.0,9.6,0.6,0.15,19.3,67.5,4.1,11.7,15.4,18.2,374.0,1,1,1,68.1
dima_hasao,10,951.0,65.0,0.3,0.8,22.9,65.2,1.7,7.1,16.1,28.4,150.0,1,1,1,55.5
dima_hasao,5,954.0,62.1,0.3,0.8,22.4,82.4,12.6,14.9,27.4,35.7,350.0,0,1,0,22.5
imphal_west,4,858.0,54.2,0.35,0.5,29.4,63.9,0.7,3.2,6.4,4.6,150.0,0,0,0,14.9
west_khasi,12,1276.0,65.9,0.25,0.75,23.7,95.9,16.3,0.1,0.1,0.1,28.0,0,0,0,1.2
dimapur,5,172.0,34.1,0.4,0.2,24.6,73.4,21.8,7.9,8.1,10.1,224.0,1,0,0,16.4
cachar,1,35.0,15.5,0.65,0.2,29.3,92.8,10.6,0.3,0.5,0.5,44.0,0,0,0,0.0
imphal_west,8,706.0,55.7,0.35,0.5,26.1,72.1,38.1,43.7,90.2,78.8,330.0,1,1,1,100.0
dima_hasao,12,946.0,58.5,0.3,0.8,26.6,86.8,6.2,0.6,1.2,1.9,25.0,0,0,0,2.7
kohima,6,1385.0,69.3,0.15,0.85,29.6,77.2,2.8,9.6,9.2,16.2,418.0,1,1,1,75.4
dima_hasao,1,1075.0,66.9,0.3,0.8,28.0,93.1,7.2,1.4,2.9,5.2,50.0,0,0,0,3.6
kamrup,11,43.0,18.5,0.7,0.1,29.9,87.1,0.4,0.0,0.1,0.2,36.0,0,0,0,5.5
sonitpur,2,85.0,18.7,0.6,0.15,31.1,87.5,14.5,2.5,2.0,3.4,51.0,0,0,0,2.5
aizawl,11,1153.0,88.4,0.1,0.8,27.0,72.5,2.9,4.8,10.4,15.0,40.0,0,0,0,0.0
kohima,3,1377.0,75.3,0.15,0.85,28.9,83.1,8.8,0.3,0.7,0.7,95.0,0,0,0,3.7
sonitpur,9,112.0,9.7,0.6,0.15,29.3,76.1,1.3,7.2,8.3,6.7,255.0,0,1,0,30.9
sonitpur,12,75.0,7.8,0.6,0.15,23.4,64.2,9.9,2.7,3.7,5.6,17.0,0,0,0,6.6
west_tripura,2,44.0,1.9,0.75,0.05,25.5,92.8,4.3,3.0,3.7,4.4,63.0,0,0,0,0.0
east_khasi,11,1478.0,52.7,0.2,0.7,29.7,86.2,27.4,5.3,5.5,9.0,44.0,0,0,0,8.6
dima_hasao,8,1004.0,60.3,0.3,0.8,30.4,92.1,8.1,67.3,62.3,100.2,550.0,1,1,0,72.5
east_khasi,5,1670.0,50.5,0.2,0.7,21.6,65.5,3.6,10.6,22.5,37.7,308.0,1,0,0,21.2
kohima,1,1422.0,64.6,0.15,0.85,28.4,70.7,5.3,5.6,6.9,10.5,38.0,0,0,0,0.0
sonitpur,3,193.0,8.0,0.6,0.15,30.0,95.8,0.9,0.6,0.6,0.9,85.0,0,0,0,5.1
kamrup,5,-37.0,14.5,0.7,0.1,22.7,60.7,27.0,53.6,55.5,43.0,252.0,1,1,1,87.1
west_khasi,11,1354.0,52.2,0.25,0.75,18.6,91.9,0.5,10.0,17.4,24.3,56.0,0,0,0,8.7
west_khasi,7,1302.0,60.7,0.25,0.75,28.2,63.4,14.5,12.7,16.0,13.7,700.0,1,0,0,59.4
west_tripura,2,8.0,8.5,0.75,0.05,18.1,75.0,2.7,5.1,6.5,9.8,63.0,0,0,0,6.2
sonitpur,1,75.0,16.0,0.6,0.15,27.3,82.7,0.0,2.3,2.9,4.7,34.0,0,0,0,0.8
kamrup,3,44.0,9.9,0.7,0.1,23.5,81.4,4.4,3.6,8.6,9.6,90.0,0,0,0,6.6
papum_pare,11,411.0,41.7,0.5,0.4,33.9,90.5,0.2,1.9,2.3,2.0,46.0,0,1,0,6.0
cachar,6,-66.0,13.8,0.65,0.2,22.0,70.2,1.7,0.4,0.8,0.6,484.0,0,0,0,24.8
west_khasi,8,1356.0,62.7,0.25,0.75,31.0,72.6,13.9,7.7,11.5,9.9,616.0,1,1,1,74.5
aizawl,5,1180.0,72.9,0.1,0.8,19.5,80.7,11.6,31.4,62.9,125.1,280.0,0,1,1,78.9
west_tripura,2,18.0,16.9,0.75,0.05,31.8,68.4,0.1,1.4,2.8,2.7,63.0,0,0,0,0.0
west_khasi,6,1416.0,67.5,0.25,0.75,23.9,65.0,9.0,75.1,129.1,148.9,616.0,1,1,1,100.0
cachar,2,-7.0,15.8,0.65,0.2,29.1,89.7,3.9,1.2,1.8,3.4,66.0,0,0,0,9.0
dimapur,7,114.0,20.1,0.4,0.2,21.4,88.0,4.3,21.4,24.2,45.9,400.0,0,1,1,68.4
kohima,5,1459.0,70.9,0.15,0.85,30.9,92.5,13.6,6.8,6.1,9.8,266.0,0,0,0,26.7
dimapur,12,186.0,28.7,0.4,0.2,33.6,85.4,25.2,0.1,0.1,0.1,16.0,0,0,0,1.8
kohima,7,1472.0,81.0,0.15,0.85,18.1,70.9,22.0,120.8,165.2,150.0,475.0,1,1,1,100.0
papum_pare,3,351.0,38.1,0.5,0.4,23.3,63.6,8.8,6.2,7.0,8.4,115.0,0,1,1,29.0
sonitpur,3,136.0,20.7,0.6,0.15,23.8,80.6,8.0,3.1,7.6,13.9,85.0,0,1,0,2.7
west_tripura,12,-76.0,4.1,0.75,0.05,21.9,82.0,0.9,2.6,4.3,3.4,21.0,0,0,0,0.0
kamrup,3,66.0,13.3,0.7,0.1,28.4,85.6,0.7,2.3,4.2,4.1,90.0,0,0,0,3.0
sonitpur,7,95.0,17.4,0.6,0.15,19.3,87.4,8.1,57.5,112.1,82.6,425.0,1,1,1,95.2
aizawl,8,1107.0,72.4,0.1,0.8,23.4,91.3,1.8,6.6,16.1,29.8,440.0,1,0,0,52.0
aizawl,11,1106.0,72.7,0.1,0.8,30.3,87.2,12.8,3.2,3.2,4.8,40.0,0,0,0,0.0
kohima,3,1345.0,75.4,0.15,0.85,23.6,73.2,5.4,0.1,0.3,0.3,95.0,0,0,0,0.0
aizawl,7,1228.0,78.3,0.1,0.8,26.6,97.7,5.7,1.3,1.2,1.4,500.0,1,0,0,39.9
west_khasi,10,1377.0,60.4,0.25,0.75,26.2,82.0,13.8,2.7,6.5,9.8,168.0,0,0,0,30.4
kamrup,11,133.0,8.2,0.7,0.1,27.6,90.2,1.7,1.3,1.3,2.3,36.0,0,0,0,3.5
west_tripura,3,-62.0,10.2,0.75,0.05,21.4,64.2,19.5,1.5,3.3,3.1,105.0,0,0,0,0.0
kohima,8,1414.0,66.3,0.15,0.85,22.8,92.1,39.8,3.0,4.5,6.6,418.0,1,0,0,43.2
sonitpur,7,125.0,12.5,0.6,0.15,21.4,72.1,6.6,22.9,19.9,14.3,425.0,1,1,1,76.3
kohima,1,1513.0,68.0,0.15,0.85,25.5,60.9,14.7,1.3,3.1,2.5,38.0,0,0,0,8.1
sonitpur,5,19.0,24.9,0.6,0.15,21.2,72.0,1.0,8.6,17.0,23.4,238.0,1,0,0,17.8
papum_pare,6,406.0,36.7,0.5,0.4,24.9,85.6,8.5,56.5,111.8,93.5,506.0,1,1,0,84.9
kamrup,12,33.0,0.0,0.7,0.1,22.2,70.7,27.3,4.2,6.2,10.7,18.0,0,0,0,4.7
papum_pare,9,382.0,28.7,0.5,0.4,22.2,89.1,0.9,14.2,26.0,36.7,345.0,1,1,1,71.6
west_tripura,10,113.0,12.7,0.75,0.05,24.1,83.8,21.9,4.5,6.2,12.3,126.0,0,0,0,23.6
west_tripura,10,-39.0,9.4,0.75,0.05,30.3,75.8,11.4,0.1,0.1,0.1,126.0,0,1,0,15.8
dima_hasao,11,954.0,58.3,0.3,0.8,28.5,71.2,30.6,3.3,3.1,4.3,50.0,0,0,0,13.3
west_khasi,9,1325.0,66.7,0.25,0.75,34.6,93.8,16.5,3.2,5.9,11.3,420.0,1,0,0,39.4
imphal_west,12,806.0,49.9,0.35,0.5,25.6,77.3,2.6,0.2,0.3,0.5,15.0,0,0,0,0.0
west_tripura,10,37.0,4.8,0.75,0.05,24.6,94.2,0.4,2.0,1.6,2.4,126.0,0,1,0,12.5
sonitpur,7,34.0,18.0,0.6,0.15,31.8,66.5,5.0,15.0,35.2,27.2,425.0,0,1,0,60.1
papum_pare,12,299.0,43.1,0.5,0.4,25.3,86.7,11.8,0.3,0.5,0.4,23.0,0,0,0,8.2
dima_hasao,8,914.0,55.8,0.3,0.8,33.4,76.6,4.5,11.6,21.1,35.4,550.0,1,0,1,84.8
west_khasi,11,1360.0,60.7,0.25,0.75,33.3,79.5,0.3,0.3,0.5,0.9,56.0,0,0,0,0.0
papum_pare,11,406.0,40.3,0.5,0.4,21.4,91.7,12.8,3.2,7.1,6.0,46.0,0,0,0,8.8
dimapur,3,88.0,21.5,0.4,0.2,26.5,92.7,0.9,0.4,0.8,0.6,80.0,0,0,0,2.5
imphal_west,10,825.0,46.6,0.35,0.5,23.1,78.9,8.9,9.4,19.2,18.1,90.0,1,0,1,53.7
kamrup,1,62.0,20.7,0.7,0.1,18.0,72.4,11.4,2.4,2.2,4.3,36.0,0,0,0,0.0
papum_pare,3,303.0,42.4,0.5,0.4,33.1,63.9,84.7,2.4,2.0,1.5,115.0,0,0,0,0.0
imphal_west,8,799.0,44.9,0.35,0.5,22.8,98.0,4.0,3.7,8.2,8.4,330.0,1,0,0,35.3
kohima,3,1407.0,63.8,0.15,0.85,29.9,61.6,4.7,1.8,2.1,2.7,95.0,0,0,0,0.0
sonitpur,8,89.0,15.1,0.6,0.15,28.5,85.6,1.8,5.8,6.3,4.9,374.0,1,1,0,32.3
west_khasi,4,1292.0,59.9,0.25,0.75,19.5,91.2,4.8,0.7,1.4,2.8,280.0,1,0,1,43.6
west_khasi,5,1276.0,68.8,0.25,0.75,21.1,87.9,2.2,12.0,13.6,16.0,392.0,0,0,0,33.3
kamrup,9,119.0,12.6,0.7,0.1,30.4,80.5,21.0,15.1,22.7,40.2,270.0,1,1,1,84.3
dima_hasao,9,1022.0,67.9,0.3,0.8,19.9,67.3,10.0,19.4,37.8,59.8,375.0,1,1,1,83.5
papum_pare,7,361.0,45.3,0.5,0.4,18.6,61.4,1.0,20.0,25.0,30.8,575.0,1,1,0,55.0
dimapur,4,144.0,23.2,0.4,0.2,29.5,97.4,5.7,0.9,1.7,3.3,160.0,1,0,1,39.6
sonitpur,8,-16.0,16.8,0.6,0.15,27.7,71.4,15.3,7.1,13.9,15.7,374.0,1,0,0,34.1
kohima,10,1439.0,66.9,0.15,0.85,22.7,86.4,22.0,1.7,3.1,4.4,114.0,0,0,0,18.0
kohima,2,1417.0,75.0,0.15,0.85,29.0,66.1,4.0,0.7,0.6,0.9,57.0,0,0,0,5.7
kohima,8,1460.0,74.9,0.15,0.85,30.0,62.6,0.4,7.4,16.4,27.2,418.0,1,0,0,51.8
west_khasi,2,1308.0,62.5,0.25,0.75,29.5,96.0,4.6,1.5,3.0,4.8,84.0,0,0,0,8.6
kohima,12,1515.0,66.9,0.15,0.85,26.4,86.1,25.7,0.1,0.1,0.2,19.0,0,0,0,0.0
papum_pare,1,338.0,45.5,0.5,0.4,33.6,74.0,24.9,1.0,1.3,1.6,46.0,0,0,0,0.0
sonitpur,7,18.0,12.5,0.6,0.15,28.6,74.7,12.5,7.3,8.1,9.2,425.0,0,0,0,33.0
dimapur,1,27.0,27.7,0.4,0.2,28.6,96.4,23.5,0.3,0.5,0.8,32.0,0,0,0,0.0
imphal_west,9,760.0,44.6,0.35,0.5,26.6,96.1,1.1,5.1,8.4,13.3,225.0,1,0,0,42.3
kamrup,2,157.0,23.2,0.7,0.1,23.5,88.8,15.3,3.4,7.2,12.1,54.0,0,0,0,5.7
aizawl,10,1189.0,77.6,0.1,0.8,19.6,81.8,23.9,1.6,3.2,3.0,120.0,0,0,0,21.2
papum_pare,5,343.0,40.8,0.5,0.4,22.1,88.2,1.7,29.8,32.8,35.9,322.0,0,0,0,32.2
imphal_west,9,793.0,46.4,0.35,0.5,19.6,81.5,4.8,0.1,0.1,0.2,225.0,0,0,0,28.2
dima_hasao,11,955.0,68.5,0.3,0.8,25.6,60.1,12.4,8.7,20.4,28.9,50.0,0,0,0,4.1
papum_pare,8,350.0,41.6,0.5,0.4,21.6,89.1,8.7,4.1,8.8,15.2,506.0,0,0,0,31.5
west_khasi,6,1334.0,54.4,0.25,0.75,26.5,72.8,10.4,0.9,1.8,3.6,616.0,1,0,0,41.9
kamrup,4,-57.0,2.2,0.7,0.1,30.9,72.6,1.8,19.5,26.2,41.4,180.0,1,0,0,29.7
kohima,6,1424.0,82.8,0.15,0.85,31.5,90.7,4.9,40.6,45.9,88.2,418.0,1,0,1,85.8
imphal_west,10,824.0,51.9,0.35,0.5,31.9,63.3,9.3,7.7,13.3,23.4,90.0,1,1,0,23.6
aizawl,8,1034.0,68.7,0.1,0.8,27.7,83.4,5.4,3.5,7.0,7.6,440.0,1,0,1,65.3
west_tripura,11,-3.0,11.0,0.75,0.05,19.7,65.6,1.8,0.9,1.4,1.3,42.0,0,0,0,0.0
west_khasi,12,1369.0,58.0,0.25,0.75,24.1,85.3,1.8,3.6,7.8,15.3,28.0,0,0,0,0.0
kohima,2,1412.0,70.7,0.15,0.85,28.0,81.7,1.2,1.6,3.7,6.8,57.0,0,0,0,0.0
sonitpur,11,117.0,9.8,0.6,0.15,30.8,66.3,6.6,0.2,0.4,0.3,34.0,0,0,0,9.6
dima_hasao,1,998.0,67.6,0.3,0.8,26.0,97.9,1.7,1.0,1.6,3.1,50.0,0,0,0,9.9
west_khasi,6,1269.0,63.8,0.25,0.75,33.5,71.2,1.4,4.4,10.4,13.1,616.0,0,0,0,47.8
papum_pare,5,304.0,34.7,0.5,0.4,24.2,61.7,23.1,21.4,27.1,19.9,322.0,1,0,0,37.2
imphal_west,9,853.0,48.8,0.35,0.5,20.5,90.2,6.0,12.9,27.4,33.7,225.0,1,1,0,44.3
west_khasi,12,1285.0,67.3,0.25,0.75,24.4,71.1,4.9,0.9,1.6,1.7,28.0,0,0,0,3.2
sonitpur,1,62.0,21.0,0.6,0.15,21.0,91.9,24.6,11.0,10.2,15.7,34.0,0,0,0,0.0
cachar,8,-10.0,9.7,0.65,0.2,22.2,60.7,6.7,11.3,16.9,27.5,484.0,1,1,1,67.0
cachar,12,21.0,10.7,0.65,0.2,25.6,97.5,10.0,2.3,2.5,1.8,22.0,0,0,0,8.3
west_tripura,12,67.0,9.4,0.75,0.05,23.0,84.9,17.5,0.3,0.6,0.5,21.0,0,0,0,0.0
dimapur,2,205.0,22.7,0.4,0.2,25.7,92.2,3.5,1.7,3.2,4.4,48.0,0,0,0,0.0
east_khasi,10,1510.0,54.2,0.2,0.7,29.4,78.5,1.9,6.0,5.1,7.7,132.0,0,0,0,18.0
dima_hasao,4,951.0,65.0,0.3,0.8,23.8,92.0,15.4,15.5,31.2,39.9,250.0,0,1,0,23.5
sonitpur,7,20.0,7.9,0.6,0.15,27.4,94.4,0.0,20.8,22.7,41.5,425.0,1,1,1,86.5
dima_hasao,8,1022.0,73.8,0.3,0.8,22.0,78.4,6.2,6.3,12.6,17.3,550.0,1,0,0,47.1
dima_hasao,12,932.0,63.5,0.3,0.8,31.7,75.9,3.0,0.5,0.5,0.8,25.0,0,0,0,6.1
west_khasi,2,1380.0,54.6,0.25,0.75,18.2,64.0,3.8,0.1,0.2,0.1,84.0,0,0,0,0.0
dimapur,1,74.0,20.9,0.4,0.2,29.7,93.3,1.1,0.1,0.2,0.3,32.0,0,0,0,0.8
papum_pare,11,269.0,35.9,0.5,0.4,18.7,63.0,3.2,0.1,0.1,0.1,46.0,0,0,0,4.4
aizawl,2,1163.0,69.7,0.1,0.8,23.6,73.9,5.5,2.5,2.7,4.9,60.0,0,0,0,0.0
kohima,8,1494.0,70.1,0.15,0.85,25.4,69.0,14.0,7.7,15.3,17.6,418.0,1,0,1,73.9
papum_pare,10,298.0,50.7,0.5,0.4,27.5,92.0,11.3,9.4,8.0,11.7,138.0,0,0,0,22.9
imphal_west,3,791.0,41.1,0.35,0.5,29.6,85.9,9.2,3.1,3.0,2.2,75.0,0,0,0,0.0
kohima,1,1476.0,74.5,0.15,0.85,22.0,79.9,11.6,0.6,1.5,2.2,38.0,1,0,0,0.0
imphal_west,12,697.0,54.3,0.35,0.5,29.5,79.0,2.4,0.1,0.1,0.3,15.0,0,0,0,0.0
kamrup,9,37.0,11.7,0.7,0.1,25.2,90.0,10.7,1.5,3.7,7.3,270.0,0,0,0,23.4
dimapur,10,79.0,26.8,0.4,0.2,33.2,90.4,4.0,12.3,26.4,48.0,96.0,0,0,0,26.7
kohima,9,1491.0,72.6,0.15,0.85,20.2,92.1,13.2,8.7,19.4,14.2,285.0,1,0,0,51.0
cachar,12,-16.0,19.2,0.65,0.2,21.1,66.6,6.5,0.2,0.3,0.5,22.0,0,0,0,3.3
aizawl,3,1070.0,74.8,0.1,0.8,29.7,88.1,0.3,0.3,0.6,1.2,100.0,0,0,0,0.0
west_tripura,3,-0.0,0.0,0.75,0.05,29.0,89.1,13.4,7.2,16.5,27.5,105.0,0,0,0,7.3
sonitpur,7,42.0,15.8,0.6,0.15,28.7,95.5,8.9,0.3,0.7,1.2,425.0,0,0,0,20.8
papum_pare,10,322.0,37.2,0.5,0.4,20.0,73.9,3.2,6.4,13.5,11.5,138.0,1,0,0,23.4
aizawl,6,1095.0,84.3,0.1,0.8,24.6,93.4,14.4,67.2,154.4,300.3,440.0,1,1,1,98.5
imphal_west,7,882.0,47.0,0.35,0.5,28.1,85.5,3.7,13.0,25.4,48.5,375.0,1,1,1,84.2
dimapur,10,136.0,23.6,0.4,0.2,30.0,94.0,6.8,14.7,20.0,26.4,96.0,0,0,0,21.7
west_tripura,4,-54.0,11.5,0.75,0.05,33.6,86.0,18.4,0.4,0.8,1.6,210.0,0,0,0,14.9
east_khasi,7,1484.0,60.6,0.2,0.7,31.5,70.3,21.0,42.8,102.8,100.8,550.0,1,1,0,77.8
west_khasi,5,1312.0,53.2,0.25,0.75,27.8,84.6,0.4,6.1,13.7,23.9,392.0,1,0,1,52.3
kohima,3,1274.0,77.7,0.15,0.85,27.1,60.0,15.5,11.6,12.2,9.5,95.0,0,0,0,13.2
cachar,7,9.0,16.9,0.65,0.2,20.6,89.6,3.2,0.4,0.4,0.6,550.0,0,1,1,45.3
aizawl,12,1210.0,69.5,0.1,0.8,20.1,84.1,16.3,1.6,3.6,3.4,20.0,0,0,0,0.3
west_tripura,9,68.0,6.1,0.75,0.05,20.7,88.0,13.5,5.4,5.0,6.6,315.0,1,1,1,50.4
east_khasi,12,1491.0,62.6,0.2,0.7,28.6,76.7,16.5,0.8,1.4,1.3,22.0,0,0,0,4.6
imphal_west,6,925.0,48.9,0.35,0.5,34.0,81.7,5.5,25.9,30.6,41.4,330.0,1,0,1,100.0
west_tripura,12,-12.0,14.5,0.75,0.05,33.4,77.1,7.5,0.8,1.3,1.4,21.0,0,0,0,3.5
imphal_west,11,758.0,48.6,0.35,0.5,31.8,69.8,10.8,2.2,5.1,6.1,30.0,1,0,1,25.7
dima_hasao,4,936.0,58.2,0.3,0.8,22.8,87.4,2.5,6.0,6.2,12.3,250.0,0,0,0,28.5
dima_hasao,10,896.0,80.7,0.3,0.8,22.0,89.8,0.4,5.5,9.2,7.9,150.0,0,1,0,31.5
west_tripura,5,61.0,8.0,0.75,0.05,24.4,83.7,59.7,2.0,2.2,3.4,294.0,0,0,0,15.2
papum_pare,6,380.0,38.1,0.5,0.4,24.6,91.5,6.7,8.8,22.0,36.4,506.0,1,1,1,66.9
papum_pare,3,402.0,37.7,0.5,0.4,33.2,95.5,11.3,30.1,70.0,106.9,115.0,0,0,0,7.9
west_tripura,11,46.0,3.6,0.75,0.05,32.9,88.8,3.7,1.2,3.0,4.6,42.0,0,0,0,0.0
cachar,9,95.0,21.6,0.65,0.2,25.4,81.1,1.5,22.9,26.1,36.8,330.0,1,1,1,80.3
imphal_west,12,752.0,44.9,0.35,0.5,24.0,81.1,1.0,2.2,5.2,6.0,15.0,0,0,0,0.0
papum_pare,6,380.0,39.3,0.5,0.4,32.9,97.5,17.0,2.9,3.6,3.6,506.0,0,0,0,40.4
west_tripura,2,13.0,0.0,0.75,0.05,23.7,94.6,9.5,0.5,0.6,0.8,63.0,0,0,0,8.0
west_khasi,9,1362.0,66.4,0.25,0.75,31.8,66.2,6.1,52.9,131.7,126.1,420.0,1,1,1,96.0
kohima,10,1354.0,71.2,0.15,0.85,27.4,78.6,43.5,5.5,7.2,12.8,114.0,0,1,0,21.2
aizawl,11,1184.0,78.6,0.1,0.8,30.4,92.9,5.0,1.4,2.5,4.0,40.0,0,0,0,7.9
west_tripura,7,48.0,2.2,0.75,0.05,25.3,92.8,11.7,9.0,17.5,28.6,525.0,0,1,0,34.1
papum_pare,12,299.0,41.1,0.5,0.4,30.6,78.6,1.2,0.4,0.7,1.1,23.0,0,0,0,0.0
imphal_west,5,810.0,52.8,0.35,0.5,34.2,87.3,13.7,11.7,28.5,56.9,210.0,0,0,0,39.7
dimapur,1,186.0,22.5,0.4,0.2,24.2,97.4,2.6,2.4,5.4,7.0,32.0,0,0,0,0.0
imphal_west,2,725.0,44.5,0.35,0.5,25.9,67.4,14.6,0.4,0.7,0.9,45.0,0,0,0,5.1
kamrup,7,111.0,12.2,0.7,0.1,28.4,63.4,12.4,52.9,97.1,72.9,450.0,1,1,1,98.2
cachar,1,6.0,15.6,0.65,0.2,25.4,66.3,14.4,2.0,2.2,4.2,44.0,0,0,0,0.0
papum_pare,1,356.0,41.6,0.5,0.4,18.8,71.3,28.4,1.5,2.1,4.1,46.0,0,0,0,0.0
dima_hasao,5,942.0,70.1,0.3,0.8,29.8,91.2,12.2,3.8,6.3,5.7,350.0,1,0,0,27.1
cachar,5,37.0,17.3,0.65,0.2,21.0,74.3,2.4,36.8,58.6,51.9,308.0,1,1,0,45.8
papum_pare,5,434.0,32.8,0.5,0.4,33.6,85.4,2.8,24.1,39.4,32.5,322.0,0,0,0,40.6
cachar,1,56.0,25.2,0.65,0.2,25.3,70.5,10.5,0.2,0.2,0.2,44.0,0,0,0,0.0
west_tripura,5,98.0,7.3,0.75,0.05,28.3,82.5,0.5,47.9,54.0,101.6,294.0,0,0,0,49.4
dima_hasao,9,958.0,62.9,0.3,0.8,24.5,72.7,20.1,3.3,7.5,6.4,375.0,1,0,1,67.8
kamrup,6,84.0,5.3,0.7,0.1,30.2,66.4,1.4,5.8,6.0,7.8,396.0,0,1,0,41.0
kohima,2,1468.0,72.9,0.15,0.85,30.2,82.0,9.9,0.9,1.2,2.0,57.0,0,0,0,10.3
aizawl,11,1108.0,75.8,0.1,0.8,30.5,60.3,20.6,6.6,8.7,6.3,40.0,0,0,0,0.0
west_tripura,9,37.0,14.1,0.75,0.05,30.2,84.3,2.6,5.3,10.8,19.3,315.0,0,1,0,37.3
dima_hasao,12,874.0,63.4,0.3,0.8,26.6,83.7,19.3,2.2,4.5,8.2,25.0,0,0,0,0.1
papum_pare,9,367.0,36.4,0.5,0.4,33.1,84.2,2.8,6.8,8.7,12.8,345.0,1,1,0,42.7
dimapur,4,191.0,18.5,0.4,0.2,31.7,71.7,14.8,10.7,19.1,17.0,160.0,1,1,1,49.5
imphal_west,12,752.0,44.6,0.35,0.5,31.9,94.7,2.6,0.7,1.2,1.9,15.0,0,0,0,3.3
east_khasi,12,1391.0,55.3,0.2,0.7,32.8,63.1,2.1,1.6,2.4,2.1,22.0,0,0,0,5.3
papum_pare,1,368.0,39.9,0.5,0.4,33.8,86.0,9.7,3.7,5.4,6.5,46.0,0,0,0,10.8
dimapur,7,171.0,19.3,0.4,0.2,20.8,62.5,18.1,0.4,0.6,1.0,400.0,0,0,0,17.2
dimapur,11,211.0,23.1,0.4,0.2,33.0,60.6,0.7,2.9,4.8,6.8,32.0,0,0,0,9.3
west_khasi,9,1439.0,66.4,0.25,0.75,23.5,76.5,0.9,64.3,127.3,186.0,420.0,1,1,1,96.2
kamrup,1,111.0,12.4,0.7,0.1,33.5,60.4,1.1,0.1,0.2,0.5,36.0,0,0,0,3.7
west_tripura,5,26.0,5.8,0.75,0.05,28.4,61.4,13.4,3.3,3.0,2.3,294.0,0,0,0,10.9
dima_hasao,10,924.0,63.4,0.3,0.8,21.5,86.2,45.3,11.2,18.5,35.4,150.0,0,1,1,56.2
kohima,4,1380.0,67.1,0.15,0.85,24.4,87.9,0.2,3.9,4.9,8.4,190.0,0,0,0,23.8
papum_pare,12,363.0,43.1,0.5,0.4,19.9,92.6,2.4,1.8,1.8,1.6,23.0,0,0,0,13.9
west_tripura,11,-69.0,7.0,0.75,0.05,18.9,72.3,17.8,0.1,0.2,0.2,42.0,0,0,0,5.3
west_khasi,10,1350.0,55.2,0.25,0.75,25.7,96.0,14.8,12.9,29.0,25.4,168.0,0,0,0,26.3
imphal_west,12,830.0,56.4,0.35,0.5,18.8,67.4,22.4,0.5,0.5,0.4,15.0,0,0,0,2.9
aizawl,4,1252.0,79.0,0.1,0.8,32.5,92.8,2.6,6.6,16.4,19.6,200.0,0,0,0,26.9
west_tripura,4,7.0,12.0,0.75,0.05,21.8,67.1,16.1,29.6,25.3,41.1,210.0,1,0,1,61.0
east_khasi,8,1458.0,48.4,0.2,0.7,29.2,71.0,1.9,12.2,19.8,38.1,484.0,1,1,0,39.2
cachar,11,136.0,17.8,0.65,0.2,21.5,91.4,9.6,0.2,0.4,0.6,44.0,0,0,0,6.8
sonitpur,3,100.0,14.0,0.6,0.15,19.5,82.6,25.2,0.8,1.2,2.4,85.0,0,0,0,7.0
cachar,12,94.0,26.8,0.65,0.2,29.7,67.9,12.7,0.8,1.0,1.5,22.0,0,0,0,0.0
imphal_west,2,957.0,54.7,0.35,0.5,34.6,89.0,19.1,0.8,1.1,1.5,45.0,0,0,0,6.4
dimapur,1,143.0,26.3,0.4,0.2,20.9,90.8,3.0,2.2,3.2,2.7,32.0,0,0,0,5.7
dimapur,5,129.0,17.2,0.4,0.2,19.9,67.9,35.2,15.7,19.8,36.3,224.0,0,0,0,26.5
imphal_west,5,751.0,52.2,0.35,0.5,28.9,68.0,0.8,5.7,9.0,7.6,210.0,0,1,1,51.6
cachar,3,4.0,26.8,0.65,0.2,27.3,94.9,6.6,6.0,9.9,17.5,110.0,0,0,0,10.2
aizawl,5,1169.0,73.8,0.1,0.8,28.1,77.0,3.0,11.7,23.7,39.7,280.0,0,1,1,62.4
kamrup,6,32.0,6.1,0.7,0.1,22.4,66.7,2.3,7.6,6.6,6.1,396.0,0,0,0,40.1
kohima,12,1411.0,73.8,0.15,0.85,24.7,80.8,8.8,2.5,3.3,4.0,19.0,0,1,0,0.2
cachar,1,33.0,21.8,0.65,0.2,19.3,95.6,4.5,0.1,0.2,0.4,44.0,0,0,0,5.0
cachar,6,13.0,6.0,0.65,0.2,25.8,96.3,3.5,1.6,2.8,2.4,484.0,0,1,1,52.2
aizawl,1,1077.0,76.7,0.1,0.8,30.4,74.7,1.1,3.1,6.6,8.5,40.0,0,0,0,1.8
papum_pare,10,357.0,41.8,0.5,0.4,33.6,63.5,11.6,3.1,6.2,8.5,138.0,0,0,0,19.1
papum_pare,5,331.0,31.3,0.5,0.4,22.6,63.8,26.1,29.3,37.6,34.0,322.0,1,0,1,68.3
kohima,10,1434.0,69.8,0.15,0.85,18.1,68.3,25.6,5.2,12.3,16.8,114.0,0,0,0,27.7
imphal_west,6,884.0,43.0,0.35,0.5,20.6,60.2,4.1,5.1,6.2,10.9,330.0,0,0,0,35.2
sonitpur,12,-40.0,19.3,0.6,0.15,28.5,62.5,3.5,0.9,1.2,1.4,17.0,0,0,0,1.3
west_khasi,9,1309.0,64.0,0.25,0.75,32.7,72.7,2.9,15.6,12.6,13.9,420.0,1,1,1,80.6
dima_hasao,3,904.0,62.1,0.3,0.8,27.8,89.1,13.7,9.8,18.9,24.1,125.0,0,0,0,6.9
imphal_west,2,797.0,47.6,0.35,0.5,30.6,73.5,6.3,1.8,2.5,3.7,45.0,0,0,0,0.0
imphal_west,3,766.0,48.1,0.35,0.5,18.3,83.6,21.2,3.8,6.7,8.3,75.0,0,0,0,0.0
dimapur,9,116.0,21.4,0.4,0.2,20.2,64.8,16.4,3.7,8.9,9.0,240.0,1,0,1,56.7
imphal_west,7,754.0,55.6,0.35,0.5,32.6,72.1,3.4,74.9,128.7,122.2,375.0,1,1,1,97.5
sonitpur,6,33.0,20.1,0.6,0.15,31.8,73.2,16.7,5.3,9.5,15.4,374.0,0,1,0,33.7
dima_hasao,4,902.0,61.7,0.3,0.8,32.8,70.8,7.0,34.7,60.7,42.9,250.0,1,1,1,75.1
papum_pare,6,254.0,45.1,0.5,0.4,27.2,74.6,5.2,21.3,45.1,73.5,506.0,1,1,0,62.0
west_khasi,6,1341.0,58.5,0.25,0.75,30.1,87.9,33.1,46.5,60.8,45.9,616.0,1,1,0,74.9
east_khasi,4,1569.0,51.3,0.2,0.7,23.0,62.6,21.1,8.4,20.3,15.2,220.0,1,0,1,62.4
aizawl,9,1181.0,70.7,0.1,0.8,29.0,91.3,23.8,5.7,12.0,9.4,300.0,1,1,1,75.6
kohima,9,1450.0,71.9,0.15,0.85,21.7,83.2,2.4,1.0,1.0,1.4,285.0,0,0,0,33.2
papum_pare,1,270.0,42.3,0.5,0.4,32.5,77.9,3.1,0.7,1.6,2.0,46.0,0,0,0,0.0
sonitpur,11,111.0,11.4,0.6,0.15,31.8,61.6,26.4,0.0,0.0,0.0,34.0,0,0,0,0.9
west_khasi,8,1292.0,55.7,0.25,0.75,18.4,79.0,9.3,13.7,12.8,19.0,616.0,1,0,0,55.0
dima_hasao,11,987.0,64.3,0.3,0.8,21.6,89.6,10.0,3.6,3.9,3.0,50.0,0,0,0,0.0
aizawl,10,1140.0,78.5,0.1,0.8,23.8,75.8,6.3,21.6,22.8,42.8,120.0,1,0,0,36.1
dima_hasao,1,951.0,73.9,0.3,0.8,27.2,83.8,39.7,3.5,5.5,4.0,50.0,0,0,0,0.9
papum_pare,6,319.0,36.2,0.5,0.4,21.7,78.8,0.0,6.7,13.8,18.9,506.0,0,0,0,34.9
dimapur,2,150.0,24.1,0.4,0.2,21.4,68.9,5.9,0.4,0.7,0.6,48.0,0,1,0,0.0
dimapur,5,125.0,28.1,0.4,0.2,18.7,84.5,8.0,20.2,26.9,23.5,224.0,0,1,0,35.0
imphal_west,12,814.0,44.3,0.35,0.5,27.7,66.6,12.9,0.1,0.2,0.2,15.0,1,0,0,4.3
east_khasi,1,1508.0,59.6,0.2,0.7,20.5,65.8,4.5,8.4,16.1,19.1,44.0,0,0,0,4.7
imphal_west,6,788.0,56.8,0.35,0.5,31.0,78.4,10.2,12.3,25.5,29.2,330.0,1,0,0,57.0
imphal_west,9,721.0,52.8,0.35,0.5,22.1,61.3,13.0,54.9,95.4,109.4,225.0,1,1,1,100.0
kohima,8,1382.0,67.5,0.15,0.85,25.5,73.6,6.1,16.1,34.9,63.2,418.0,1,0,1,89.0
kamrup,5,28.0,7.6,0.7,0.1,19.8,69.6,3.9,42.2,78.5,144.6,252.0,0,1,0,49.3
papum_pare,4,358.0,41.2,0.5,0.4,18.0,95.5,2.7,9.1,22.6,32.4,230.0,1,1,0,35.8
west_khasi,9,1347.0,59.2,0.25,0.75,19.7,65.9,7.4,51.0,85.3,88.4,420.0,1,1,0,83.0
sonitpur,2,90.0,18.1,0.6,0.15,30.4,76.1,7.8,1.2,1.9,3.1,51.0,0,0,0,5.8
cachar,9,35.0,12.1,0.65,0.2,23.0,82.8,2.5,12.2,29.7,34.7,330.0,0,1,0,42.1
imphal_west,1,723.0,46.8,0.35,0.5,31.3,86.9,3.1,0.6,1.0,1.0,30.0,1,0,0,4.8
papum_pare,2,257.0,38.1,0.5,0.4,19.2,60.4,31.2,4.0,9.1,8.1,69.0,0,0,0,3.9
dima_hasao,11,925.0,65.1,0.3,0.8,31.7,70.1,1.9,1.5,2.5,3.5,50.0,0,0,0,10.9
papum_pare,4,327.0,35.6,0.5,0.4,28.9,70.2,29.3,0.8,1.7,2.7,230.0,0,0,0,17.3
papum_pare,7,386.0,37.1,0.5,0.4,23.2,93.8,0.4,5.6,13.3,23.8,575.0,0,1,1,64.1
sonitpur,4,70.0,8.8,0.6,0.15,18.6,75.7,17.7,2.0,3.4,5.0,170.0,0,1,0,13.0
imphal_west,12,746.0,43.4,0.35,0.5,21.8,79.6,6.6,0.5,0.8,1.1,15.0,0,0,0,4.9
west_tripura,7,-64.0,12.1,0.75,0.05,24.4,97.4,12.8,18.0,26.5,25.8,525.0,1,1,0,61.6
papum_pare,2,377.0,42.0,0.5,0.4,31.8,85.1,37.9,2.1,3.5,5.6,69.0,0,0,0,5.9
west_tripura,11,-22.0,14.3,0.75,0.05,18.5,67.9,21.3,1.7,2.8,5.0,42.0,0,0,0,0.7
cachar,1,9.0,21.3,0.65,0.2,24.5,73.5,1.7,0.6,1.0,0.8,44.0,0,0,0,7.6
kohima,12,1442.0,75.1,0.15,0.85,33.1,83.7,0.4,0.7,1.2,2.1,19.0,0,0,0,3.7
west_khasi,1,1391.0,55.0,0.25,0.75,26.7,72.8,4.3,4.0,5.7,5.0,56.0,0,0,0,4.9
sonitpur,2,88.0,19.1,0.6,0.15,23.4,94.9,17.5,2.0,2.7,3.2,51.0,0,0,0,6.4
kamrup,3,26.0,19.6,0.7,0.1,25.0,91.7,15.9,6.0,7.4,11.9,90.0,0,0,0,0.6
east_khasi,9,1510.0,52.1,0.2,0.7,27.4,91.5,20.6,23.0,51.9,52.5,330.0,1,0,0,61.5
sonitpur,10,57.0,14.8,0.6,0.15,27.8,64.2,4.3,0.3,0.5,0.8,102.0,0,1,1,41.1
dima_hasao,5,947.0,65.5,0.3,0.8,29.2,82.4,1.6,11.4,27.4,30.9,350.0,1,0,0,31.2
dimapur,7,94.0,20.3,0.4,0.2,29.0,88.4,11.3,5.1,6.0,5.1,400.0,1,1,1,48.2
kohima,11,1425.0,57.7,0.15,0.85,32.0,91.3,4.9,3.4,8.3,7.2,38.0,0,0,0,3.4
dimapur,7,101.0,22.8,0.4,0.2,24.2,75.3,0.2,9.5,11.8,18.0,400.0,1,0,1,63.5
west_khasi,1,1435.0,59.4,0.25,0.75,22.6,83.6,13.5,0.5,0.9,0.9,56.0,0,0,0,5.1
dimapur,11,105.0,20.4,0.4,0.2,23.5,94.1,5.5,0.8,1.7,1.7,32.0,0,1,0,3.2
sonitpur,9,28.0,17.4,0.6,0.15,32.6,82.6,4.6,57.4,131.2,199.8,255.0,1,1,0,76.4
kamrup,11,140.0,4.5,0.7,0.1,26.6,70.5,39.1,0.5,0.9,0.9,36.0,0,0,0,2.0
west_tripura,10,-44.0,6.1,0.75,0.05,19.4,60.7,4.0,4.5,8.8,11.4,126.0,0,0,0,14.9
sonitpur,12,98.0,11.0,0.6,0.15,20.2,94.7,0.3,0.5,0.7,0.8,17.0,0,0,0,2.0
aizawl,1,1121.0,80.0,0.1,0.8,33.0,61.0,12.9,6.6,5.5,8.7,40.0,0,0,0,3.7
west_tripura,2,125.0,6.7,0.75,0.05,27.7,78.6,3.0,0.6,1.4,2.3,63.0,0,0,0,0.4
west_khasi,9,1345.0,55.1,0.25,0.75,27.2,79.1,6.5,28.5,49.9,48.8,420.0,1,1,1,85.7
sonitpur,5,7.0,10.9,0.6,0.15,23.6,71.6,18.6,2.8,5.8,10.2,238.0,0,0,0,20.4
papum_pare,5,382.0,46.6,0.5,0.4,23.5,80.5,6.2,79.1,103.8,198.2,322.0,1,1,1,100.0
aizawl,2,1148.0,76.6,0.1,0.8,25.0,72.8,10.7,1.6,2.9,2.9,60.0,0,0,0,0.0
east_khasi,8,1488.0,49.3,0.2,0.7,33.9,68.1,4.5,9.9,19.3,26.1,484.0,0,0,0,41.5
dimapur,7,101.0,22.6,0.4,0.2,34.4,75.9,2.8,2.5,5.7,4.2,400.0,1,0,0,29.1
papum_pare,1,350.0,47.6,0.5,0.4,24.3,79.2,14.5,1.7,1.8,1.4,46.0,0,0,0,6.6
kohima,3,1518.0,73.9,0.15,0.85,32.5,88.7,2.3,0.7,0.6,1.0,95.0,0,0,0,5.6
imphal_west,4,764.0,46.5,0.35,0.5,25.6,65.2,13.0,1.9,4.7,8.9,150.0,0,0,0,16.4
cachar,12,-72.0,18.2,0.65,0.2,25.9,69.7,13.6,2.4,5.8,9.6,22.0,0,0,0,1.1
dimapur,9,123.0,15.8,0.4,0.2,26.1,92.8,0.6,3.6,5.9,11.4,240.0,0,1,0,32.2
east_khasi,11,1588.0,48.4,0.2,0.7,34.7,76.1,2.2,0.3,0.7,1.0,44.0,0,0,0,0.0
cachar,5,126.0,20.9,0.65,0.2,19.6,87.2,3.8,13.4,31.9,26.8,308.0,0,0,0,25.5
papum_pare,12,373.0,35.6,0.5,0.4,25.6,63.9,4.0,2.5,4.4,7.6,23.0,0,0,0,0.1
papum_pare,6,374.0,41.9,0.5,0.4,23.3,93.7,5.5,52.4,104.1,142.1,506.0,1,1,0,75.0
kamrup,9,-44.0,8.4,0.7,0.1,30.7,95.9,2.6,0.4,0.6,1.2,270.0,0,0,0,25.2
imphal_west,3,730.0,51.4,0.35,0.5,27.7,70.3,5.2,1.0,2.0,3.4,75.0,0,0,0,1.0
sonitpur,1,92.0,21.7,0.6,0.15,29.5,77.1,2.7,1.7,2.3,2.0,34.0,0,0,0,0.0
kamrup,10,-22.0,10.4,0.7,0.1,29.2,70.3,1.3,1.1,1.5,2.5,108.0,0,1,0,14.3
aizawl,7,1114.0,70.6,0.1,0.8,30.9,88.3,5.4,4.9,5.7,6.7,500.0,1,0,0,39.2
imphal_west,9,781.0,48.4,0.35,0.5,23.7,83.8,2.8,11.4,15.9,25.5,225.0,1,0,0,47.5
sonitpur,5,69.0,10.6,0.6,0.15,19.2,71.9,41.3,8.8,19.0,19.9,238.0,0,1,0,26.4
dima_hasao,12,904.0,63.2,0.3,0.8,32.7,83.4,45.1,1.6,1.9,1.8,25.0,0,0,0,0.0
west_tripura,12,2.0,6.1,0.75,0.05,25.4,74.9,2.0,1.6,1.9,1.5,21.0,0,0,0,6.6
west_khasi,4,1368.0,54.5,0.25,0.75,29.7,65.1,7.1,21.2,46.9,49.2,280.0,1,1,1,65.4
dimapur,11,140.0,30.0,0.4,0.2,22.1,71.9,7.9,2.2,2.4,2.0,32.0,0,1,1,32.5
imphal_west,3,755.0,51.2,0.35,0.5,21.3,82.5,7.9,0.3,0.7,0.9,75.0,0,0,0,5.8
cachar,3,7.0,14.3,0.65,0.2,24.8,69.5,0.0,13.4,20.7,21.1,110.0,0,0,0,4.9
dima_hasao,10,985.0,59.3,0.3,0.8,19.3,75.8,13.1,0.6,1.1,2.1,150.0,1,0,0,23.2
east_khasi,4,1425.0,55.8,0.2,0.7,31.9,67.5,0.3,12.9,30.2,27.5,220.0,1,0,0,31.9
sonitpur,3,199.0,11.9,0.6,0.15,22.3,67.0,7.2,9.9,24.6,29.8,85.0,0,0,0,3.3
papum_pare,10,339.0,37.5,0.5,0.4,19.9,80.2,24.8,0.7,1.5,1.7,138.0,0,1,1,42.9
kamrup,9,-36.0,21.5,0.7,0.1,33.8,60.2,2.7,9.3,11.1,19.3,270.0,0,0,0,44.5
kohima,11,1515.0,66.5,0.15,0.85,27.7,63.4,5.2,0.4,1.1,0.7,38.0,0,0,0,8.1
imphal_west,2,714.0,53.7,0.35,0.5,32.1,97.0,10.1,5.0,10.8,9.8,45.0,0,0,0,4.4
east_khasi,11,1527.0,58.3,0.2,0.7,22.6,74.9,0.1,0.5,1.1,1.2,44.0,0,0,0,5.3
sonitpur,5,63.0,18.3,0.6,0.15,26.4,85.0,0.2,10.0,15.2,29.7,238.0,0,0,0,36.9
sonitpur,4,34.0,12.1,0.6,0.15,24.6,96.7,1.2,4.1,7.6,8.5,170.0,1,0,0,9.1
west_tripura,10,37.0,3.0,0.75,0.05,19.9,63.4,15.0,8.8,21.5,32.4,126.0,0,0,0,15.8
kohima,6,1366.0,72.0,0.15,0.85,30.5,81.9,11.2,20.7,43.7,80.9,418.0,1,1,1,84.3
west_khasi,3,1309.0,60.7,0.25,0.75,18.6,75.1,27.7,32.3,80.0,116.9,140.0,0,0,0,2.0
papum_pare,11,345.0,42.9,0.5,0.4,33.0,66.3,3.1,1.1,2.3,2.5,46.0,0,0,0,2.1
dima_hasao,2,1006.0,62.1,0.3,0.8,28.7,79.7,4.8,5.2,4.3,6.6,75.0,0,0,0,6.2
east_khasi,10,1600.0,48.4,0.2,0.7,31.5,88.4,4.6,14.2,25.8,33.0,132.0,1,0,1,58.1
sonitpur,4,136.0,18.6,0.6,0.15,26.2,92.9,4.4,37.4,35.4,32.5,170.0,0,0,0,42.0
west_khasi,8,1362.0,61.5,0.25,0.75,30.4,65.2,0.5,11.8,15.8,13.3,616.0,1,0,0,54.0
kohima,6,1473.0,78.1,0.15,0.85,19.8,90.7,10.3,45.7,75.2,149.2,418.0,1,1,1,96.1
aizawl,11,1168.0,71.9,0.1,0.8,26.3,81.1,1.2,2.6,4.1,6.9,40.0,0,0,0,7.2
east_khasi,12,1479.0,55.6,0.2,0.7,22.1,66.5,0.5,1.8,3.8,5.7,22.0,0,0,0,9.2
aizawl,3,1158.0,81.7,0.1,0.8,23.4,60.6,22.9,1.5,3.3,6.2,100.0,0,0,0,2.1
aizawl,10,1099.0,73.6,0.1,0.8,20.3,92.6,1.3,1.8,4.4,4.4,120.0,0,0,0,9.6
west_khasi,6,1462.0,64.4,0.25,0.75,33.4,96.6,3.6,13.7,30.7,50.3,616.0,1,1,0,59.6
dimapur,3,146.0,29.8,0.4,0.2,30.8,65.5,9.5,3.1,5.4,7.7,80.0,0,0,0,0.0
kamrup,6,46.0,17.2,0.7,0.1,24.8,84.2,13.2,9.3,19.7,28.7,396.0,1,0,1,66.3
dima_hasao,4,910.0,67.7,0.3,0.8,23.9,96.5,1.1,0.2,0.4,0.7,250.0,0,0,0,24.6
west_tripura,12,69.0,2.4,0.75,0.05,18.9,81.8,31.9,1.0,2.2,2.8,21.0,0,0,0,0.0
papum_pare,7,323.0,45.9,0.5,0.4,24.0,73.2,1.1,1.4,1.5,1.8,575.0,1,0,1,50.8
east_khasi,6,1516.0,48.3,0.2,0.7,29.6,64.0,31.7,50.8,101.9,171.4,484.0,1,1,1,100.0
cachar,11,43.0,22.0,0.65,0.2,27.1,69.3,6.0,0.4,0.7,0.6,44.0,0,0,0,2.8
west_tripura,6,-40.0,14.1,0.75,0.05,23.3,96.8,16.1,45.8,88.2,120.1,462.0,1,1,1,98.0
kohima,8,1531.0,75.7,0.15,0.85,30.7,73.2,3.6,51.7,52.4,101.6,418.0,1,1,1,97.6
kohima,6,1290.0,73.6,0.15,0.85,19.1,82.2,6.3,39.6,88.3,167.3,418.0,1,1,1,94.2
east_khasi,8,1460.0,48.5,0.2,0.7,20.0,67.1,7.5,5.4,6.7,10.4,484.0,0,1,0,44.6
imphal_west,2,834.0,52.3,0.35,0.5,29.4,96.8,22.1,6.8,9.6,12.2,45.0,0,0,0,5.6
cachar,11,125.0,15.2,0.65,0.2,28.8,85.2,1.1,0.4,0.8,1.5,44.0,0,0,0,10.3
aizawl,2,1060.0,64.8,0.1,0.8,30.5,86.8,24.0,0.5,0.7,0.8,60.0,0,0,0,8.0
east_khasi,3,1505.0,58.6,0.2,0.7,30.9,89.3,15.6,7.6,7.8,7.2,110.0,0,0,0,0.0
imphal_west,4,747.0,51.0,0.35,0.5,30.5,80.9,8.2,9.3,18.4,20.3,150.0,1,0,1,49.1
east_khasi,12,1580.0,55.9,0.2,0.7,29.1,95.2,9.2,0.0,0.0,0.0,22.0,0,0,0,3.4
papum_pare,2,396.0,40.8,0.5,0.4,18.1,89.1,3.2,3.1,5.1,5.6,69.0,0,0,0,0.7
west_tripura,2,-13.0,11.4,0.75,0.05,29.5,94.0,5.8,8.8,13.9,11.6,63.0,0,0,0,2.9
kamrup,9,48.0,11.9,0.7,0.1,28.8,82.2,3.5,4.9,7.6,11.6,270.0,1,1,0,34.7
papum_pare,1,312.0,41.1,0.5,0.4,26.6,75.5,26.7,0.0,0.0,0.1,46.0,0,0,0,1.1
aizawl,10,1150.0,75.4,0.1,0.8,23.9,65.3,6.3,5.4,13.1,22.6,120.0,0,0,0,24.7
dimapur,10,124.0,27.5,0.4,0.2,24.2,77.0,23.2,11.6,24.9,34.0,96.0,1,0,0,17.8
dima_hasao,1,1065.0,66.8,0.3,0.8,26.6,81.5,6.0,2.5,3.2,2.6,50.0,0,0,0,0.0
imphal_west,5,796.0,46.2,0.35,0.5,25.3,90.3,3.9,1.6,3.2,4.4,210.0,0,0,0,18.8
imphal_west,9,837.0,52.3,0.35,0.5,34.1,94.8,8.0,20.9,29.1,33.3,225.0,1,1,1,84.5
kohima,11,1500.0,82.6,0.15,0.85,23.0,95.4,31.2,0.1,0.1,0.2,38.0,0,0,0,11.1
cachar,6,32.0,23.7,0.65,0.2,29.5,78.3,1.4,33.6,65.1,108.7,484.0,1,1,1,100.0
dimapur,4,57.0,26.9,0.4,0.2,31.2,79.1,6.4,2.6,3.7,4.8,160.0,0,1,0,13.6
aizawl,12,1096.0,74.3,0.1,0.8,34.4,88.4,5.6,0.4,0.8,1.4,20.0,0,0,0,1.1
east_khasi,3,1493.0,55.4,0.2,0.7,31.6,66.5,9.4,1.5,2.0,2.2,110.0,0,0,0,0.0
kohima,9,1512.0,63.6,0.15,0.85,28.3,86.1,3.5,25.0,29.5,24.0,285.0,1,1,1,86.7
imphal_west,2,826.0,58.4,0.35,0.5,22.7,97.0,13.0,0.1,0.1,0.1,45.0,0,0,0,0.0
dimapur,6,202.0,21.5,0.4,0.2,21.0,71.6,10.2,1.3,1.9,2.9,352.0,0,0,0,22.1
imphal_west,1,811.0,51.5,0.35,0.5,30.2,79.0,3.2,1.8,4.1,7.3,30.0,0,0,0,8.8
papum_pare,4,369.0,38.7,0.5,0.4,19.3,75.6,6.7,25.7,33.0,52.5,230.0,1,0,0,38.7
aizawl,11,1140.0,85.0,0.1,0.8,23.0,79.3,2.6,0.8,2.0,3.6,40.0,0,0,0,5.7
cachar,9,22.0,20.6,0.65,0.2,26.8,75.2,23.6,2.4,3.2,6.0,330.0,0,0,0,25.8
cachar,8,24.0,19.4,0.65,0.2,29.6,69.7,17.9,20.1,40.2,58.7,484.0,1,1,1,80.4
cachar,3,-48.0,19.7,0.65,0.2,20.7,93.3,4.5,7.4,16.9,16.5,110.0,0,0,0,2.0
aizawl,10,1136.0,68.5,0.1,0.8,26.6,69.9,27.3,4.1,8.9,9.8,120.0,1,1,1,37.2
papum_pare,3,376.0,41.7,0.5,0.4,23.4,68.5,34.9,19.1,20.8,36.1,115.0,0,0,0,10.9
west_tripura,12,48.0,8.4,0.75,0.05,29.2,88.4,1.2,0.1,0.1,0.2,21.0,0,1,0,11.6
kohima,6,1419.0,79.2,0.15,0.85,33.8,88.0,0.2,60.1,143.0,141.0,418.0,1,1,1,92.7
kamrup,4,33.0,12.1,0.7,0.1,33.7,90.9,2.5,16.3,36.5,55.7,180.0,0,0,0,41.9
kohima,4,1440.0,72.1,0.15,0.85,32.4,71.9,7.4,11.4,18.8,27.7,190.0,1,1,1,48.3
sonitpur,5,107.0,11.3,0.6,0.15,34.1,60.1,22.2,6.6,10.0,9.7,238.0,0,0,0,18.5
west_khasi,4,1350.0,54.7,0.25,0.75,19.4,71.9,3.5,8.8,19.1,36.2,280.0,0,0,0,27.2
kamrup,11,51.0,9.9,0.7,0.1,31.7,69.7,11.8,0.6,1.4,1.8,36.0,0,0,0,1.6
dima_hasao,9,974.0,58.3,0.3,0.8,20.4,66.9,18.8,7.9,12.2,15.8,375.0,1,0,1,68.6
west_khasi,7,1339.0,63.4,0.25,0.75,22.5,75.5,3.8,62.1,101.6,71.8,700.0,1,1,0,74.2
kohima,8,1524.0,79.4,0.15,0.85,24.1,69.7,4.8,3.0,3.8,2.8,418.0,1,0,0,46.1
kamrup,1,20.0,10.0,0.7,0.1,22.3,79.1,4.4,3.7,8.4,7.6,36.0,0,0,0,0.0
papum_pare,6,383.0,39.0,0.5,0.4,34.3,75.5,12.7,87.5,185.7,305.3,506.0,1,1,1,95.1
sonitpur,12,137.0,22.9,0.6,0.15,28.6,63.8,2.0,0.0,0.0,0.0,17.0,0,0,0,1.7
imphal_west,11,764.0,46.5,0.35,0.5,23.4,94.1,4.0,0.6,1.4,1.3,30.0,0,0,0,2.8
east_khasi,12,1564.0,52.5,0.2,0.7,22.8,83.7,9.1,0.1,0.1,0.1,22.0,0,0,0,1.9
east_khasi,10,1497.0,55.7,0.2,0.7,24.2,63.2,10.3,8.7,21.0,23.8,132.0,0,0,0,26.8
imphal_west,10,779.0,46.4,0.35,0.5,24.8,84.9,9.6,3.6,5.6,10.2,90.0,1,0,0,17.3
cachar,7,-9.0,24.1,0.65,0.2,19.6,64.3,3.8,9.1,14.4,14.5,550.0,1,0,0,46.3
papum_pare,7,387.0,40.6,0.5,0.4,27.2,62.6,2.5,1.8,1.6,2.4,575.0,1,1,1,59.6
west_khasi,10,1454.0,59.2,0.25,0.75,24.9,61.7,8.8,0.4,1.0,1.0,168.0,0,0,0,17.7
papum_pare,2,363.0,41.7,0.5,0.4,25.4,90.1,1.5,0.1,0.2,0.1,69.0,0,0,0,9.7
imphal_west,5,843.0,49.3,0.35,0.5,20.7,88.4,0.0,6.2,10.9,12.1,210.0,1,0,0,23.2
dimapur,4,106.0,37.2,0.4,0.2,27.9,68.6,0.4,2.3,5.1,6.0,160.0,1,1,1,44.8
imphal_west,7,791.0,56.0,0.35,0.5,23.5,83.4,6.8,2.1,4.8,9.1,375.0,0,1,0,38.7
west_khasi,6,1233.0,50.6,0.25,0.75,32.6,86.7,10.1,46.8,99.8,164.9,616.0,1,1,1,99.3
kohima,8,1459.0,65.3,0.15,0.85,20.2,90.4,14.2,6.4,9.5,8.1,418.0,1,0,0,42.1
aizawl,1,1121.0,65.5,0.1,0.8,21.7,75.5,14.4,0.6,1.2,1.4,40.0,0,0,0,9.9
imphal_west,3,722.0,42.2,0.35,0.5,24.8,66.6,0.3,0.2,0.4,0.8,75.0,0,0,0,6.5
kohima,3,1481.0,75.0,0.15,0.85,22.3,68.2,16.8,3.4,5.3,8.1,95.0,0,0,0,3.0
dima_hasao,2,821.0,61.8,0.3,0.8,33.1,92.9,28.1,2.9,3.4,4.7,75.0,0,0,0,1.2
imphal_west,11,786.0,53.1,0.35,0.5,18.4,95.4,2.9,1.9,2.4,1.9,30.0,0,0,0,0.6
east_khasi,4,1447.0,58.8,0.2,0.7,26.8,62.6,4.3,12.5,20.8,20.6,220.0,0,1,0,29.7
cachar,3,56.0,18.8,0.65,0.2,28.7,96.4,3.3,6.9,10.6,19.4,110.0,0,0,0,4.1
cachar,6,62.0,23.6,0.65,0.2,27.4,97.1,15.5,22.1,34.4,30.6,484.0,1,1,1,95.6
aizawl,12,1042.0,72.9,0.1,0.8,22.6,63.5,4.1,0.0,0.0,0.0,20.0,0,0,0,8.5
sonitpur,11,63.0,11.8,0.6,0.15,28.1,60.3,0.7,1.7,2.3,4.0,34.0,0,0,0,10.3
dima_hasao,7,943.0,70.3,0.3,0.8,23.0,95.4,9.8,49.9,110.3,157.6,625.0,1,1,1,100.0
west_khasi,12,1409.0,57.3,0.25,0.75,34.3,90.4,7.6,0.2,0.3,0.7,28.0,1,0,0,7.4
sonitpur,8,151.0,17.0,0.6,0.15,22.4,75.0,19.0,0.1,0.3,0.4,374.0,0,0,0,14.4
papum_pare,8,393.0,41.7,0.5,0.4,28.5,64.0,8.4,2.5,2.5,2.2,506.0,0,0,0,33.2
kohima,4,1406.0,72.5,0.15,0.85,24.6,83.2,3.7,11.6,9.8,16.1,190.0,0,1,0,30.6
aizawl,3,1141.0,71.8,0.1,0.8,23.7,74.8,14.0,16.0,16.8,21.3,100.0,0,0,0,5.3
papum_pare,7,407.0,41.0,0.5,0.4,26.2,83.8,4.5,72.2,59.1,117.3,575.0,1,1,1,100.0
kamrup,4,108.0,9.7,0.7,0.1,29.0,86.9,17.3,8.4,11.8,17.4,180.0,0,1,0,19.7
kamrup,3,190.0,13.0,0.7,0.1,18.8,61.7,2.4,1.8,4.4,3.7,90.0,0,0,0,5.5
aizawl,10,1142.0,71.3,0.1,0.8,33.0,78.9,5.4,9.1,19.3,37.8,120.0,1,0,0,31.8
cachar,3,78.0,11.9,0.65,0.2,34.7,68.8,22.6,10.4,13.3,25.8,110.0,0,0,0,7.5
papum_pare,9,387.0,39.2,0.5,0.4,19.4,72.8,14.4,63.0,57.1,108.5,345.0,1,1,0,79.5
kamrup,10,24.0,12.4,0.7,0.1,28.9,73.4,1.8,0.5,0.4,0.8,108.0,0,0,0,15.9
cachar,1,19.0,27.0,0.65,0.2,32.4,73.8,1.9,1.7,3.9,5.1,44.0,0,0,0,0.0
cachar,5,-98.0,23.3,0.65,0.2,20.2,93.0,0.6,33.8,56.5,56.1,308.0,1,1,1,75.3
cachar,9,45.0,20.5,0.65,0.2,32.4,73.0,4.4,19.1,30.6,30.0,330.0,1,0,0,62.2
dimapur,10,243.0,18.6,0.4,0.2,34.2,81.8,2.8,1.3,2.2,1.7,96.0,0,1,1,38.2
aizawl,11,1116.0,87.8,0.1,0.8,34.0,71.2,0.7,0.9,1.6,1.2,40.0,0,0,0,0.0
kamrup,12,45.0,13.6,0.7,0.1,20.7,66.8,6.1,2.4,3.1,5.4,18.0,0,0,0,3.2
west_tripura,11,12.0,6.9,0.75,0.05,23.5,78.4,3.0,1.3,2.7,4.8,42.0,0,1,1,30.0
east_khasi,2,1509.0,60.8,0.2,0.7,18.7,85.4,23.7,0.0,0.1,0.1,66.0,1,0,1,30.7
dima_hasao,8,1026.0,67.6,0.3,0.8,25.5,60.2,6.5,22.7,28.3,43.5,550.0,1,1,0,66.9
aizawl,8,1187.0,72.4,0.1,0.8,20.1,61.3,3.5,47.4,71.1,82.1,440.0,1,1,1,100.0
kohima,3,1405.0,66.6,0.15,0.85,31.5,61.0,11.4,6.5,13.9,18.8,95.0,0,0,0,0.0
dima_hasao,7,1043.0,60.0,0.3,0.8,21.5,81.2,4.3,16.8,39.9,36.4,625.0,1,1,1,91.3
aizawl,3,1142.0,69.8,0.1,0.8,28.4,95.8,1.4,5.3,7.8,8.3,100.0,0,0,0,10.7
aizawl,3,1082.0,71.9,0.1,0.8,29.8,95.1,18.4,8.9,14.9,15.2,100.0,0,0,0,8.0
aizawl,11,1178.0,71.1,0.1,0.8,23.2,92.7,11.0,2.6,5.8,11.2,40.0,0,0,0,0.0
imphal_west,5,895.0,48.6,0.35,0.5,30.8,85.7,0.5,5.1,10.4,18.1,210.0,0,0,0,25.7
cachar,12,30.0,11.6,0.65,0.2,27.8,63.9,3.7,0.4,0.6,1.1,22.0,0,0,0,0.0
papum_pare,6,289.0,33.4,0.5,0.4,23.7,79.5,24.0,1.5,2.0,3.0,506.0,0,1,1,48.5
kohima,10,1469.0,70.8,0.15,0.85,32.0,72.4,1.1,6.4,7.1,5.5,114.0,0,0,0,27.9
aizawl,2,1121.0,68.6,0.1,0.8,19.5,80.3,0.1,0.4,0.4,0.4,60.0,0,0,0,3.5
dima_hasao,7,944.0,74.1,0.3,0.8,19.4,84.7,4.5,27.1,50.2,36.7,625.0,1,0,1,89.2
dimapur,3,184.0,21.6,0.4,0.2,27.8,76.6,6.3,0.6,1.2,1.6,80.0,0,0,0,0.0
sonitpur,1,118.0,12.0,0.6,0.15,20.6,73.8,0.2,0.0,0.0,0.0,34.0,0,0,0,5.4
dima_hasao,9,1003.0,60.8,0.3,0.8,34.1,69.0,11.6,25.5,28.8,51.5,375.0,1,1,1,87.4
imphal_west,11,876.0,46.5,0.35,0.5,22.4,62.3,21.6,1.5,3.5,4.9,30.0,1,0,1,27.0
dimapur,3,124.0,28.6,0.4,0.2,23.7,90.6,5.9,0.1,0.3,0.4,80.0,0,0,0,1.7
aizawl,2,1172.0,73.2,0.1,0.8,26.6,80.4,11.3,3.9,4.7,4.0,60.0,0,0,0,8.7
cachar,8,3.0,3.4,0.65,0.2,34.3,89.2,12.7,10.8,26.3,33.5,484.0,0,1,0,47.0
aizawl,10,1147.0,77.9,0.1,0.8,24.4,93.1,15.2,3.4,3.1,5.0,120.0,0,0,0,16.9
kamrup,9,143.0,7.3,0.7,0.1,18.3,89.6,7.5,3.5,4.2,7.1,270.0,0,1,1,59.5
imphal_west,2,852.0,51.7,0.35,0.5,33.4,65.3,2.7,0.7,1.0,1.5,45.0,0,0,0,9.7
sonitpur,8,87.0,14.6,0.6,0.15,25.0,81.8,25.4,3.4,4.0,5.5,374.0,0,1,0,23.2
papum_pare,3,308.0,29.1,0.5,0.4,25.4,84.0,12.7,9.3,15.6,13.3,115.0,0,0,0,5.3
aizawl,9,1144.0,75.3,0.1,0.8,27.3,65.9,7.9,0.7,0.6,1.0,300.0,1,0,1,66.1
kamrup,11,84.0,0.0,0.7,0.1,19.0,94.8,2.4,1.3,3.0,3.2,36.0,0,0,0,0.0
papum_pare,7,415.0,45.3,0.5,0.4,20.9,90.5,18.4,25.2,61.7,108.8,575.0,1,1,0,68.3
imphal_west,7,884.0,47.2,0.35,0.5,25.7,91.4,12.6,4.0,9.0,14.3,375.0,1,1,1,62.2
west_khasi,1,1259.0,63.4,0.25,0.75,25.3,68.7,25.6,4.4,7.3,9.7,56.0,0,0,0,1.3
west_tripura,9,40.0,3.7,0.75,0.05,31.1,86.6,2.9,6.2,11.8,15.9,315.0,0,0,0,35.1
dimapur,4,97.0,24.6,0.4,0.2,26.9,73.5,21.4,7.2,16.9,25.1,160.0,0,0,0,12.5
kohima,7,1504.0,70.2,0.15,0.85,22.7,84.2,12.5,46.2,88.6,160.8,475.0,1,1,1,97.8
west_khasi,10,1247.0,58.4,0.25,0.75,29.6,72.8,6.0,6.4,12.0,11.0,168.0,0,0,0,23.8
west_tripura,12,-4.0,0.0,0.75,0.05,27.6,71.2,2.3,1.2,1.7,2.1,21.0,0,0,0,0.0
aizawl,2,1133.0,74.7,0.1,0.8,32.5,84.1,7.8,1.4,1.8,2.7,60.0,0,0,0,4.3
dimapur,3,224.0,16.5,0.4,0.2,34.5,61.6,19.1,0.5,1.2,2.1,80.0,0,0,0,2.4
east_khasi,8,1505.0,55.1,0.2,0.7,33.8,64.1,20.4,59.6,53.9,44.7,484.0,1,1,1,92.5
dima_hasao,2,970.0,57.4,0.3,0.8,30.7,77.4,0.8,5.0,6.9,6.1,75.0,0,0,0,10.5
east_khasi,10,1475.0,52.5,0.2,0.7,29.2,83.3,7.6,6.9,15.7,23.5,132.0,0,0,0,23.3
imphal_west,7,764.0,60.1,0.35,0.5,23.7,74.9,5.8,8.9,12.2,11.3,375.0,0,0,0,56.1
east_khasi,4,1522.0,46.9,0.2,0.7,33.1,63.2,8.5,3.6,3.3,6.4,220.0,1,0,0,13.3
kamrup,12,32.0,12.4,0.7,0.1,19.0,80.4,3.3,2.4,5.5,4.8,18.0,0,0,0,1.5
west_tripura,1,-152.0,8.4,0.75,0.05,32.8,82.7,18.9,4.4,8.6,9.7,42.0,0,0,0,3.6
aizawl,9,1113.0,77.9,0.1,0.8,24.2,72.0,16.1,2.4,1.9,3.5,300.0,1,0,0,34.2
sonitpur,9,102.0,14.0,0.6,0.15,22.9,74.1,37.1,9.1,20.1,15.3,255.0,1,0,0,44.1
kamrup,7,12.0,11.8,0.7,0.1,24.3,90.7,1.4,5.1,12.0,20.2,450.0,0,0,0,32.6
papum_pare,4,359.0,43.3,0.5,0.4,23.1,63.8,5.9,6.4,10.9,10.9,230.0,0,0,0,30.4
west_tripura,6,9.0,14.0,0.75,0.05,21.7,78.4,3.9,8.1,20.1,21.7,462.0,0,1,1,69.7
dimapur,6,178.0,26.1,0.4,0.2,34.2,82.0,11.9,24.9,52.4,69.0,352.0,1,1,0,70.2
sonitpur,3,28.0,17.7,0.6,0.15,18.0,93.7,21.7,1.8,3.0,4.9,85.0,0,0,0,3.1
dimapur,11,144.0,20.9,0.4,0.2,32.1,90.4,64.9,0.2,0.3,0.3,32.0,0,0,0,1.7
aizawl,5,1180.0,72.1,0.1,0.8,20.7,69.6,1.7,10.6,13.3,24.4,280.0,1,0,0,22.9
east_khasi,9,1557.0,51.5,0.2,0.7,25.7,73.3,11.2,30.7,28.2,50.7,330.0,1,0,0,61.9
dimapur,10,193.0,21.2,0.4,0.2,25.6,95.1,10.7,7.5,12.7,11.7,96.0,1,0,1,48.3
west_khasi,10,1319.0,59.7,0.25,0.75,20.7,71.9,3.4,1.3,1.4,2.5,168.0,0,1,1,47.7
east_khasi,11,1557.0,62.9,0.2,0.7,26.2,83.2,1.0,2.8,3.3,5.7,44.0,0,0,0,0.0
dimapur,4,183.0,36.4,0.4,0.2,26.5,78.8,25.8,6.4,11.6,17.5,160.0,0,0,0,10.4
dimapur,9,172.0,30.1,0.4,0.2,18.3,75.4,17.8,11.1,15.7,25.6,240.0,1,1,1,67.4
imphal_west,8,767.0,63.1,0.35,0.5,21.4,87.3,7.0,4.7,7.1,12.7,330.0,0,1,1,65.3
cachar,6,69.0,20.5,0.65,0.2,20.9,61.1,3.4,0.0,0.1,0.1,484.0,0,0,0,24.1
imphal_west,9,714.0,48.3,0.35,0.5,20.4,71.0,37.4,8.2,10.6,8.3,225.0,1,1,1,63.1
kohima,5,1495.0,70.3,0.15,0.85,29.0,68.9,3.1,21.5,42.5,49.3,266.0,1,0,1,62.9
east_khasi,10,1501.0,53.4,0.2,0.7,27.0,87.4,2.5,2.2,2.7,4.1,132.0,1,0,0,20.4
west_khasi,12,1343.0,53.9,0.25,0.75,29.5,83.2,0.8,1.7,2.5,2.6,28.0,0,0,0,13.5
dimapur,12,114.0,27.4,0.4,0.2,30.7,81.5,12.4,0.6,1.0,1.2,16.0,0,1,1,27.1
cachar,11,47.0,15.8,0.65,0.2,32.0,79.0,16.5,0.9,2.2,3.9,44.0,0,0,0,0.0
sonitpur,12,130.0,10.6,0.6,0.15,33.7,66.2,6.4,0.7,0.7,1.1,17.0,0,0,0,1.8
dima_hasao,8,1000.0,67.7,0.3,0.8,33.9,90.2,10.5,1.4,2.6,2.9,550.0,1,1,1,59.9
west_tripura,3,-27.0,13.8,0.75,0.05,24.0,77.1,6.4,3.5,7.4,13.5,105.0,0,0,0,0.3
sonitpur,4,-3.0,12.7,0.6,0.15,21.1,97.2,1.6,4.0,5.5,6.8,170.0,0,0,0,12.7
imphal_west,7,882.0,50.8,0.35,0.5,33.1,88.0,0.8,16.4,30.7,55.3,375.0,1,0,0,65.0
west_khasi,9,1321.0,67.3,0.25,0.75,18.3,84.4,14.6,4.5,6.3,10.4,420.0,1,1,1,67.1
aizawl,12,1211.0,84.9,0.1,0.8,27.0,78.1,18.9,1.2,2.7,4.9,20.0,0,0,0,0.0
papum_pare,12,376.0,33.9,0.5,0.4,24.0,82.4,24.2,5.8,8.0,8.2,23.0,0,0,0,5.3
kamrup,3,7.0,4.4,0.7,0.1,29.1,75.3,9.6,2.8,4.0,4.8,90.0,0,0,0,0.0
dimapur,11,158.0,24.6,0.4,0.2,21.9,81.2,2.9,1.8,3.6,4.8,32.0,0,0,0,5.2
kamrup,2,54.0,10.0,0.7,0.1,28.3,73.7,27.7,3.3,6.0,9.0,54.0,0,0,0,1.3
cachar,8,-19.0,18.3,0.65,0.2,23.3,77.7,2.9,49.4,90.8,98.4,484.0,1,1,1,98.3
aizawl,7,1134.0,73.9,0.1,0.8,30.7,64.7,0.3,17.5,19.3,14.7,500.0,1,1,1,92.6
sonitpur,2,92.0,18.1,0.6,0.15,31.0,77.1,4.6,2.8,6.0,9.0,51.0,0,0,0,3.8
east_khasi,4,1496.0,53.2,0.2,0.7,29.0,66.8,3.1,1.0,2.3,3.1,220.0,0,0,0,11.5
west_khasi,2,1284.0,69.3,0.25,0.75,18.2,89.6,2.2,17.5,37.1,65.0,84.0,0,0,0,16.7
aizawl,1,1116.0,80.5,0.1,0.8,34.2,89.5,6.3,0.1,0.1,0.1,40.0,0,0,0,1.8
west_tripura,7,80.0,0.3,0.75,0.05,21.6,88.6,0.1,52.5,91.3,93.1,525.0,1,1,0,83.2
dimapur,10,255.0,24.6,0.4,0.2,18.8,61.1,1.6,5.2,11.0,9.4,96.0,0,1,0,19.2
papum_pare,9,374.0,41.3,0.5,0.4,33.7,81.1,1.2,21.6,52.3,38.3,345.0,1,0,1,90.5
east_khasi,12,1565.0,53.0,0.2,0.7,28.8,85.1,0.0,0.6,0.8,1.1,22.0,0,0,0,3.0
aizawl,1,1151.0,75.1,0.1,0.8,34.6,80.1,4.7,2.1,2.6,3.5,40.0,0,0,0,2.8
cachar,11,88.0,21.9,0.65,0.2,33.2,74.6,3.3,1.8,2.5,2.6,44.0,0,0,0,2.5
kohima,8,1447.0,60.0,0.15,0.85,22.3,67.0,2.6,60.4,50.7,87.9,418.0,1,1,0,80.1
kamrup,4,65.0,16.6,0.7,0.1,28.8,97.2,11.5,16.8,20.0,26.0,180.0,0,1,0,26.4
papum_pare,9,333.0,36.2,0.5,0.4,34.3,79.1,7.7,16.2,24.5,47.1,345.0,1,0,0,62.7
east_khasi,4,1502.0,58.5,0.2,0.7,22.0,84.8,2.7,3.1,6.8,10.3,220.0,0,0,0,18.2
kamrup,10,10.0,10.4,0.7,0.1,33.8,69.2,4.5,0.3,0.4,0.5,108.0,0,0,0,19.3
imphal_west,9,740.0,61.6,0.35,0.5,24.1,77.4,11.4,14.9,12.6,13.6,225.0,1,1,0,53.6
west_tripura,4,43.0,10.7,0.75,0.05,26.2,67.2,12.2,0.8,1.3,1.2,210.0,0,1,0,9.2
aizawl,3,1128.0,74.4,0.1,0.8,21.2,91.6,2.1,2.5,6.0,11.8,100.0,0,0,0,0.3
papum_pare,1,262.0,45.5,0.5,0.4,29.9,93.7,15.9,8.0,7.0,5.5,46.0,1,0,0,3.2
west_khasi,4,1400.0,63.4,0.25,0.75,29.9,70.0,8.8,5.9,10.5,17.4,280.0,0,1,0,20.6
papum_pare,1,364.0,38.5,0.5,0.4,34.1,72.5,9.5,0.8,0.9,1.2,46.0,0,0,0,6.7
cachar,2,39.0,17.0,0.65,0.2,29.9,70.1,1.9,2.4,5.3,3.7,66.0,0,0,0,5.7
east_khasi,7,1521.0,62.3,0.2,0.7,27.2,92.2,3.9,4.2,3.9,5.8,550.0,0,0,0,36.5
west_khasi,11,1443.0,64.4,0.25,0.75,23.9,82.6,7.6,5.8,9.3,10.9,56.0,0,0,0,0.7
dimapur,7,188.0,34.9,0.4,0.2,18.9,78.3,17.2,4.0,3.3,3.6,400.0,0,1,0,28.9
aizawl,4,1088.0,72.7,0.1,0.8,24.7,81.5,0.5,1.6,3.1,2.8,200.0,0,0,0,18.8
imphal_west,1,843.0,39.3,0.35,0.5,31.1,79.2,0.9,0.5,1.0,1.0,30.0,0,1,1,37.2
west_tripura,12,94.0,12.5,0.75,0.05,30.1,92.5,10.4,0.5,0.6,0.9,21.0,0,0,0,2.2
sonitpur,2,130.0,9.6,0.6,0.15,34.3,96.6,13.6,0.3,0.3,0.4,51.0,0,0,0,0.6
imphal_west,5,842.0,49.4,0.35,0.5,18.9,71.2,6.7,2.4,2.3,4.3,210.0,0,0,0,17.4
west_tripura,9,10.0,7.0,0.75,0.05,29.1,62.7,0.2,35.2,56.9,84.2,315.0,1,1,1,100.0
aizawl,6,1045.0,70.6,0.1,0.8,22.7,67.7,17.8,29.1,45.9,83.2,440.0,1,0,0,66.2
west_khasi,5,1281.0,56.1,0.25,0.75,31.7,76.1,2.1,3.9,9.3,8.3,392.0,1,0,0,19.7
dima_hasao,10,910.0,67.2,0.3,0.8,29.2,92.5,27.2,0.8,2.1,1.5,150.0,1,0,0,14.6
dima_hasao,8,969.0,59.6,0.3,0.8,32.9,60.4,11.8,3.4,3.1,2.6,550.0,1,0,0,47.9
dimapur,10,149.0,33.1,0.4,0.2,29.1,67.5,5.9,2.3,5.6,10.9,96.0,0,0,0,19.9
kamrup,5,82.0,6.3,0.7,0.1,33.5,83.0,4.5,1.5,1.5,1.1,252.0,0,0,0,20.6
cachar,7,90.0,17.8,0.65,0.2,22.2,77.1,4.4,8.2,8.1,12.7,550.0,0,1,1,68.1
imphal_west,2,892.0,49.5,0.35,0.5,20.3,89.4,42.2,2.5,2.8,3.1,45.0,0,0,0,5.9
imphal_west,2,746.0,50.1,0.35,0.5,22.3,77.9,13.9,1.2,2.2,3.9,45.0,0,0,0,5.7
imphal_west,5,726.0,47.8,0.35,0.5,32.9,62.6,4.0,4.3,4.8,6.3,210.0,1,0,0,26.2
west_khasi,2,1327.0,58.9,0.25,0.75,19.8,85.9,0.1,14.5,12.5,18.1,84.0,0,0,0,13.9
imphal_west,5,695.0,59.6,0.35,0.5,31.0,70.2,5.7,6.3,15.0,25.2,210.0,1,1,1,48.7
imphal_west,10,834.0,50.6,0.35,0.5,25.7,79.4,3.7,1.0,1.2,1.3,90.0,0,0,0,8.4
east_khasi,12,1468.0,45.6,0.2,0.7,19.9,97.8,14.8,0.5,0.4,0.7,22.0,0,0,0,3.8
kohima,7,1533.0,61.5,0.15,0.85,32.3,63.3,9.0,42.0,60.8,78.2,475.0,1,0,0,70.4
aizawl,8,1186.0,59.4,0.1,0.8,19.1,96.1,3.0,28.3,54.7,54.1,440.0,1,1,1,90.4
dima_hasao,6,924.0,56.0,0.3,0.8,27.1,90.0,1.3,96.4,86.6,110.0,550.0,1,1,1,100.0
kohima,11,1478.0,73.0,0.15,0.85,25.3,96.8,21.3,4.4,8.2,9.3,38.0,0,0,0,3.5
kohima,10,1499.0,73.1,0.15,0.85,34.4,72.7,5.8,11.1,25.7,21.1,114.0,0,0,0,31.6
kamrup,8,11.0,9.5,0.7,0.1,21.7,89.4,0.6,25.5,33.4,43.5,396.0,1,1,1,95.6
sonitpur,5,46.0,8.5,0.6,0.15,30.4,89.0,8.9,10.9,22.3,34.5,238.0,0,0,0,22.6
sonitpur,7,72.0,13.2,0.6,0.15,33.7,96.6,0.1,23.6,25.8,44.3,425.0,1,0,1,79.1
papum_pare,4,371.0,41.2,0.5,0.4,34.5,68.7,3.8,1.6,2.5,4.9,230.0,0,0,0,19.2
papum_pare,12,279.0,46.1,0.5,0.4,20.7,78.4,21.2,3.6,8.7,6.7,23.0,1,0,0,6.7
dima_hasao,6,944.0,69.2,0.3,0.8,24.7,71.7,7.1,71.7,96.5,177.4,550.0,1,1,0,70.9
dimapur,6,136.0,21.1,0.4,0.2,19.6,78.4,12.0,1.0,1.0,1.8,352.0,0,1,1,50.2
imphal_west,9,802.0,55.2,0.35,0.5,24.9,67.1,34.1,4.1,7.3,5.3,225.0,1,0,0,40.8
kamrup,12,70.0,8.6,0.7,0.1,20.5,72.3,6.0,1.3,3.2,5.5,18.0,0,0,0,0.5
east_khasi,4,1583.0,57.4,0.2,0.7,32.4,97.6,5.4,8.1,7.5,6.7,220.0,0,0,0,28.7
east_khasi,2,1515.0,43.5,0.2,0.7,19.4,88.2,12.3,1.0,1.7,2.6,66.0,0,0,0,7.5
dimapur,11,154.0,25.0,0.4,0.2,19.4,60.1,32.3,1.7,1.5,1.7,32.0,0,0,0,3.1
west_tripura,6,71.0,13.8,0.75,0.05,32.9,76.5,4.0,1.8,1.7,3.2,462.0,0,0,0,29.5
sonitpur,9,-21.0,20.8,0.6,0.15,20.0,67.1,11.4,3.9,7.9,13.7,255.0,0,0,0,33.8
cachar,8,-17.0,9.2,0.65,0.2,23.1,66.1,0.7,3.2,7.1,12.8,484.0,0,0,0,30.6
west_khasi,6,1354.0,57.9,0.25,0.75,18.6,64.3,5.3,64.4,93.0,174.2,616.0,1,1,0,87.1
dima_hasao,10,937.0,69.6,0.3,0.8,26.1,84.6,2.2,21.8,45.8,58.2,150.0,0,1,1,65.2
east_khasi,3,1379.0,59.1,0.2,0.7,29.7,72.2,23.1,1.4,2.7,4.0,110.0,0,0,0,3.3
west_tripura,11,-67.0,11.3,0.75,0.05,28.3,76.7,21.5,0.8,1.0,1.5,42.0,1,0,0,0.0
dima_hasao,8,796.0,63.8,0.3,0.8,33.8,74.7,8.1,26.3,58.1,102.0,550.0,1,1,1,95.1
west_tripura,4,24.0,7.3,0.75,0.05,34.9,89.3,2.9,13.5,17.5,17.3,210.0,0,1,0,22.9
dima_hasao,12,934.0,62.0,0.3,0.8,29.6,93.9,2.1,1.4,2.3,4.4,25.0,0,0,0,3.9
dima_hasao,5,917.0,73.0,0.3,0.8,26.5,82.8,3.1,26.6,46.2,32.6,350.0,1,1,0,42.0
dima_hasao,4,932.0,69.9,0.3,0.8,26.6,74.4,21.1,6.9,9.6,16.8,250.0,0,1,0,22.9
dima_hasao,4,891.0,62.7,0.3,0.8,32.2,92.7,3.1,1.1,1.4,2.3,250.0,0,0,0,24.1
aizawl,6,1193.0,71.7,0.1,0.8,29.8,89.3,52.2,92.7,204.6,345.7,440.0,1,1,0,75.8
cachar,2,99.0,22.5,0.65,0.2,27.9,78.3,14.8,5.0,11.8,12.0,66.0,0,0,0,0.0
sonitpur,2,95.0,9.6,0.6,0.15,29.4,64.8,9.5,0.3,0.3,0.4,51.0,0,0,0,0.8
papum_pare,11,251.0,48.6,0.5,0.4,23.5,78.7,10.2,2.3,5.1,9.2,46.0,0,0,0,0.0
kohima,10,1481.0,65.8,0.15,0.85,19.2,74.6,2.7,6.6,9.6,16.2,114.0,1,0,0,22.1
kamrup,9,77.0,20.3,0.7,0.1,33.1,95.4,16.6,11.5,22.6,41.5,270.0,0,0,0,43.7
kamrup,8,56.0,12.1,0.7,0.1,27.7,78.0,32.8,14.1,27.0,19.2,396.0,1,1,1,74.8
west_khasi,10,1256.0,57.0,0.25,0.75,30.8,76.6,29.3,24.6,54.6,107.3,168.0,1,0,0,39.4
west_khasi,8,1245.0,55.5,0.25,0.75,18.8,89.8,6.1,13.6,21.6,40.4,616.0,1,0,0,62.2
aizawl,5,1072.0,74.8,0.1,0.8,29.3,60.9,5.0,18.4,25.1,36.7,280.0,1,0,1,56.2
kohima,3,1414.0,66.0,0.15,0.85,20.5,61.7,0.4,0.7,1.0,1.5,95.0,0,0,0,3.1
imphal_west,5,614.0,56.4,0.35,0.5,34.6,69.7,1.8,1.0,1.3,2.6,210.0,0,0,0,13.8
dimapur,4,127.0,28.9,0.4,0.2,20.3,86.8,5.8,1.0,1.7,3.3,160.0,0,0,0,15.5
aizawl,3,1137.0,71.2,0.1,0.8,18.2,67.9,15.2,2.7,2.6,3.8,100.0,0,0,0,1.6
kamrup,9,95.0,7.8,0.7,0.1,24.9,65.6,0.9,11.6,18.1,27.3,270.0,0,0,0,38.8
dimapur,8,84.0,20.4,0.4,0.2,22.2,74.3,2.0,15.9,34.6,26.9,352.0,1,1,1,91.1
imphal_west,1,772.0,42.7,0.35,0.5,25.5,67.5,0.1,0.6,0.8,1.1,30.0,0,0,0,1.7
imphal_west,6,799.0,58.9,0.35,0.5,25.2,61.7,4.0,1.1,0.9,0.9,330.0,1,1,1,59.1
dimapur,11,112.0,23.7,0.4,0.2,22.3,69.3,11.3,0.2,0.3,0.5,32.0,0,0,0,0.0
cachar,8,12.0,19.7,0.65,0.2,34.2,79.3,7.1,64.0,86.3,139.6,484.0,1,1,0,70.4
sonitpur,12,70.0,18.7,0.6,0.15,20.6,68.3,3.4,0.9,1.4,2.0,17.0,0,0,0,4.5
imphal_west,8,773.0,58.2,0.35,0.5,29.2,95.0,8.3,9.6,23.1,42.8,330.0,1,0,1,81.8
west_khasi,12,1367.0,64.5,0.25,0.75,22.9,82.8,56.4,0.4,0.4,0.5,28.0,0,0,0,1.7
kamrup,1,-17.0,14.3,0.7,0.1,33.9,95.2,6.2,1.1,2.5,3.5,36.0,0,0,0,4.7
papum_pare,4,309.0,36.3,0.5,0.4,27.5,69.3,1.6,4.3,5.8,4.8,230.0,0,0,0,26.2
dimapur,10,48.0,25.9,0.4,0.2,32.0,79.2,7.4,4.1,10.1,8.3,96.0,0,0,0,19.0
sonitpur,6,6.0,14.8,0.6,0.15,21.7,68.1,0.9,16.6,33.8,39.3,374.0,1,1,1,84.1
west_khasi,10,1307.0,57.3,0.25,0.75,33.1,80.4,9.0,14.8,36.7,36.3,168.0,1,0,0,41.0
east_khasi,3,1536.0,60.1,0.2,0.7,18.9,95.1,0.9,5.9,8.4,10.4,110.0,0,0,0,2.9
imphal_west,5,926.0,46.8,0.35,0.5,28.1,65.7,5.3,12.3,18.7,26.4,210.0,1,0,1,54.2
dima_hasao,5,930.0,60.1,0.3,0.8,30.9,81.6,4.9,44.3,64.7,57.9,350.0,1,1,1,84.5
kohima,10,1410.0,70.8,0.15,0.85,21.2,88.6,3.9,0.2,0.4,0.5,114.0,0,1,0,17.2
west_khasi,6,1255.0,65.4,0.25,0.75,31.9,78.7,5.8,19.6,30.6,21.5,616.0,1,1,1,78.9
cachar,8,-6.0,14.9,0.65,0.2,27.3,82.6,8.9,41.9,63.5,81.0,484.0,1,1,1,95.4
dimapur,4,135.0,26.9,0.4,0.2,23.1,79.3,3.6,11.3,21.5,18.0,160.0,0,1,0,17.2
dimapur,12,199.0,20.8,0.4,0.2,26.3,92.2,2.4,0.2,0.2,0.5,16.0,0,0,0,2.0
west_khasi,6,1327.0,55.6,0.25,0.75,18.8,97.5,11.9,5.2,10.2,17.7,616.0,1,1,1,70.8
dimapur,5,89.0,30.7,0.4,0.2,22.6,70.6,10.4,6.4,6.4,12.5,224.0,0,1,1,42.8
kohima,3,1453.0,72.3,0.15,0.85,24.7,74.0,17.8,0.0,0.0,0.0,95.0,0,0,0,7.7
aizawl,3,1128.0,77.3,0.1,0.8,20.4,84.4,7.3,1.0,2.3,3.2,100.0,0,0,0,1.4
aizawl,11,1157.0,72.1,0.1,0.8,24.0,94.0,7.1,5.3,6.4,6.5,40.0,0,0,0,9.6
dima_hasao,2,1030.0,60.0,0.3,0.8,33.0,62.9,5.9,1.0,1.2,1.9,75.0,0,0,0,8.1
west_tripura,5,-45.0,13.4,0.75,0.05,27.5,73.6,1.0,67.3,60.8,48.4,294.0,0,1,0,71.1
dima_hasao,9,1012.0,58.8,0.3,0.8,26.0,67.3,7.7,14.9,35.5,26.6,375.0,1,1,0,57.1
dimapur,7,22.0,23.6,0.4,0.2,24.4,62.9,16.8,2.5,2.1,2.4,400.0,1,0,0,27.4
dima_hasao,3,940.0,64.9,0.3,0.8,21.0,62.0,25.8,2.2,1.8,3.0,125.0,0,0,0,4.1
west_tripura,3,15.0,8.8,0.75,0.05,29.7,84.6,7.9,4.1,8.2,13.9,105.0,0,0,0,3.8
kohima,1,1414.0,62.6,0.15,0.85,30.3,68.2,35.5,0.2,0.4,0.7,38.0,0,0,0,0.0
cachar,7,-14.0,21.9,0.65,0.2,33.9,82.4,14.0,32.8,46.4,37.2,550.0,1,1,1,100.0
kohima,3,1377.0,66.7,0.15,0.85,34.7,96.0,17.9,7.3,6.1,9.0,95.0,0,0,0,6.5
papum_pare,9,277.0,35.5,0.5,0.4,33.3,96.0,0.4,42.8,101.2,72.6,345.0,1,1,1,100.0
imphal_west,12,776.0,40.0,0.35,0.5,20.8,62.1,1.1,0.6,1.1,1.3,15.0,0,0,0,5.1
west_khasi,8,1366.0,68.3,0.25,0.75,18.7,77.5,5.7,2.2,4.2,6.1,616.0,1,0,0,51.6
east_khasi,5,1531.0,42.8,0.2,0.7,23.3,66.2,4.8,11.6,26.4,47.3,308.0,1,1,0,27.4
imphal_west,10,723.0,51.7,0.35,0.5,28.1,72.5,6.9,0.4,0.5,0.6,90.0,0,0,0,27.3
kamrup,7,60.0,5.6,0.7,0.1,22.6,86.0,1.0,3.0,3.2,5.4,450.0,0,0,0,14.8
sonitpur,12,44.0,15.5,0.6,0.15,21.7,69.1,16.1,0.9,1.7,2.1,17.0,0,0,0,3.6
cachar,1,89.0,22.1,0.65,0.2,25.4,95.2,7.0,3.4,6.2,10.0,44.0,0,0,0,16.3
dima_hasao,5,989.0,61.8,0.3,0.8,33.6,81.5,1.0,22.2,28.6,34.5,350.0,1,0,1,62.3
kohima,11,1397.0,68.4,0.15,0.85,24.8,92.8,8.0,0.2,0.2,0.5,38.0,0,0,0,5.3
sonitpur,8,71.0,14.1,0.6,0.15,25.8,83.9,13.7,0.8,1.4,1.0,374.0,0,0,0,16.0
west_tripura,6,54.0,0.0,0.75,0.05,30.0,78.1,9.5,1.9,4.1,4.2,462.0,0,1,0,18.4
east_khasi,6,1469.0,58.4,0.2,0.7,20.7,74.8,1.5,92.3,117.5,227.1,484.0,1,1,1,100.0
west_khasi,9,1313.0,68.5,0.25,0.75,18.9,82.3,6.1,21.3,25.4,30.1,420.0,1,1,1,87.3
imphal_west,5,716.0,48.6,0.35,0.5,34.5,89.3,3.4,19.8,41.6,80.1,210.0,0,0,0,35.7
west_khasi,1,1435.0,62.8,0.25,0.75,32.0,91.8,11.0,3.3,7.0,12.6,56.0,0,0,0,0.0
dimapur,2,83.0,26.7,0.4,0.2,31.2,65.3,1.4,1.0,1.8,1.3,48.0,0,0,0,3.1
west_khasi,11,1283.0,60.7,0.25,0.75,34.2,62.4,0.3,2.4,5.5,9.4,56.0,0,0,0,12.9
aizawl,4,1141.0,72.8,0.1,0.8,25.9,93.6,15.4,13.1,27.4,30.6,200.0,1,1,1,60.7
aizawl,10,1085.0,75.3,0.1,0.8,32.4,77.5,10.6,7.1,9.3,8.4,120.0,1,0,1,51.1
papum_pare,11,367.0,36.3,0.5,0.4,32.6,78.9,6.9,2.6,4.8,9.5,46.0,0,0,0,3.2
imphal_west,3,805.0,52.3,0.35,0.5,31.4,61.8,6.3,0.4,0.7,1.1,75.0,0,0,0,1.5
east_khasi,6,1546.0,56.3,0.2,0.7,22.8,68.9,11.4,77.7,154.0,187.7,484.0,1,1,0,71.2
west_khasi,11,1312.0,63.3,0.25,0.75,24.4,71.1,2.7,4.4,5.9,11.8,56.0,0,0,0,5.1
imphal_west,8,754.0,55.0,0.35,0.5,24.3,70.4,0.4,0.8,0.9,1.2,330.0,1,0,1,48.0
west_tripura,8,14.0,10.5,0.75,0.05,20.9,66.8,5.9,23.0,57.1,43.0,462.0,0,1,0,65.9
sonitpur,7,42.0,15.2,0.6,0.15,28.7,60.4,16.2,30.4,32.3,25.9,425.0,1,1,1,94.7
aizawl,5,1124.0,73.7,0.1,0.8,30.0,97.9,5.0,17.1,19.5,31.8,280.0,0,1,1,63.5
kohima,11,1478.0,62.1,0.15,0.85,28.1,74.5,0.1,3.6,7.9,8.7,38.0,0,0,0,7.0
cachar,3,-14.0,19.6,0.65,0.2,26.6,79.8,8.1,1.0,1.1,1.7,110.0,0,0,0,6.4
papum_pare,6,373.0,42.7,0.5,0.4,24.3,63.9,14.4,41.3,39.9,42.3,506.0,1,1,1,94.0
dimapur,11,196.0,34.9,0.4,0.2,24.1,74.0,19.2,5.7,13.8,25.9,32.0,0,0,0,8.5
aizawl,10,1104.0,74.8,0.1,0.8,29.1,77.7,9.0,3.6,8.1,9.8,120.0,0,0,0,26.4
dimapur,2,152.0,23.3,0.4,0.2,21.4,88.9,0.1,1.2,2.5,2.0,48.0,0,0,0,7.0
sonitpur,3,22.0,11.4,0.6,0.15,30.1,93.4,6.3,0.7,1.2,1.7,85.0,0,0,0,0.0
west_khasi,4,1315.0,71.4,0.25,0.75,22.8,86.0,7.7,9.5,18.3,18.4,280.0,0,0,0,30.3
west_khasi,6,1358.0,60.7,0.25,0.75,30.6,71.5,1.3,25.2,45.7,86.7,616.0,1,1,0,59.3
papum_pare,5,255.0,42.8,0.5,0.4,23.5,79.8,16.3,17.8,22.6,23.5,322.0,0,1,0,31.1
west_tripura,5,54.0,6.5,0.75,0.05,32.9,81.2,0.5,22.6,27.8,26.6,294.0,0,0,0,27.6
aizawl,11,1117.0,73.1,0.1,0.8,26.2,84.5,0.6,1.6,3.0,5.4,40.0,0,0,0,6.7
dimapur,5,91.0,24.5,0.4,0.2,31.8,83.2,10.8,11.4,22.7,43.1,224.0,0,0,0,16.5
kohima,6,1433.0,65.3,0.15,0.85,23.6,66.8,9.6,11.4,27.2,44.0,418.0,1,1,1,89.7
west_tripura,10,62.0,12.9,0.75,0.05,25.0,90.3,50.1,3.8,8.2,14.9,126.0,0,1,1,43.1
imphal_west,8,796.0,51.6,0.35,0.5,27.2,80.5,2.5,25.4,55.4,67.5,330.0,1,1,1,86.5
dimapur,3,102.0,19.6,0.4,0.2,25.0,97.9,0.2,4.9,11.2,16.3,80.0,0,0,0,3.1
cachar,1,11.0,9.5,0.65,0.2,21.1,90.8,6.4,1.1,2.1,2.8,44.0,0,0,0,1.0
cachar,12,47.0,13.0,0.65,0.2,32.9,81.1,3.2,0.4,0.6,1.0,22.0,0,0,0,6.7
dima_hasao,11,979.0,73.9,0.3,0.8,24.1,90.6,13.4,1.4,3.4,5.4,50.0,0,0,0,9.5
east_khasi,12,1594.0,58.7,0.2,0.7,28.7,79.0,7.3,0.2,0.3,0.4,22.0,0,0,0,0.0
west_tripura,12,-35.0,3.1,0.75,0.05,21.1,87.7,21.9,2.9,3.3,3.1,21.0,0,0,0,1.0
sonitpur,4,45.0,12.2,0.6,0.15,26.1,71.2,14.7,18.5,42.1,82.9,170.0,1,0,0,35.0
cachar,7,-36.0,20.2,0.65,0.2,28.2,95.4,1.9,30.6,34.6,45.9,550.0,1,1,0,72.5
sonitpur,2,43.0,15.4,0.6,0.15,32.7,88.8,0.6,0.7,1.1,1.4,51.0,0,0,0,2.8
sonitpur,8,140.0,5.1,0.6,0.15,18.7,93.4,28.8,4.6,9.3,10.9,374.0,1,1,1,56.9
imphal_west,1,765.0,40.3,0.35,0.5,24.5,60.3,2.7,4.9,8.1,5.8,30.0,1,0,0,0.0
kamrup,7,50.0,20.2,0.7,0.1,32.3,72.9,5.7,29.6,31.9,27.4,450.0,1,1,1,97.5
imphal_west,2,803.0,48.3,0.35,0.5,27.3,75.5,14.9,2.4,3.3,4.3,45.0,0,0,0,4.0
sonitpur,5,117.0,9.2,0.6,0.15,32.8,60.1,2.4,3.6,5.8,8.7,238.0,0,1,1,47.7
aizawl,3,1169.0,73.4,0.1,0.8,26.6,68.7,10.5,1.9,4.2,5.6,100.0,0,0,0,0.0
sonitpur,11,51.0,13.4,0.6,0.15,34.3,78.1,2.5,0.9,0.9,1.6,34.0,0,1,0,12.3
dimapur,5,164.0,26.0,0.4,0.2,30.8,82.1,4.7,17.8,39.4,50.1,224.0,0,0,0,25.4
dima_hasao,4,984.0,64.9,0.3,0.8,31.3,70.4,28.6,18.3,43.2,49.4,250.0,0,0,0,48.8
west_tripura,5,-16.0,14.8,0.75,0.05,32.0,95.9,3.7,34.0,30.3,26.0,294.0,1,1,0,42.8
kohima,11,1415.0,66.9,0.15,0.85,22.9,76.1,19.5,0.9,1.6,1.3,38.0,0,0,0,3.5
cachar,3,84.0,20.6,0.65,0.2,27.5,78.9,5.3,1.3,2.1,1.7,110.0,0,0,0,1.9
imphal_west,3,754.0,51.7,0.35,0.5,32.9,71.2,13.8,4.0,7.3,11.2,75.0,0,0,0,4.1
kamrup,1,23.0,3.5,0.7,0.1,33.0,66.6,7.0,1.2,1.9,2.9,36.0,0,1,1,22.7
papum_pare,6,381.0,44.5,0.5,0.4,21.3,65.5,2.2,32.5,72.0,74.2,506.0,1,1,0,72.1
west_khasi,8,1444.0,52.9,0.25,0.75,19.1,88.9,6.3,2.5,4.8,4.3,616.0,1,0,0,36.3
kohima,9,1534.0,67.8,0.15,0.85,29.8,96.7,5.0,11.6,21.2,30.8,285.0,1,0,0,55.9
east_khasi,9,1578.0,59.1,0.2,0.7,26.6,93.6,20.3,17.3,31.1,30.1,330.0,1,1,1,79.7
kohima,3,1396.0,74.4,0.15,0.85,30.8,81.5,9.1,6.9,15.1,28.1,95.0,0,0,0,1.6
west_tripura,9,-4.0,14.2,0.75,0.05,34.6,73.9,5.3,2.8,5.7,5.4,315.0,0,0,0,26.2
cachar,10,41.0,21.4,0.65,0.2,29.8,85.0,3.8,14.5,14.8,22.2,132.0,0,0,0,29.2
aizawl,8,1152.0,75.7,0.1,0.8,22.5,97.3,2.7,64.5,149.9,150.8,440.0,1,1,1,97.5
papum_pare,12,339.0,44.8,0.5,0.4,27.4,79.2,0.6,0.4,1.0,0.8,23.0,0,0,0,0.0
papum_pare,10,321.0,47.8,0.5,0.4,20.2,69.4,5.4,8.1,14.0,16.7,138.0,0,0,0,25.2
dimapur,9,158.0,19.2,0.4,0.2,20.0,94.6,6.7,27.5,54.1,47.5,240.0,1,1,1,98.0
papum_pare,11,284.0,40.0,0.5,0.4,22.1,75.1,1.2,3.3,5.2,5.2,46.0,0,0,0,0.0
imphal_west,5,855.0,46.9,0.35,0.5,27.4,86.9,0.6,11.3,25.3,30.8,210.0,0,1,1,48.5
west_khasi,8,1400.0,59.2,0.25,0.75,18.5,67.2,3.3,35.1,44.3,77.8,616.0,1,0,1,98.6
imphal_west,4,777.0,48.0,0.35,0.5,30.2,92.3,5.3,1.8,3.7,6.3,150.0,1,0,0,17.9
sonitpur,8,124.0,11.0,0.6,0.15,30.2,83.2,0.7,4.1,5.0,5.7,374.0,0,1,0,29.7
east_khasi,6,1574.0,53.5,0.2,0.7,24.2,90.5,0.4,18.9,17.8,13.1,484.0,1,1,0,62.7
dimapur,5,159.0,24.9,0.4,0.2,21.7,78.1,0.5,4.0,4.0,6.3,224.0,0,0,0,15.1
cachar,5,28.0,21.1,0.65,0.2,19.4,89.3,7.7,8.7,8.1,15.8,308.0,0,0,0,22.6
kamrup,1,112.0,5.2,0.7,0.1,24.2,97.5,0.7,2.1,3.8,6.2,36.0,0,0,0,0.0
imphal_west,3,841.0,53.6,0.35,0.5,18.8,93.6,8.2,0.5,0.5,0.7,75.0,0,0,0,0.0
west_khasi,5,1368.0,65.7,0.25,0.75,18.3,84.4,1.7,2.3,5.2,5.2,392.0,0,0,0,18.6
kohima,9,1469.0,77.8,0.15,0.85,21.8,80.9,11.5,3.3,3.7,3.2,285.0,1,0,0,33.8
kamrup,12,43.0,11.5,0.7,0.1,31.1,80.6,30.2,1.1,0.9,1.2,18.0,0,0,0,0.3
kohima,8,1382.0,66.4,0.15,0.85,20.7,78.9,3.7,15.5,38.5,45.2,418.0,1,0,1,94.5
east_khasi,1,1453.0,53.6,0.2,0.7,19.9,91.2,12.1,3.8,9.1,10.8,44.0,0,0,0,6.7
dimapur,5,174.0,26.7,0.4,0.2,22.7,88.8,10.9,9.4,16.7,25.1,224.0,0,1,0,25.4
aizawl,4,1180.0,76.2,0.1,0.8,20.5,93.6,15.9,4.6,11.2,13.6,200.0,1,0,0,24.6
kamrup,9,57.0,6.5,0.7,0.1,31.5,90.4,1.4,13.7,31.8,33.8,270.0,0,1,0,47.9
west_khasi,4,1404.0,71.5,0.25,0.75,19.5,87.6,14.4,13.6,26.0,19.2,280.0,0,1,0,45.6
dimapur,9,87.0,22.4,0.4,0.2,24.3,74.9,14.4,9.9,20.8,23.2,240.0,0,1,1,64.9
dimapur,7,95.0,23.2,0.4,0.2,29.0,66.6,4.6,22.2,45.6,61.6,400.0,1,1,1,79.1
dima_hasao,3,881.0,65.1,0.3,0.8,30.0,91.2,12.7,1.0,1.2,1.1,125.0,0,0,0,8.4
west_tripura,12,49.0,8.5,0.75,0.05,26.7,91.8,24.4,2.5,2.3,3.2,21.0,0,0,0,2.0
papum_pare,7,319.0,44.7,0.5,0.4,22.0,74.9,4.0,2.1,2.4,3.0,575.0,0,0,0,31.2
dimapur,4,187.0,19.4,0.4,0.2,33.8,60.2,0.8,7.5,11.0,19.5,160.0,0,0,0,27.7
east_khasi,2,1521.0,51.2,0.2,0.7,34.6,66.4,13.6,0.5,1.2,0.8,66.0,0,0,0,0.0
dimapur,11,138.0,29.6,0.4,0.2,31.3,64.7,0.9,0.6,1.0,1.3,32.0,0,0,0,0.0
dima_hasao,9,977.0,69.3,0.3,0.8,28.6,82.2,9.1,3.5,4.6,4.6,375.0,1,0,0,40.6
aizawl,12,1172.0,74.3,0.1,0.8,33.0,64.8,13.3,0.3,0.5,0.8,20.0,0,0,0,7.2
papum_pare,5,344.0,38.8,0.5,0.4,28.7,78.3,10.8,14.4,13.8,15.6,322.0,0,0,0,34.8
east_khasi,11,1494.0,54.9,0.2,0.7,23.3,76.1,0.5,0.7,0.9,0.8,44.0,0,0,0,0.0
west_tripura,9,91.0,11.3,0.75,0.05,18.8,69.2,6.2,27.6,25.0,48.4,315.0,1,1,1,85.4
east_khasi,7,1484.0,48.1,0.2,0.7,26.1,93.2,17.9,1.1,1.7,2.8,550.0,1,0,1,58.3
dima_hasao,2,924.0,64.5,0.3,0.8,31.8,94.5,32.6,4.5,9.0,11.6,75.0,0,0,0,0.0
cachar,3,-27.0,19.1,0.65,0.2,18.0,75.8,7.3,0.6,1.4,1.7,110.0,0,0,0,2.0
east_khasi,2,1558.0,53.6,0.2,0.7,34.9,95.9,42.5,0.4,0.7,1.4,66.0,0,0,0,0.6
papum_pare,8,394.0,40.6,0.5,0.4,33.1,67.3,3.2,7.8,10.1,19.9,506.0,0,0,0,40.8
aizawl,8,1164.0,78.7,0.1,0.8,24.0,86.6,21.4,2.1,3.1,4.7,440.0,1,0,0,46.6
east_khasi,12,1547.0,54.8,0.2,0.7,20.6,91.3,12.1,0.4,0.9,1.7,22.0,0,0,0,0.0
aizawl,8,1236.0,70.6,0.1,0.8,23.3,95.7,9.5,28.7,57.8,113.5,440.0,1,1,0,63.4
dima_hasao,6,964.0,63.0,0.3,0.8,29.6,87.1,29.2,35.5,88.6,167.2,550.0,1,1,1,90.5
kamrup,3,109.0,6.7,0.7,0.1,26.9,85.3,41.7,1.7,3.8,6.4,90.0,0,0,0,0.0
kamrup,9,71.0,0.3,0.7,0.1,21.3,76.2,10.5,57.9,76.3,64.2,270.0,1,1,0,70.0
kamrup,3,70.0,5.9,0.7,0.1,21.9,79.7,10.8,3.6,8.3,14.9,90.0,0,0,0,2.7
sonitpur,5,144.0,10.5,0.6,0.15,33.9,72.6,9.4,10.5,23.9,26.8,238.0,0,0,0,25.6
east_khasi,3,1491.0,51.0,0.2,0.7,28.2,84.1,9.2,6.2,10.9,20.8,110.0,0,0,0,5.6
west_tripura,8,-2.0,11.1,0.75,0.05,20.4,70.3,21.4,22.1,25.5,19.2,462.0,1,0,1,79.2
west_tripura,1,50.0,15.8,0.75,0.05,23.7,83.0,2.3,0.3,0.4,0.6,42.0,0,0,0,0.0
dima_hasao,2,921.0,63.0,0.3,0.8,20.7,70.4,0.8,4.4,10.8,18.7,75.0,0,0,0,0.3
cachar,1,129.0,16.1,0.65,0.2,20.9,62.6,6.9,0.7,1.4,1.4,44.0,0,0,0,5.4
kohima,4,1405.0,74.7,0.15,0.85,34.2,90.6,1.9,0.6,0.8,1.2,190.0,0,0,0,20.0
west_khasi,7,1317.0,65.6,0.25,0.75,19.9,60.8,24.4,34.5,66.3,62.8,700.0,1,1,1,93.4
east_khasi,8,1575.0,48.1,0.2,0.7,29.2,85.4,5.7,16.2,27.0,39.3,484.0,1,1,1,80.9
west_khasi,8,1284.0,59.5,0.25,0.75,34.6,81.2,22.0,21.7,37.2,42.3,616.0,1,0,0,62.4
west_tripura,1,-29.0,10.9,0.75,0.05,19.2,84.2,10.2,0.6,0.7,1.2,42.0,0,0,0,2.8
west_khasi,2,1391.0,66.3,0.25,0.75,35.0,80.2,4.1,4.0,6.1,5.4,84.0,0,0,0,10.9
cachar,1,19.0,21.2,0.65,0.2,32.0,84.9,14.3,2.0,3.3,3.7,44.0,0,0,0,2.3
east_khasi,7,1629.0,62.8,0.2,0.7,25.3,61.4,6.0,19.4,24.0,30.3,550.0,1,0,1,81.0
sonitpur,9,119.0,16.1,0.6,0.15,24.7,86.1,5.3,6.7,11.9,11.5,255.0,1,1,0,39.7
kohima,3,1462.0,71.5,0.15,0.85,29.0,69.1,8.9,6.6,6.0,5.0,95.0,0,0,0,10.7
dima_hasao,5,1022.0,67.3,0.3,0.8,22.7,90.3,7.1,22.5,44.6,61.1,350.0,1,0,0,53.3
dimapur,1,156.0,27.4,0.4,0.2,23.0,88.1,1.5,0.5,0.6,0.6,32.0,0,0,0,9.9
sonitpur,12,107.0,12.4,0.6,0.15,28.6,88.4,12.5,0.3,0.5,0.8,17.0,0,0,0,5.7
dima_hasao,7,905.0,74.2,0.3,0.8,20.2,66.9,12.5,171.1,200.1,249.8,625.0,1,1,0,85.1
kohima,4,1535.0,69.9,0.15,0.85,23.5,67.0,15.4,11.8,16.2,12.9,190.0,0,1,0,27.9
west_tripura,1,-50.0,8.9,0.75,0.05,26.2,83.1,4.6,1.0,1.7,2.0,42.0,0,0,0,2.9
dima_hasao,8,887.0,59.4,0.3,0.8,28.4,85.8,0.9,48.9,83.4,75.6,550.0,1,1,1,100.0
west_tripura,2,-14.0,5.3,0.75,0.05,30.8,78.2,1.0,1.6,2.4,3.2,63.0,0,1,1,24.7
imphal_west,11,752.0,53.3,0.35,0.5,24.7,97.2,33.6,1.4,2.0,3.2,30.0,0,0,0,6.2
dima_hasao,8,985.0,61.3,0.3,0.8,20.4,95.0,34.5,30.9,40.6,52.7,550.0,1,1,1,92.8
dimapur,11,115.0,19.4,0.4,0.2,29.1,65.0,1.4,1.3,1.5,2.1,32.0,0,0,0,4.6
east_khasi,6,1475.0,62.8,0.2,0.7,27.9,60.9,20.3,19.5,20.9,19.5,484.0,1,0,0,47.8
cachar,11,14.0,15.4,0.65,0.2,25.9,73.6,5.3,1.3,2.4,2.8,44.0,0,0,0,3.8
west_tripura,1,106.0,12.4,0.75,0.05,30.2,82.0,7.5,6.7,9.2,11.2,42.0,0,0,0,11.4
west_tripura,9,8.0,5.4,0.75,0.05,18.2,64.7,0.8,46.6,70.6,52.7,315.0,1,1,1,97.3
imphal_west,2,801.0,56.6,0.35,0.5,27.3,72.5,0.9,5.4,6.1,10.7,45.0,0,0,0,2.4
east_khasi,8,1474.0,46.7,0.2,0.7,25.8,73.7,29.8,2.8,2.7,5.0,484.0,1,0,0,35.7
papum_pare,5,360.0,46.4,0.5,0.4,29.9,67.2,1.0,32.8,41.7,39.6,322.0,1,1,1,67.9
dima_hasao,6,870.0,68.1,0.3,0.8,30.8,88.5,7.4,38.7,64.0,61.9,550.0,1,1,1,100.0
kamrup,11,38.0,4.9,0.7,0.1,33.8,88.7,27.2,1.9,2.2,2.1,36.0,0,0,0,8.3
dima_hasao,2,953.0,62.5,0.3,0.8,19.2,67.3,9.4,2.1,3.2,6.1,75.0,0,0,0,0.0
dima_hasao,11,1008.0,69.6,0.3,0.8,34.8,92.2,8.1,0.1,0.1,0.2,50.0,1,0,0,5.2
dimapur,6,90.0,35.3,0.4,0.2,20.8,73.4,3.1,53.5,112.3,100.8,352.0,1,1,0,80.6
kamrup,3,20.0,10.8,0.7,0.1,29.5,85.1,24.1,0.3,0.8,0.7,90.0,0,0,0,0.7
east_khasi,10,1497.0,61.6,0.2,0.7,24.5,70.5,6.0,4.4,4.6,5.0,132.0,0,1,0,22.2
sonitpur,7,11.0,17.3,0.6,0.15,29.5,72.3,12.2,119.7,163.9,291.7,425.0,1,1,1,100.0
dima_hasao,1,936.0,60.0,0.3,0.8,25.3,93.1,19.3,1.9,3.1,2.9,50.0,0,0,0,4.2
kamrup,10,5.0,17.0,0.7,0.1,28.6,91.9,20.7,7.5,6.5,5.4,108.0,0,0,0,23.4
west_tripura,8,67.0,6.7,0.75,0.05,25.5,95.9,19.8,26.8,45.7,57.0,462.0,1,1,1,83.9
west_tripura,10,-42.0,8.6,0.75,0.05,34.5,75.6,0.7,4.5,5.9,11.1,126.0,0,1,1,50.0
cachar,6,4.0,20.7,0.65,0.2,22.7,71.8,4.1,29.1,60.8,79.8,484.0,1,1,0,72.9
sonitpur,4,41.0,16.0,0.6,0.15,33.0,93.5,5.3,19.2,31.2,48.3,170.0,0,0,0,27.3
cachar,8,21.0,19.1,0.65,0.2,22.7,67.2,4.3,0.4,0.8,1.0,484.0,0,0,0,24.5
sonitpur,11,92.0,20.3,0.6,0.15,34.9,64.1,0.1,0.4,0.9,0.9,34.0,0,0,0,7.5
aizawl,6,1072.0,68.7,0.1,0.8,28.9,96.5,10.6,11.0,17.9,27.1,440.0,1,1,1,77.3
papum_pare,1,324.0,40.6,0.5,0.4,28.8,90.6,13.4,2.3,4.1,5.1,46.0,0,0,0,4.3
kamrup,6,91.0,14.2,0.7,0.1,20.8,77.2,7.4,34.1,38.0,28.1,396.0,0,1,1,98.8
papum_pare,3,367.0,35.8,0.5,0.4,19.8,77.5,4.7,1.8,3.5,3.1,115.0,0,0,0,4.4
west_tripura,9,38.0,18.8,0.75,0.05,19.0,70.6,1.0,11.0,10.6,17.6,315.0,0,0,0,37.4
sonitpur,3,49.0,20.1,0.6,0.15,27.7,86.7,0.9,3.4,5.3,7.6,85.0,0,0,0,5.0
kohima,4,1494.0,66.8,0.15,0.85,18.9,87.0,2.4,0.3,0.6,0.8,190.0,0,0,0,16.6
west_khasi,9,1422.0,62.3,0.25,0.75,33.5,73.3,5.3,1.0,1.9,2.3,420.0,1,0,0,37.2
papum_pare,6,344.0,35.1,0.5,0.4,18.9,90.4,7.4,46.5,78.8,134.2,506.0,1,1,1,93.8
kohima,12,1507.0,74.4,0.15,0.85,26.6,74.0,6.8,0.2,0.2,0.3,19.0,1,0,1,26.7
dima_hasao,1,947.0,61.5,0.3,0.8,28.5,89.2,6.0,3.2,4.8,5.2,50.0,0,0,0,0.0
west_tripura,7,-18.0,13.4,0.75,0.05,19.0,96.7,18.2,34.4,57.8,75.0,525.0,1,1,0,79.9
west_khasi,12,1304.0,62.9,0.25,0.75,30.3,68.6,5.2,3.8,4.8,7.2,28.0,0,0,0,10.0
cachar,5,14.0,11.8,0.65,0.2,33.6,91.7,21.4,30.8,57.3,70.9,308.0,0,1,1,73.4
kamrup,8,2.0,10.1,0.7,0.1,34.5,62.1,29.2,20.0,32.0,33.8,396.0,1,1,1,80.7
west_tripura,8,-112.0,8.9,0.75,0.05,20.5,78.4,26.6,14.9,36.0,37.8,462.0,0,0,0,51.3
imphal_west,5,705.0,45.4,0.35,0.5,23.1,68.7,8.0,1.7,1.8,1.5,210.0,0,1,0,18.6
imphal_west,12,829.0,41.8,0.35,0.5,32.5,89.8,1.7,1.0,2.2,3.0,15.0,0,0,0,0.0
kohima,4,1464.0,65.4,0.15,0.85,18.6,60.7,6.0,19.3,22.0,35.4,190.0,0,1,0,40.1
aizawl,3,1185.0,70.9,0.1,0.8,33.2,75.8,6.5,8.2,7.4,7.1,100.0,0,0,0,4.6
imphal_west,6,861.0,51.3,0.35,0.5,27.0,69.7,15.3,0.5,1.0,1.3,330.0,0,1,0,23.3
west_khasi,12,1346.0,61.6,0.25,0.75,31.4,84.5,0.9,0.2,0.3,0.5,28.0,0,0,0,3.9
kohima,5,1368.0,67.6,0.15,0.85,30.3,65.9,5.9,14.0,12.0,10.0,266.0,1,0,1,57.1
aizawl,9,1155.0,79.8,0.1,0.8,22.5,65.2,4.8,8.1,18.4,17.3,300.0,1,0,0,55.9
cachar,2,58.0,22.7,0.65,0.2,24.7,83.3,4.8,8.5,14.1,13.9,66.0,0,0,0,0.0
imphal_west,3,803.0,43.8,0.35,0.5,19.7,60.1,8.6,0.1,0.2,0.2,75.0,0,0,0,7.8
kohima,5,1440.0,67.9,0.15,0.85,32.9,90.5,3.7,3.4,8.0,7.4,266.0,0,0,0,25.2
east_khasi,9,1643.0,51.9,0.2,0.7,27.4,73.1,0.3,0.0,0.0,0.0,330.0,1,0,1,49.0
west_khasi,8,1308.0,60.9,0.25,0.75,27.3,67.1,17.3,42.6,76.0,139.2,616.0,1,1,0,83.6
kamrup,11,-44.0,13.7,0.7,0.1,18.7,70.8,1.9,0.8,1.0,1.1,36.0,0,0,0,0.0
imphal_west,7,741.0,47.6,0.35,0.5,34.7,78.1,2.1,4.9,11.1,9.1,375.0,1,1,1,64.8
west_tripura,3,9.0,13.8,0.75,0.05,30.4,83.9,6.5,1.8,1.9,1.3,105.0,0,0,0,1.7
kamrup,10,5.0,18.2,0.7,0.1,21.9,69.6,43.3,56.6,122.4,126.8,108.0,1,1,1,96.9
west_khasi,10,1298.0,58.0,0.25,0.75,20.8,70.9,8.9,5.7,13.8,25.8,168.0,1,0,0,24.1
dima_hasao,6,991.0,71.0,0.3,0.8,30.6,62.0,2.5,22.5,42.4,41.9,550.0,1,1,0,58.4
west_tripura,2,-51.0,8.0,0.75,0.05,26.1,62.8,9.9,4.3,5.0,4.1,63.0,0,0,0,6.6
papum_pare,9,392.0,38.0,0.5,0.4,31.6,65.8,10.8,23.8,33.3,55.9,345.0,1,1,1,87.2
dimapur,4,115.0,23.3,0.4,0.2,22.3,89.3,27.6,8.4,20.9,39.2,160.0,1,0,1,52.2
imphal_west,11,733.0,53.7,0.35,0.5,31.1,75.6,1.3,9.7,13.7,26.7,30.0,0,0,0,7.8
kohima,9,1506.0,67.2,0.15,0.85,23.5,83.5,7.0,3.1,5.5,7.0,285.0,1,0,0,35.7
cachar,10,12.0,24.4,0.65,0.2,31.8,72.4,12.2,8.6,13.0,21.8,132.0,0,0,0,18.5
east_khasi,6,1527.0,45.8,0.2,0.7,23.5,77.4,4.5,10.3,10.8,8.6,484.0,1,1,1,67.9
dimapur,11,130.0,29.5,0.4,0.2,25.7,66.4,5.9,1.2,1.1,1.2,32.0,0,0,0,5.5
west_khasi,2,1319.0,60.5,0.25,0.75,27.3,63.1,15.3,2.1,3.7,4.5,84.0,0,0,0,6.9
sonitpur,9,36.0,13.3,0.6,0.15,25.9,94.8,12.7,7.9,6.4,9.0,255.0,0,0,0,23.5
papum_pare,2,352.0,46.0,0.5,0.4,34.5,69.1,5.9,3.0,6.4,5.6,69.0,0,0,0,1.1
kamrup,3,49.0,17.7,0.7,0.1,20.0,74.9,4.1,2.5,3.8,4.9,90.0,0,0,0,1.3
cachar,1,38.0,8.1,0.65,0.2,34.9,84.0,2.8,0.2,0.3,0.3,44.0,0,0,0,0.0
dima_hasao,2,870.0,68.1,0.3,0.8,34.2,87.7,31.0,1.6,3.1,2.9,75.0,0,0,0,4.0
kohima,4,1510.0,64.9,0.15,0.85,21.8,61.3,3.4,3.6,8.2,13.2,190.0,0,0,0,26.3
sonitpur,1,149.0,14.3,0.6,0.15,23.9,67.4,9.0,0.6,1.3,1.5,34.0,0,0,0,0.0
aizawl,11,1129.0,74.0,0.1,0.8,29.4,80.2,1.6,5.5,11.3,16.2,40.0,0,0,0,13.2
dimapur,11,18.0,29.7,0.4,0.2,22.1,84.0,0.6,1.4,2.3,2.2,32.0,0,0,0,4.5
kohima,9,1407.0,73.4,0.15,0.85,33.8,78.0,6.0,8.4,20.0,32.2,285.0,1,0,0,52.2
aizawl,12,1208.0,70.5,0.1,0.8,30.7,82.0,6.2,2.6,6.5,5.9,20.0,0,0,0,0.0
aizawl,5,1207.0,73.8,0.1,0.8,31.0,60.8,7.3,9.7,19.7,14.7,280.0,0,0,0,30.9
kamrup,6,-80.0,4.7,0.7,0.1,22.0,64.6,3.5,23.4,39.1,44.3,396.0,1,1,0,48.3
dima_hasao,10,892.0,64.3,0.3,0.8,27.9,93.7,14.4,0.4,0.7,1.0,150.0,0,0,0,14.4
west_tripura,2,12.0,6.5,0.75,0.05,21.1,67.5,2.4,1.5,1.8,1.9,63.0,0,0,0,2.5
kamrup,4,13.0,13.5,0.7,0.1,29.9,97.5,17.4,29.6,33.9,36.5,180.0,1,1,1,64.0
papum_pare,8,281.0,35.3,0.5,0.4,20.6,71.6,3.0,7.6,11.1,19.8,506.0,1,0,0,39.0
sonitpur,8,160.0,10.0,0.6,0.15,20.1,87.4,15.7,3.8,4.5,4.8,374.0,0,1,0,23.5
papum_pare,1,413.0,40.3,0.5,0.4,30.6,92.7,1.1,1.9,1.6,2.5,46.0,0,0,0,0.9
west_khasi,9,1409.0,65.7,0.25,0.75,32.6,77.0,5.8,8.4,17.2,12.7,420.0,1,0,0,58.0
west_tripura,7,-25.0,11.4,0.75,0.05,26.3,95.9,2.8,19.6,34.4,48.8,525.0,1,0,0,57.3
west_khasi,12,1488.0,55.9,0.25,0.75,33.5,68.4,20.1,1.5,3.2,3.2,28.0,0,0,0,14.5
kamrup,10,96.0,4.9,0.7,0.1,24.0,75.5,23.7,3.0,4.9,8.1,108.0,0,0,0,12.7
east_khasi,9,1478.0,47.7,0.2,0.7,33.3,71.2,33.8,16.9,22.0,31.2,330.0,1,1,1,80.5
kamrup,12,119.0,21.1,0.7,0.1,28.0,76.5,3.2,1.7,3.4,6.3,18.0,0,0,0,4.7
sonitpur,5,-5.0,20.4,0.6,0.15,28.1,75.3,1.6,4.5,9.3,9.3,238.0,1,0,0,15.1
sonitpur,4,128.0,15.7,0.6,0.15,18.3,80.8,6.5,3.6,6.0,10.1,170.0,0,0,0,12.4
imphal_west,2,920.0,49.5,0.35,0.5,21.0,95.2,14.2,4.4,5.0,5.6,45.0,0,0,0,7.0
sonitpur,12,83.0,16.6,0.6,0.15,29.3,67.5,2.7,0.0,0.0,0.0,17.0,0,0,0,0.0
dima_hasao,9,1017.0,73.9,0.3,0.8,29.0,64.8,11.3,26.9,45.6,62.3,375.0,1,1,0,64.6
dimapur,4,178.0,27.8,0.4,0.2,33.7,72.1,0.9,6.4,15.3,24.5,160.0,0,0,0,22.7
dima_hasao,9,944.0,59.2,0.3,0.8,32.0,87.9,36.5,1.0,1.0,1.3,375.0,1,1,1,59.6
papum_pare,4,372.0,42.0,0.5,0.4,26.3,95.0,13.8,3.2,4.9,4.3,230.0,0,0,0,20.9
aizawl,11,1008.0,73.3,0.1,0.8,29.5,81.0,2.4,1.2,1.0,1.6,40.0,0,0,0,0.9
cachar,9,-74.0,22.3,0.65,0.2,26.4,61.1,9.0,3.3,4.5,5.4,330.0,1,1,0,39.6
west_tripura,9,-8.0,8.0,0.75,0.05,22.4,80.9,28.3,18.9,42.6,30.2,315.0,1,1,1,94.3
dimapur,12,50.0,28.6,0.4,0.2,19.5,61.8,5.8,1.2,1.8,2.0,16.0,0,1,0,1.7
sonitpur,11,46.0,20.6,0.6,0.15,19.9,64.8,2.0,1.3,2.0,2.5,34.0,0,0,0,6.9
aizawl,6,1101.0,75.5,0.1,0.8,34.0,61.5,3.4,28.0,24.7,35.5,440.0,1,1,0,61.2
papum_pare,8,300.0,36.7,0.5,0.4,31.5,92.3,2.5,1.6,1.7,1.8,506.0,0,0,0,31.9
west_tripura,11,23.0,3.0,0.75,0.05,21.0,91.0,13.9,0.2,0.2,0.4,42.0,0,0,0,0.0
dimapur,2,178.0,18.8,0.4,0.2,23.3,88.6,14.4,0.2,0.6,1.0,48.0,0,0,0,0.0
cachar,3,115.0,12.1,0.65,0.2,20.1,84.9,2.7,6.1,8.2,6.2,110.0,0,0,0,1.1
imphal_west,7,699.0,45.4,0.35,0.5,29.3,66.8,2.5,18.9,38.9,35.3,375.0,1,0,1,88.3
imphal_west,6,852.0,56.0,0.35,0.5,24.2,64.7,10.3,13.9,33.0,30.7,330.0,1,0,1,86.4
papum_pare,3,432.0,43.2,0.5,0.4,30.4,97.2,2.2,0.6,1.4,2.1,115.0,0,0,0,2.8
imphal_west,10,868.0,52.0,0.35,0.5,23.8,67.6,0.2,4.1,5.3,4.7,90.0,1,0,0,18.6
kohima,6,1380.0,63.8,0.15,0.85,24.1,85.0,27.5,4.5,6.5,8.8,418.0,1,0,0,35.4
west_khasi,9,1327.0,51.9,0.25,0.75,21.1,77.7,7.0,35.3,81.7,119.9,420.0,1,1,1,94.4
west_khasi,6,1356.0,67.2,0.25,0.75,28.2,64.7,9.6,14.2,28.8,42.9,616.0,1,1,0,46.4
dimapur,11,153.0,20.9,0.4,0.2,20.6,90.4,19.7,0.1,0.1,0.1,32.0,0,0,0,9.1
dimapur,12,109.0,32.2,0.4,0.2,33.4,96.0,29.8,0.2,0.4,0.5,16.0,0,0,0,6.5
west_khasi,10,1320.0,61.1,0.25,0.75,18.3,69.0,8.4,14.9,30.9,32.7,168.0,0,1,0,31.3
dima_hasao,10,1011.0,77.1,0.3,0.8,33.0,74.7,5.5,23.0,22.6,27.8,150.0,1,0,1,70.8
imphal_west,4,757.0,43.4,0.35,0.5,29.1,69.7,2.8,7.4,12.9,20.0,150.0,0,0,0,21.9
dimapur,9,188.0,30.1,0.4,0.2,23.8,92.3,6.8,1.6,1.9,2.7,240.0,1,1,1,53.6
west_tripura,5,-11.0,6.9,0.75,0.05,29.4,61.5,5.9,47.8,89.7,138.0,294.0,0,1,0,58.5
west_khasi,8,1406.0,54.2,0.25,0.75,25.3,74.6,39.2,51.1,59.6,53.6,616.0,1,1,0,73.8
kohima,7,1376.0,68.5,0.15,0.85,23.0,73.1,3.9,7.7,7.4,13.6,475.0,1,0,0,46.2
kamrup,12,58.0,11.7,0.7,0.1,34.2,86.4,2.2,0.2,0.4,0.5,18.0,0,0,0,0.0
kamrup,5,60.0,11.6,0.7,0.1,31.4,64.0,2.3,25.2,51.4,80.4,252.0,0,0,0,35.8
aizawl,1,1153.0,89.3,0.1,0.8,18.9,78.7,4.0,1.1,2.6,1.8,40.0,0,0,0,5.0
imphal_west,3,791.0,51.4,0.35,0.5,34.4,77.9,2.5,6.2,10.7,20.0,75.0,0,0,0,5.6
east_khasi,1,1508.0,48.2,0.2,0.7,32.0,67.6,0.4,0.8,1.9,3.0,44.0,0,0,0,7.9
east_khasi,4,1524.0,48.7,0.2,0.7,27.1,94.3,1.7,1.8,3.2,5.2,220.0,0,0,0,12.2
dima_hasao,6,938.0,60.2,0.3,0.8,20.0,78.1,11.3,54.0,105.9,195.3,550.0,1,1,1,100.0
kamrup,12,20.0,17.1,0.7,0.1,24.7,87.5,4.6,0.6,0.9,0.8,18.0,0,0,0,8.8
east_khasi,9,1546.0,60.3,0.2,0.7,21.7,94.7,5.9,38.0,74.5,125.9,330.0,1,1,1,93.8
imphal_west,9,846.0,47.4,0.35,0.5,32.7,77.0,9.8,0.4,0.4,0.6,225.0,0,0,0,29.6
aizawl,10,1098.0,70.9,0.1,0.8,23.2,69.5,2.0,2.0,3.7,4.6,120.0,0,0,0,24.0
cachar,2,-71.0,21.2,0.65,0.2,21.1,86.7,17.3,0.6,1.4,2.1,66.0,0,0,0,1.3
kamrup,8,31.0,20.1,0.7,0.1,23.4,83.3,0.7,10.3,14.6,19.0,396.0,0,1,0,44.6
west_khasi,3,1320.0,57.6,0.25,0.75,21.2,64.7,26.6,12.2,14.0,22.2,140.0,0,0,0,5.9
cachar,5,46.0,9.6,0.65,0.2,27.5,73.7,19.0,8.2,11.2,16.2,308.0,0,0,0,27.3
west_khasi,10,1352.0,48.4,0.25,0.75,28.8,65.8,6.5,11.9,20.5,39.8,168.0,0,0,0,31.8
dima_hasao,4,905.0,60.6,0.3,0.8,31.9,93.4,12.1,36.3,64.3,63.0,250.0,1,1,1,76.2
east_khasi,5,1562.0,60.4,0.2,0.7,22.4,83.5,4.6,1.8,1.9,2.2,308.0,1,0,0,22.7
sonitpur,10,16.0,16.2,0.6,0.15,25.8,79.2,9.6,1.6,2.4,1.9,102.0,0,0,0,13.5
dimapur,10,192.0,24.7,0.4,0.2,34.8,72.4,16.2,0.2,0.2,0.4,96.0,0,0,0,9.0
dima_hasao,12,907.0,73.6,0.3,0.8,28.9,97.1,3.6,4.5,5.0,6.1,25.0,0,0,0,0.0
sonitpur,12,136.0,11.6,0.6,0.15,26.4,91.5,5.9,1.0,1.8,1.8,17.0,0,0,0,0.0
west_khasi,8,1345.0,71.4,0.25,0.75,28.2,83.7,14.5,72.8,114.9,95.9,616.0,1,1,0,78.6
cachar,8,-38.0,9.7,0.65,0.2,26.4,69.9,4.6,94.6,232.0,231.7,484.0,1,1,1,100.0
west_tripura,12,22.0,2.8,0.75,0.05,20.7,85.8,24.6,0.5,1.0,1.0,21.0,0,0,0,1.8
aizawl,2,1085.0,77.1,0.1,0.8,27.1,81.8,51.3,2.5,2.3,3.8,60.0,0,0,0,7.7
aizawl,11,1232.0,77.1,0.1,0.8,27.0,73.7,3.2,4.2,7.4,8.3,40.0,0,0,0,6.9
east_khasi,1,1527.0,55.2,0.2,0.7,18.0,71.9,2.9,1.0,2.0,2.9,44.0,0,0,0,0.1
west_tripura,10,9.0,4.7,0.75,0.05,27.5,73.1,16.9,1.7,2.7,3.0,126.0,0,1,1,42.4
dimapur,2,95.0,28.6,0.4,0.2,22.1,89.2,1.4,1.0,1.9,2.6,48.0,0,0,0,0.7
kamrup,6,25.0,13.6,0.7,0.1,34.4,64.8,23.9,14.6,22.1,43.9,396.0,1,1,0,43.1
west_khasi,7,1359.0,67.4,0.25,0.75,32.3,73.2,12.4,14.0,30.7,61.1,700.0,1,0,0,56.4
dimapur,2,153.0,22.6,0.4,0.2,21.0,90.9,23.9,1.6,2.1,2.3,48.0,0,0,0,0.0
dima_hasao,12,893.0,66.7,0.3,0.8,34.1,64.0,6.7,0.2,0.5,0.9,25.0,0,0,0,9.4
papum_pare,10,351.0,41.4,0.5,0.4,34.3,82.8,9.9,4.8,6.0,9.1,138.0,0,1,0,23.6
kamrup,11,39.0,13.3,0.7,0.1,21.8,68.0,3.9,0.4,0.7,0.6,36.0,0,0,0,3.8
papum_pare,7,300.0,41.4,0.5,0.4,28.3,91.5,23.0,15.2,15.9,13.3,575.0,1,0,1,70.0
kamrup,5,76.0,20.7,0.7,0.1,18.9,60.3,15.5,8.3,19.7,33.0,252.0,1,0,0,22.5
imphal_west,1,809.0,53.8,0.35,0.5,21.0,64.5,2.1,0.5,0.5,1.0,30.0,0,0,0,4.0
west_khasi,9,1323.0,55.3,0.25,0.75,25.7,64.8,0.3,1.5,3.4,4.3,420.0,1,1,1,61.1
aizawl,3,1157.0,75.6,0.1,0.8,23.6,65.9,2.7,7.4,16.4,25.5,100.0,0,0,0,8.5
west_khasi,9,1339.0,49.7,0.25,0.75,23.3,83.1,33.9,27.4,45.8,58.0,420.0,1,1,1,88.5
west_tripura,4,11.0,15.5,0.75,0.05,29.7,86.4,8.7,50.7,42.7,40.4,210.0,1,0,0,54.9
cachar,1,-1.0,15.5,0.65,0.2,23.2,71.3,5.0,1.0,1.9,2.9,44.0,0,0,0,7.2
papum_pare,12,347.0,38.4,0.5,0.4,22.1,92.7,7.7,0.9,1.4,2.4,23.0,0,0,0,2.9
dimapur,8,113.0,29.8,0.4,0.2,26.5,89.7,3.4,9.7,23.4,29.9,352.0,1,0,0,36.2
aizawl,10,1073.0,76.1,0.1,0.8,24.6,69.4,14.0,9.3,20.1,26.7,120.0,0,0,0,31.8
imphal_west,2,745.0,50.3,0.35,0.5,22.0,74.1,33.9,3.3,7.5,14.9,45.0,0,0,0,2.3
dima_hasao,7,1017.0,66.6,0.3,0.8,21.2,96.3,8.2,32.8,53.9,56.4,625.0,1,1,1,95.5
east_khasi,7,1473.0,54.6,0.2,0.7,29.6,74.7,4.4,37.1,38.6,68.8,550.0,1,0,0,67.8
cachar,3,104.0,13.5,0.65,0.2,23.0,63.5,2.6,26.3,48.1,62.2,110.0,0,0,0,8.1
west_khasi,2,1355.0,53.5,0.25,0.75,27.7,60.3,0.7,6.2,11.2,14.6,84.0,0,0,0,9.4
kohima,10,1493.0,72.6,0.15,0.85,27.2,67.1,7.5,0.8,1.6,3.0,114.0,0,0,0,24.3
west_tripura,1,64.0,6.7,0.75,0.05,23.9,71.9,19.9,3.1,3.9,6.9,42.0,1,0,0,2.1
imphal_west,7,756.0,54.7,0.35,0.5,23.5,79.4,13.1,6.8,8.9,16.7,375.0,1,0,0,37.5
east_khasi,2,1570.0,58.7,0.2,0.7,20.2,63.4,8.9,2.6,2.7,3.4,66.0,0,0,0,0.0
dimapur,9,200.0,23.7,0.4,0.2,21.1,84.7,6.3,7.4,17.6,25.7,240.0,0,0,0,43.5
dimapur,12,248.0,32.3,0.4,0.2,28.5,77.1,2.3,0.0,0.0,0.0,16.0,0,0,0,0.0
cachar,3,47.0,21.0,0.65,0.2,23.8,93.5,51.1,6.4,8.6,11.6,110.0,0,0,0,0.0
kohima,9,1533.0,64.9,0.15,0.85,18.6,87.7,10.6,13.4,21.2,39.7,285.0,1,0,0,53.3
dima_hasao,8,918.0,60.8,0.3,0.8,29.3,72.1,1.5,4.9,9.0,15.4,550.0,1,0,1,74.9
dimapur,11,222.0,24.0,0.4,0.2,22.3,86.2,8.0,2.9,3.1,3.9,32.0,1,0,0,10.7
aizawl,4,1110.0,68.3,0.1,0.8,22.9,70.6,2.5,23.5,19.6,30.6,200.0,1,1,1,66.7
imphal_west,10,706.0,52.2,0.35,0.5,31.9,91.8,3.4,10.3,15.7,29.8,90.0,0,0,0,28.5
west_tripura,9,-130.0,3.1,0.75,0.05,19.1,69.6,3.2,2.7,2.6,2.4,315.0,0,0,0,25.2
dima_hasao,4,940.0,70.1,0.3,0.8,19.0,96.5,11.8,1.8,4.1,6.3,250.0,0,0,0,16.1
sonitpur,5,108.0,20.6,0.6,0.15,23.2,88.0,2.3,3.0,2.8,2.2,238.0,0,0,0,15.3
dimapur,6,168.0,28.3,0.4,0.2,33.7,80.8,7.6,1.2,2.8,2.1,352.0,0,0,0,24.4
papum_pare,10,368.0,41.5,0.5,0.4,28.4,89.3,28.3,8.9,15.2,18.2,138.0,1,0,0,27.8
sonitpur,2,118.0,10.9,0.6,0.15,30.0,70.7,1.7,7.2,12.8,22.2,51.0,0,0,0,8.0
papum_pare,7,400.0,41.0,0.5,0.4,32.1,80.5,0.1,6.8,8.4,12.8,575.0,1,1,1,66.8
dimapur,6,142.0,25.3,0.4,0.2,21.8,74.8,1.2,0.8,1.1,0.8,352.0,0,1,1,42.6
west_khasi,4,1354.0,65.3,0.25,0.75,28.5,95.8,0.6,9.1,20.1,17.7,280.0,0,1,0,25.2
west_khasi,6,1372.0,62.2,0.25,0.75,24.6,81.1,36.9,3.2,4.5,3.4,616.0,1,1,1,75.4
aizawl,11,1152.0,88.5,0.1,0.8,25.2,62.4,19.4,0.2,0.4,0.3,40.0,0,0,0,6.2
kamrup,5,59.0,7.5,0.7,0.1,24.7,76.6,24.4,23.8,24.2,35.3,252.0,0,1,0,38.0
cachar,6,115.0,22.2,0.65,0.2,22.8,87.8,9.8,29.1,46.1,48.7,484.0,1,1,1,100.0
aizawl,8,1097.0,79.4,0.1,0.8,19.0,89.0,1.1,9.9,12.4,17.3,440.0,1,0,0,58.0
aizawl,3,1199.0,79.1,0.1,0.8,23.3,69.5,2.1,7.9,9.3,13.5,100.0,0,0,0,6.1
kohima,1,1538.0,70.2,0.15,0.85,23.1,80.3,5.9,2.2,4.7,4.8,38.0,0,0,0,7.9
dima_hasao,4,947.0,70.7,0.3,0.8,20.0,79.4,8.3,11.5,18.9,37.1,250.0,0,0,0,29.7
papum_pare,6,431.0,50.7,0.5,0.4,29.7,88.5,11.9,26.2,55.1,96.1,506.0,1,1,1,86.3
cachar,12,-4.0,19.2,0.65,0.2,28.5,81.6,6.7,1.3,3.2,5.6,22.0,0,0,0,0.0
sonitpur,2,132.0,10.0,0.6,0.15,22.3,74.5,4.7,2.2,5.3,7.3,51.0,0,0,0,4.3
west_tripura,1,49.0,3.3,0.75,0.05,24.9,95.1,5.1,0.9,1.6,2.4,42.0,0,0,0,0.6
dima_hasao,10,994.0,58.2,0.3,0.8,18.8,83.6,6.0,1.8,1.9,2.6,150.0,0,0,0,19.8
cachar,5,-16.0,21.0,0.65,0.2,31.0,94.9,12.0,2.7,2.5,4.8,308.0,0,0,0,15.7
kamrup,6,65.0,23.8,0.7,0.1,28.8,63.8,1.5,17.1,16.8,18.5,396.0,1,1,0,45.8
west_tripura,2,127.0,4.5,0.75,0.05,31.1,94.6,2.1,2.7,6.2,8.3,63.0,0,0,0,1.7
east_khasi,8,1464.0,61.2,0.2,0.7,24.3,63.1,15.2,13.2,12.6,9.0,484.0,1,0,0,51.4
kohima,1,1461.0,76.3,0.15,0.85,34.3,81.5,10.2,0.2,0.2,0.3,38.0,0,0,0,10.4
west_khasi,4,1313.0,63.3,0.25,0.75,27.3,71.7,6.0,17.9,40.1,49.6,280.0,1,0,1,56.7
west_tripura,9,91.0,10.5,0.75,0.05,21.9,92.3,5.6,7.6,11.4,14.7,315.0,0,1,0,43.5
dima_hasao,4,987.0,66.4,0.3,0.8,19.7,63.4,6.5,20.9,31.6,48.2,250.0,0,1,0,45.8
imphal_west,9,809.0,47.6,0.35,0.5,33.2,92.4,4.7,1.7,2.9,5.4,225.0,0,0,0,28.2
east_khasi,9,1590.0,61.2,0.2,0.7,21.3,87.3,29.6,1.1,0.9,1.1,330.0,1,0,0,28.3
kohima,10,1509.0,73.4,0.15,0.85,21.5,72.9,0.7,10.8,26.2,27.9,114.0,0,0,0,35.0
west_tripura,3,16.0,0.0,0.75,0.05,25.9,75.1,13.9,9.5,20.7,16.7,105.0,0,0,0,4.3
west_tripura,12,-36.0,1.8,0.75,0.05,20.2,78.7,8.3,1.0,1.6,1.6,21.0,0,1,1,23.7
papum_pare,1,328.0,41.5,0.5,0.4,26.6,80.4,5.6,3.1,4.3,3.2,46.0,0,0,0,5.3
dimapur,10,92.0,21.8,0.4,0.2,33.4,77.2,3.9,4.4,4.2,5.0,96.0,0,0,0,19.0
papum_pare,9,313.0,38.1,0.5,0.4,33.3,78.2,0.0,20.3,29.6,50.2,345.0,1,0,1,86.5
kamrup,5,87.0,9.7,0.7,0.1,19.5,81.0,1.3,14.0,30.6,37.3,252.0,0,1,1,41.0
cachar,1,18.0,18.6,0.65,0.2,30.6,77.2,0.7,0.6,0.7,1.4,44.0,0,1,0,0.0
east_khasi,4,1538.0,52.3,0.2,0.7,32.2,68.6,11.3,1.2,2.5,3.3,220.0,0,0,0,16.1
west_tripura,10,55.0,1.7,0.75,0.05,33.5,81.0,10.0,9.1,11.7,22.2,126.0,0,1,0,10.4
east_khasi,1,1545.0,58.2,0.2,0.7,20.8,81.2,3.5,3.7,5.1,7.9,44.0,0,0,0,0.0
kohima,11,1485.0,77.4,0.15,0.85,27.3,79.4,28.5,1.4,3.2,5.8,38.0,0,0,0,0.0
kamrup,2,67.0,20.3,0.7,0.1,23.9,65.6,5.5,1.5,1.7,1.2,54.0,0,0,0,0.0
dimapur,11,171.0,36.3,0.4,0.2,23.6,81.4,1.5,5.5,10.9,8.3,32.0,0,0,0,0.3
east_khasi,11,1542.0,40.8,0.2,0.7,29.4,60.9,2.7,0.7,1.2,1.1,44.0,0,0,0,0.0
papum_pare,6,419.0,29.8,0.5,0.4,30.6,97.3,12.1,6.5,7.4,10.9,506.0,0,0,0,30.1
sonitpur,1,74.0,18.1,0.6,0.15,28.4,62.5,0.1,1.1,1.4,1.6,34.0,0,0,0,1.8
east_khasi,11,1483.0,56.7,0.2,0.7,18.1,92.6,44.6,1.4,2.6,4.4,44.0,1,0,1,30.0
dimapur,4,4.0,29.8,0.4,0.2,23.3,93.4,8.4,4.7,7.3,9.5,160.0,0,0,0,11.4
dimapur,9,67.0,29.6,0.4,0.2,25.1,62.6,5.3,6.9,8.9,17.6,240.0,1,1,1,55.6
west_tripura,2,62.0,1.5,0.75,0.05,31.3,93.0,6.8,5.7,7.1,5.3,63.0,1,0,0,0.0
west_khasi,8,1311.0,59.1,0.25,0.75,35.0,89.0,4.1,24.2,30.8,22.9,616.0,1,0,1,83.9
aizawl,9,1158.0,76.1,0.1,0.8,21.4,75.9,9.7,2.1,4.0,7.2,300.0,1,0,0,46.1
sonitpur,3,15.0,8.3,0.6,0.15,19.8,78.2,14.9,8.6,15.4,30.8,85.0,0,0,0,0.0
dima_hasao,9,1019.0,63.5,0.3,0.8,22.7,78.8,4.8,31.1,28.1,50.2,375.0,1,1,1,90.4
kohima,9,1467.0,73.1,0.15,0.85,24.8,78.1,2.8,8.9,22.3,39.1,285.0,1,0,0,63.2
west_tripura,1,84.0,2.7,0.75,0.05,18.5,87.2,26.7,0.9,1.8,1.3,42.0,0,0,0,6.3
kamrup,4,-33.0,14.0,0.7,0.1,21.7,93.9,12.3,24.3,58.3,74.3,180.0,1,1,1,69.9
imphal_west,5,787.0,46.8,0.35,0.5,18.7,61.9,12.7,7.3,9.3,10.3,210.0,0,0,0,16.9
west_khasi,8,1291.0,69.1,0.25,0.75,27.7,96.2,17.1,63.6,144.3,266.1,616.0,1,1,1,96.7
dimapur,12,82.0,23.1,0.4,0.2,23.2,90.1,7.4,0.4,0.6,0.9,16.0,0,0,0,6.4
cachar,1,57.0,8.4,0.65,0.2,21.7,75.0,22.5,0.4,0.6,0.5,44.0,0,1,0,9.7
west_khasi,11,1287.0,68.9,0.25,0.75,33.8,97.0,3.7,2.6,3.0,3.5,56.0,0,0,0,6.9
west_khasi,6,1345.0,53.9,0.25,0.75,18.6,88.5,38.1,58.3,109.0,165.5,616.0,1,1,1,100.0
papum_pare,5,318.0,32.7,0.5,0.4,26.4,90.5,27.2,13.1,24.0,35.1,322.0,0,1,0,25.5
dima_hasao,9,960.0,64.6,0.3,0.8,27.4,61.5,14.6,5.1,8.9,7.6,375.0,1,0,0,48.4
east_khasi,1,1519.0,52.3,0.2,0.7,20.0,86.5,1.8,0.5,0.4,0.5,44.0,0,0,0,9.3
papum_pare,5,384.0,39.5,0.5,0.4,26.2,68.7,15.9,16.1,19.8,23.8,322.0,0,0,0,28.7
dimapur,1,170.0,18.5,0.4,0.2,25.3,86.2,0.9,1.2,1.6,1.8,32.0,0,0,0,3.2
imphal_west,5,911.0,51.6,0.35,0.5,27.6,65.4,12.5,7.1,17.2,30.3,210.0,0,0,0,27.9
dima_hasao,3,918.0,58.3,0.3,0.8,30.5,85.1,0.6,13.2,23.4,31.6,125.0,0,0,0,12.9
west_khasi,7,1398.0,60.4,0.25,0.75,19.3,65.5,20.0,121.4,161.2,255.9,700.0,1,1,0,71.6
papum_pare,3,391.0,35.2,0.5,0.4,31.7,84.5,2.6,8.9,21.2,17.4,115.0,0,0,0,8.5
sonitpur,12,30.0,13.4,0.6,0.15,23.2,68.3,7.0,0.2,0.3,0.2,17.0,0,0,0,5.6
dimapur,9,138.0,32.1,0.4,0.2,18.1,86.3,7.1,7.8,8.6,16.8,240.0,0,0,0,40.6
papum_pare,10,378.0,39.6,0.5,0.4,18.1,83.7,15.9,0.4,0.4,0.4,138.0,0,0,0,8.8
papum_pare,11,407.0,43.9,0.5,0.4,31.5,81.4,2.8,5.5,6.1,4.6,46.0,0,0,0,6.9
dima_hasao,7,1010.0,61.5,0.3,0.8,25.2,69.7,0.1,22.3,50.3,48.8,625.0,1,0,0,69.3
dima_hasao,10,959.0,68.9,0.3,0.8,32.2,82.8,2.8,3.1,5.5,5.8,150.0,0,1,0,27.9
cachar,7,-11.0,20.7,0.65,0.2,24.1,70.2,8.5,83.7,146.9,187.4,550.0,1,1,1,100.0
east_khasi,10,1496.0,59.6,0.2,0.7,30.3,87.1,3.1,1.8,2.4,4.4,132.0,0,0,0,24.8
west_khasi,8,1259.0,59.8,0.25,0.75,30.3,96.5,0.8,16.8,13.9,18.0,616.0,1,1,1,87.0
imphal_west,3,798.0,51.6,0.35,0.5,30.7,80.4,6.0,23.0,48.6,48.0,75.0,0,1,0,8.2
dima_hasao,11,999.0,62.8,0.3,0.8,18.9,61.9,11.0,3.9,5.2,5.6,50.0,0,0,0,3.4
cachar,10,52.0,15.6,0.65,0.2,28.7,92.5,7.2,18.9,44.6,78.2,132.0,0,1,1,55.4
imphal_west,11,810.0,42.7,0.35,0.5,24.5,95.7,19.7,0.5,0.4,0.4,30.0,1,0,0,0.0
dima_hasao,3,833.0,61.8,0.3,0.8,34.1,76.5,2.2,3.0,5.7,7.4,125.0,0,0,0,12.1
east_khasi,12,1656.0,51.6,0.2,0.7,24.6,89.3,45.6,0.5,0.6,1.2,22.0,0,0,0,0.0
west_tripura,9,84.0,5.5,0.75,0.05,32.8,68.4,15.1,14.8,26.4,44.6,315.0,0,1,0,41.1
cachar,7,137.0,13.4,0.65,0.2,31.1,70.9,12.2,18.0,38.6,62.0,550.0,1,1,1,85.6
cachar,11,72.0,19.8,0.65,0.2,30.9,60.1,6.2,0.6,0.9,1.7,44.0,0,0,0,1.8
aizawl,3,1075.0,71.6,0.1,0.8,22.5,78.2,0.2,8.5,11.1,16.7,100.0,0,0,0,8.2
west_khasi,2,1429.0,62.6,0.25,0.75,28.0,90.6,1.9,4.7,9.8,11.7,84.0,0,0,0,1.2
imphal_west,9,752.0,44.1,0.35,0.5,34.1,68.0,1.6,0.4,0.3,0.6,225.0,0,0,0,29.7
west_tripura,2,-22.0,17.6,0.75,0.05,21.0,65.7,28.0,0.4,0.9,0.7,63.0,0,0,0,10.8
cachar,6,-11.0,14.9,0.65,0.2,29.0,93.7,17.7,28.9,50.6,87.7,484.0,1,1,1,100.0
cachar,12,21.0,20.3,0.65,0.2,32.8,77.8,40.7,0.0,0.0,0.0,22.0,0,0,0,0.0
kamrup,6,62.0,19.3,0.7,0.1,28.0,88.8,11.2,8.4,12.2,22.7,396.0,0,0,0,32.9
dimapur,7,96.0,24.8,0.4,0.2,20.2,68.5,0.9,0.9,1.1,1.2,400.0,0,1,0,24.9
east_khasi,8,1571.0,56.2,0.2,0.7,29.0,62.0,3.8,51.8,49.0,97.4,484.0,1,0,0,74.9
west_tripura,11,-5.0,9.6,0.75,0.05,32.3,66.9,1.8,3.1,4.0,5.8,42.0,0,0,0,0.5
west_tripura,5,73.0,3.5,0.75,0.05,22.7,68.6,2.9,2.4,4.8,7.3,294.0,0,1,0,14.5
cachar,4,-9.0,26.2,0.65,0.2,23.2,72.0,18.6,31.5,40.9,64.5,220.0,1,1,0,47.8
sonitpur,3,111.0,20.5,0.6,0.15,21.0,92.8,0.5,0.5,0.9,1.6,85.0,0,0,0,2.6
cachar,1,162.0,16.2,0.65,0.2,27.1,67.7,11.4,1.0,1.6,2.3,44.0,0,0,0,0.0
aizawl,10,1194.0,78.5,0.1,0.8,26.3,89.9,2.8,2.6,4.9,9.6,120.0,0,0,0,18.7
east_khasi,10,1479.0,53.9,0.2,0.7,24.1,85.0,0.8,8.5,19.1,23.4,132.0,0,0,0,18.7
aizawl,10,1206.0,81.4,0.1,0.8,29.6,83.7,25.8,4.7,11.1,8.1,120.0,0,0,0,11.4
dima_hasao,10,984.0,69.3,0.3,0.8,30.3,95.0,2.6,0.6,0.8,0.9,150.0,1,0,0,22.7
dima_hasao,4,980.0,68.6,0.3,0.8,21.7,97.1,4.5,2.1,2.2,2.4,250.0,1,0,1,49.1
papum_pare,1,251.0,39.5,0.5,0.4,29.3,84.0,19.2,0.4,0.6,1.1,46.0,0,0,0,6.4
west_khasi,2,1371.0,58.6,0.25,0.75,20.1,68.0,35.2,10.6,19.6,35.5,84.0,0,0,0,6.6
west_tripura,8,-11.0,11.2,0.75,0.05,31.3,78.6,30.1,6.3,8.4,9.1,462.0,0,1,1,61.5
cachar,9,44.0,20.3,0.65,0.2,30.2,78.1,4.6,7.4,18.3,24.3,330.0,1,1,1,71.8
aizawl,8,1175.0,71.6,0.1,0.8,22.9,73.1,2.0,2.7,5.8,8.7,440.0,1,0,0,35.4
west_tripura,11,-31.0,6.2,0.75,0.05,23.1,84.6,2.2,0.3,0.5,0.9,42.0,0,0,0,3.3
west_khasi,3,1388.0,56.6,0.25,0.75,20.6,94.7,4.1,4.4,6.0,10.5,140.0,0,0,0,3.1
dimapur,8,147.0,24.9,0.4,0.2,26.4,62.7,7.5,6.5,10.9,18.1,352.0,0,0,0,27.7
kohima,3,1462.0,75.5,0.15,0.85,29.1,81.3,2.1,16.1,36.9,32.7,95.0,0,0,0,0.0
cachar,4,76.0,10.8,0.65,0.2,22.5,87.2,5.8,27.0,60.2,99.9,220.0,0,1,0,44.9
dima_hasao,1,942.0,70.2,0.3,0.8,23.6,60.2,0.4,0.5,0.7,0.9,50.0,0,0,0,3.9
dimapur,1,147.0,32.4,0.4,0.2,18.7,62.1,1.1,0.2,0.5,0.4,32.0,0,0,0,1.5
east_khasi,7,1612.0,43.8,0.2,0.7,23.8,73.9,1.1,17.0,21.1,31.8,550.0,1,0,0,59.8
dima_hasao,12,926.0,68.5,0.3,0.8,31.4,89.7,12.7,0.3,0.4,0.8,25.0,0,0,0,0.0
papum_pare,4,458.0,52.0,0.5,0.4,22.2,85.2,15.6,7.1,12.3,15.3,230.0,0,1,0,22.4
dima_hasao,2,1013.0,63.2,0.3,0.8,20.2,80.6,22.9,0.0,0.1,0.1,75.0,0,0,0,0.0
cachar,8,27.0,25.5,0.65,0.2,27.6,65.9,2.1,5.4,11.7,15.7,484.0,0,0,0,32.7
aizawl,8,1153.0,69.0,0.1,0.8,32.4,69.3,12.3,42.0,41.1,34.9,440.0,1,1,1,93.5
west_tripura,6,-3.0,10.5,0.75,0.05,29.9,62.6,4.0,22.0,28.6,37.2,462.0,1,1,0,64.0
kohima,4,1432.0,72.1,0.15,0.85,33.1,73.8,9.8,1.0,2.3,1.9,190.0,1,0,1,43.2
dimapur,7,228.0,26.1,0.4,0.2,20.8,83.9,4.1,25.3,34.1,44.6,400.0,1,0,0,54.1
kamrup,10,22.0,14.1,0.7,0.1,18.3,90.6,3.6,4.7,4.7,7.6,108.0,0,0,0,26.3
west_tripura,7,72.0,1.4,0.75,0.05,28.9,76.1,3.6,13.3,11.6,19.1,525.0,0,0,0,35.5
west_tripura,6,68.0,8.5,0.75,0.05,30.9,63.7,40.2,32.8,40.2,33.5,462.0,1,1,0,70.3
dimapur,10,90.0,25.4,0.4,0.2,23.3,79.4,2.1,7.8,14.8,11.2,96.0,0,0,0,18.2
west_tripura,10,46.0,24.4,0.75,0.05,28.8,64.4,11.5,6.0,10.9,13.4,126.0,0,0,0,13.0
aizawl,9,1132.0,72.1,0.1,0.8,32.8,89.1,2.5,2.1,2.3,1.6,300.0,1,0,0,37.7
imphal_west,11,706.0,51.1,0.35,0.5,33.9,60.4,5.0,3.0,2.9,3.4,30.0,0,0,0,1.4
west_tripura,1,22.0,13.4,0.75,0.05,19.6,85.3,13.0,9.7,19.8,23.0,42.0,0,0,0,0.0
imphal_west,2,782.0,49.8,0.35,0.5,31.3,74.9,0.9,5.3,5.3,10.1,45.0,0,0,0,7.1
kohima,8,1445.0,79.2,0.15,0.85,22.1,87.1,9.1,71.6,146.0,275.7,418.0,1,1,1,100.0
kamrup,4,50.0,13.4,0.7,0.1,21.3,70.9,19.2,2.2,3.6,6.7,180.0,0,0,0,14.2
imphal_west,9,806.0,51.8,0.35,0.5,29.6,97.7,5.3,39.2,93.3,118.2,225.0,1,1,1,99.9
dimapur,12,197.0,32.4,0.4,0.2,20.6,84.4,31.5,1.0,0.9,1.1,16.0,0,0,0,5.3
kamrup,9,47.0,14.1,0.7,0.1,20.1,79.3,23.4,14.7,36.2,64.3,270.0,0,1,1,81.8
dimapur,9,107.0,27.3,0.4,0.2,18.3,91.0,6.5,25.9,61.8,83.8,240.0,1,1,0,74.5
papum_pare,1,404.0,32.9,0.5,0.4,34.1,96.6,18.4,0.4,0.4,0.5,46.0,0,0,0,7.2
dima_hasao,5,919.0,56.6,0.3,0.8,34.4,72.7,3.1,23.0,22.2,22.0,350.0,1,1,1,65.1
kohima,7,1479.0,64.0,0.15,0.85,30.9,85.3,0.3,2.5,2.2,4.0,475.0,1,0,0,35.5
east_khasi,5,1501.0,54.4,0.2,0.7,23.0,85.6,16.4,20.8,39.4,48.9,308.0,1,0,1,62.6
kohima,3,1349.0,73.7,0.15,0.85,20.2,92.7,7.7,12.2,26.8,25.4,95.0,0,0,0,3.9
dimapur,5,53.0,31.5,0.4,0.2,31.2,75.2,10.9,5.0,6.7,12.0,224.0,0,0,0,15.7
aizawl,1,1116.0,76.7,0.1,0.8,28.4,93.9,2.4,3.2,3.4,4.8,40.0,0,0,0,2.5
west_tripura,9,46.0,7.9,0.75,0.05,18.8,67.7,28.9,12.7,14.7,23.1,315.0,1,1,0,41.0
cachar,8,-50.0,22.5,0.65,0.2,26.3,66.2,22.4,2.1,2.2,4.0,484.0,0,1,0,32.5
papum_pare,8,361.0,36.5,0.5,0.4,19.8,96.8,1.9,23.3,40.0,48.5,506.0,1,1,1,84.6
sonitpur,12,66.0,19.5,0.6,0.15,30.5,61.3,1.2,0.6,0.7,0.6,17.0,0,0,0,0.0
imphal_west,2,866.0,55.4,0.35,0.5,18.4,61.9,8.9,4.4,9.8,8.1,45.0,0,0,0,0.0
cachar,10,-52.0,14.5,0.65,0.2,24.9,93.7,25.0,14.8,26.2,42.9,132.0,0,0,0,26.8
west_tripura,9,64.0,1.4,0.75,0.05,19.9,73.6,6.8,48.6,67.2,127.1,315.0,1,1,0,83.0
cachar,7,3.0,17.9,0.65,0.2,30.3,76.5,11.8,3.6,6.8,9.5,550.0,0,1,0,29.7
dimapur,6,108.0,29.5,0.4,0.2,34.9,97.6,2.7,0.8,1.4,1.5,352.0,0,0,0,26.7
kohima,1,1444.0,67.2,0.15,0.85,34.1,94.1,2.8,2.3,2.6,4.4,38.0,0,0,0,0.0
cachar,8,60.0,23.4,0.65,0.2,18.8,67.8,5.9,34.7,47.9,69.2,484.0,1,1,0,72.1
aizawl,12,1154.0,78.4,0.1,0.8,18.1,82.4,23.4,0.3,0.2,0.2,20.0,0,0,0,0.0
dima_hasao,8,962.0,62.9,0.3,0.8,24.0,67.9,24.4,52.7,99.4,174.4,550.0,1,1,1,100.0
sonitpur,5,82.0,24.8,0.6,0.15,34.2,60.2,4.1,9.2,11.3,22.1,238.0,0,0,0,27.7
west_khasi,12,1385.0,64.8,0.25,0.75,27.6,66.3,1.9,0.6,0.8,0.8,28.0,0,0,0,4.2
papum_pare,12,313.0,36.6,0.5,0.4,21.9,96.4,1.1,0.2,0.5,0.4,23.0,0,0,0,2.5
cachar,12,48.0,14.6,0.65,0.2,23.1,69.4,14.0,0.2,0.5,0.9,22.0,0,0,0,6.4
west_tripura,2,-29.0,11.6,0.75,0.05,27.4,70.8,2.1,1.0,0.8,0.6,63.0,0,0,0,3.6
sonitpur,2,30.0,17.7,0.6,0.15,32.4,61.7,6.9,0.5,1.2,1.3,51.0,0,0,0,5.8
west_tripura,8,80.0,6.4,0.75,0.05,28.6,66.4,8.5,33.5,40.1,77.7,462.0,1,1,0,69.8
papum_pare,6,342.0,35.6,0.5,0.4,27.3,94.5,2.4,28.4,35.2,69.1,506.0,1,1,0,61.1
sonitpur,9,126.0,20.6,0.6,0.15,33.8,88.5,2.8,39.4,81.1,152.4,255.0,1,1,1,100.0
west_tripura,7,36.0,13.6,0.75,0.05,20.3,93.4,9.2,7.4,6.0,11.1,525.0,0,1,1,67.3
west_tripura,9,65.0,18.5,0.75,0.05,31.7,81.3,27.1,5.5,10.0,12.7,315.0,0,1,0,35.4
aizawl,3,1047.0,72.3,0.1,0.8,20.1,91.5,8.6,2.6,6.1,6.0,100.0,0,0,0,11.5
dimapur,9,170.0,20.2,0.4,0.2,24.0,82.6,21.7,21.6,48.3,49.7,240.0,0,1,0,70.6
dimapur,1,161.0,26.1,0.4,0.2,26.4,67.4,6.2,2.7,6.4,12.7,32.0,0,0,0,0.0
cachar,6,103.0,17.7,0.65,0.2,19.7,92.7,13.4,38.3,49.2,75.7,484.0,1,1,0,68.2
aizawl,11,1086.0,66.1,0.1,0.8,28.0,65.5,15.2,3.1,3.3,2.4,40.0,0,0,0,1.3
cachar,3,66.0,13.8,0.65,0.2,30.3,96.3,20.8,2.7,3.6,6.8,110.0,0,0,0,8.0
cachar,3,27.0,17.5,0.65,0.2,26.7,61.5,3.1,5.7,9.6,19.0,110.0,1,0,0,8.2
west_tripura,1,-5.0,9.7,0.75,0.05,21.7,87.7,10.8,0.8,0.7,1.3,42.0,0,0,0,0.1
dimapur,5,154.0,26.2,0.4,0.2,20.0,74.8,3.4,5.9,11.3,10.4,224.0,1,0,0,23.8
east_khasi,12,1437.0,57.1,0.2,0.7,31.4,68.7,8.4,0.9,0.9,0.8,22.0,0,0,0,0.0
kohima,5,1470.0,74.5,0.15,0.85,31.9,81.9,35.1,6.2,7.3,10.1,266.0,1,0,0,21.4
papum_pare,3,302.0,45.9,0.5,0.4,25.5,73.4,22.5,2.3,4.3,8.3,115.0,0,0,0,10.8
sonitpur,3,69.0,13.0,0.6,0.15,23.8,78.2,12.6,0.3,0.6,0.6,85.0,0,0,0,2.8
dima_hasao,1,920.0,66.6,0.3,0.8,21.8,71.9,1.0,0.8,0.9,0.9,50.0,0,0,0,4.1
aizawl,5,1102.0,68.8,0.1,0.8,20.8,64.3,19.6,5.5,8.4,9.8,280.0,0,1,0,26.2
kamrup,8,-18.0,4.7,0.7,0.1,25.9,96.6,13.0,18.9,41.0,41.0,396.0,0,1,0,61.4
kohima,8,1495.0,71.3,0.15,0.85,25.1,61.7,20.1,25.0,46.1,63.4,418.0,1,1,1,85.6
imphal_west,1,722.0,46.9,0.35,0.5,34.3,67.9,6.3,0.3,0.4,0.6,30.0,0,0,0,0.0
aizawl,8,1189.0,82.0,0.1,0.8,30.5,70.9,9.0,9.2,19.0,19.1,440.0,1,1,1,72.4
dima_hasao,4,1021.0,65.7,0.3,0.8,29.7,75.7,3.3,9.1,8.7,9.9,250.0,1,0,0,30.6
aizawl,11,1134.0,74.3,0.1,0.8,33.4,77.6,3.8,6.7,7.8,12.1,40.0,0,0,0,6.7
kohima,8,1480.0,66.2,0.15,0.85,30.2,80.5,12.9,64.9,94.3,72.0,418.0,1,1,1,100.0
dimapur,8,141.0,28.2,0.4,0.2,32.8,68.5,13.1,11.9,28.2,53.1,352.0,1,1,0,51.9
sonitpur,10,28.0,17.8,0.6,0.15,29.1,82.1,14.5,0.9,2.0,3.2,102.0,0,0,0,13.7
aizawl,1,1038.0,70.7,0.1,0.8,20.9,93.8,1.8,0.5,1.0,1.1,40.0,0,0,0,0.0
dima_hasao,9,980.0,71.9,0.3,0.8,33.8,68.5,12.0,8.3,13.7,10.2,375.0,1,0,1,80.4
east_khasi,10,1513.0,47.2,0.2,0.7,30.2,72.6,1.2,10.8,17.5,15.9,132.0,0,0,0,25.1
papum_pare,9,354.0,42.8,0.5,0.4,31.6,68.4,4.0,7.6,8.2,15.8,345.0,1,0,0,44.5
dima_hasao,1,969.0,67.3,0.3,0.8,32.0,61.8,1.3,7.0,15.2,29.0,50.0,0,0,0,9.1
cachar,3,61.0,14.7,0.65,0.2,18.5,84.9,28.7,0.3,0.6,0.7,110.0,0,0,0,4.4
kamrup,11,54.0,10.8,0.7,0.1,25.5,78.2,1.5,0.4,0.4,0.5,36.0,0,0,0,0.0
west_khasi,1,1308.0,62.7,0.25,0.75,29.0,61.7,0.8,3.9,6.3,8.4,56.0,0,0,0,0.0
cachar,1,-52.0,16.2,0.65,0.2,33.4,60.2,47.5,7.0,7.7,7.9,44.0,0,0,0,2.4
papum_pare,10,259.0,43.6,0.5,0.4,27.4,91.2,22.9,10.0,11.2,8.8,138.0,1,0,1,51.3
aizawl,5,1132.0,73.0,0.1,0.8,27.6,89.3,3.5,26.0,47.6,86.4,280.0,1,0,0,48.1
west_khasi,2,1456.0,67.0,0.25,0.75,31.7,78.2,17.0,0.2,0.6,0.4,84.0,0,0,0,0.5
kamrup,2,102.0,14.9,0.7,0.1,23.0,70.6,16.7,3.4,3.9,6.3,54.0,0,0,0,0.0
dimapur,3,123.0,19.5,0.4,0.2,22.9,81.7,2.1,1.6,3.2,3.3,80.0,0,0,0,1.5
cachar,11,-20.0,16.7,0.65,0.2,29.8,96.7,2.0,1.7,2.0,1.9,44.0,0,0,0,10.1
east_khasi,10,1540.0,49.4,0.2,0.7,19.5,96.3,15.8,7.3,6.5,4.6,132.0,0,1,0,16.8
papum_pare,12,298.0,46.2,0.5,0.4,29.2,60.3,19.3,1.4,1.6,2.9,23.0,0,0,0,16.1
west_tripura,10,-5.0,9.5,0.75,0.05,22.7,84.3,5.7,2.2,5.4,9.0,126.0,0,1,0,20.4
aizawl,9,1092.0,75.1,0.1,0.8,23.0,68.9,9.6,6.7,7.8,10.5,300.0,1,0,1,67.1
cachar,8,-37.0,18.7,0.65,0.2,24.8,84.0,9.9,11.4,13.7,17.5,484.0,0,0,0,41.8
west_tripura,10,9.0,7.1,0.75,0.05,23.2,91.7,6.8,0.5,0.6,0.7,126.0,0,1,0,9.9
west_khasi,1,1323.0,63.9,0.25,0.75,18.4,72.0,21.4,2.0,3.4,6.3,56.0,0,0,0,1.3
sonitpur,5,25.0,11.3,0.6,0.15,22.7,90.1,13.5,20.4,34.4,47.1,238.0,0,1,0,27.1
west_khasi,6,1221.0,57.9,0.25,0.75,25.8,65.9,2.0,12.8,27.8,37.2,616.0,1,0,1,79.7
dimapur,2,125.0,23.1,0.4,0.2,27.7,60.2,0.2,3.7,4.3,4.4,48.0,0,0,0,5.9
dimapur,9,103.0,22.3,0.4,0.2,21.9,63.3,39.0,2.1,4.2,8.0,240.0,0,1,0,21.7
sonitpur,5,117.0,13.1,0.6,0.15,25.9,79.8,43.9,0.5,0.8,1.2,238.0,0,1,0,16.4
kohima,3,1454.0,65.9,0.15,0.85,33.7,76.9,18.3,1.2,2.5,2.7,95.0,0,0,0,3.4
sonitpur,12,48.0,10.5,0.6,0.15,30.1,69.0,5.1,0.6,0.8,0.6,17.0,0,0,0,0.3
east_khasi,6,1614.0,55.2,0.2,0.7,22.4,64.0,23.5,68.1,166.4,182.3,484.0,1,1,0,82.0
imphal_west,7,688.0,45.4,0.35,0.5,24.3,97.0,12.3,27.8,63.8,117.3,375.0,1,1,0,64.6
imphal_west,4,752.0,47.7,0.35,0.5,23.0,95.5,2.5,14.6,17.7,31.7,150.0,1,0,0,27.6
west_tripura,4,9.0,10.8,0.75,0.05,28.0,66.5,12.4,39.1,42.6,48.0,210.0,0,1,0,47.7
aizawl,1,1179.0,77.4,0.1,0.8,24.6,71.8,14.0,0.6,0.9,1.2,40.0,0,0,0,0.0
sonitpur,10,120.0,15.3,0.6,0.15,23.9,77.0,16.0,9.0,8.2,6.8,102.0,0,1,0,19.7
west_tripura,11,104.0,11.6,0.75,0.05,28.2,76.4,14.2,0.5,0.7,0.9,42.0,0,0,0,6.9
imphal_west,2,755.0,52.5,0.35,0.5,32.3,66.9,16.1,2.2,4.4,3.9,45.0,0,0,0,1.9
kohima,12,1469.0,65.5,0.15,0.85,20.4,84.5,24.0,1.1,1.0,0.9,19.0,0,0,0,3.5
west_tripura,10,-50.0,3.2,0.75,0.05,30.4,75.5,0.1,0.3,0.7,0.5,126.0,0,0,0,11.8
west_tripura,5,80.0,3.2,0.75,0.05,28.1,86.6,4.6,0.5,1.1,1.0,294.0,0,0,0,16.7
dimapur,10,96.0,24.9,0.4,0.2,33.9,73.6,1.1,2.1,2.3,2.4,96.0,0,0,0,19.9
west_khasi,5,1315.0,59.7,0.25,0.75,18.9,66.1,2.9,11.7,22.2,20.2,392.0,1,0,0,32.6
imphal_west,10,780.0,54.0,0.35,0.5,19.8,83.2,11.0,2.9,2.8,5.0,90.0,1,0,0,19.3
aizawl,6,1176.0,75.1,0.1,0.8,31.8,88.9,34.5,19.2,41.4,37.3,440.0,1,1,1,82.6
cachar,10,66.0,18.0,0.65,0.2,25.6,62.1,10.0,2.9,5.5,9.4,132.0,0,0,0,14.5
aizawl,8,1159.0,80.3,0.1,0.8,18.8,73.9,15.5,50.8,98.4,89.7,440.0,1,1,1,100.0
imphal_west,12,653.0,51.0,0.35,0.5,23.3,82.6,7.0,0.5,1.1,2.1,15.0,0,0,0,0.4
papum_pare,8,381.0,33.9,0.5,0.4,33.3,92.2,12.1,5.6,13.4,21.8,506.0,1,1,1,56.0
kohima,3,1468.0,73.4,0.15,0.85,19.1,87.2,43.8,4.7,5.0,5.7,95.0,0,0,0,0.4
aizawl,4,1189.0,67.8,0.1,0.8,34.3,79.8,1.3,12.1,28.4,37.8,200.0,1,0,0,31.6
west_tripura,5,32.0,6.2,0.75,0.05,22.7,76.8,16.6,11.6,14.9,14.3,294.0,0,1,0,16.6
dima_hasao,1,953.0,69.4,0.3,0.8,30.0,61.3,0.5,6.3,15.0,12.6,50.0,0,0,0,5.0
sonitpur,1,59.0,13.6,0.6,0.15,32.5,82.6,6.5,3.5,2.9,5.1,34.0,0,0,0,10.1
kohima,11,1450.0,69.9,0.15,0.85,23.9,66.2,0.1,2.8,4.9,4.9,38.0,1,0,0,2.5
sonitpur,12,-46.0,21.1,0.6,0.15,28.9,79.0,9.8,1.3,2.8,3.0,17.0,0,0,0,8.9
dima_hasao,10,899.0,51.7,0.3,0.8,25.0,85.0,14.8,0.7,1.5,1.8,150.0,0,0,0,16.6
dimapur,7,137.0,25.3,0.4,0.2,24.1,61.4,18.9,84.3,146.3,124.9,400.0,1,1,1,96.1
kamrup,6,112.0,12.5,0.7,0.1,33.3,81.5,15.8,18.9,36.7,72.0,396.0,1,1,0,49.2
west_khasi,9,1301.0,69.1,0.25,0.75,32.8,66.5,4.8,7.4,10.7,12.6,420.0,0,0,0,51.2
papum_pare,4,294.0,38.1,0.5,0.4,30.9,68.8,5.4,3.4,7.0,9.0,230.0,0,0,0,14.9
kamrup,11,-43.0,10.5,0.7,0.1,34.9,84.8,12.2,1.4,2.2,2.9,36.0,0,0,0,0.0
dima_hasao,12,904.0,68.4,0.3,0.8,19.2,72.0,7.9,0.6,1.0,0.9,25.0,0,0,0,12.6
east_khasi,5,1493.0,51.6,0.2,0.7,27.1,88.8,8.7,1.5,2.2,2.1,308.0,1,0,0,21.5
sonitpur,5,88.0,11.2,0.6,0.15,28.3,94.5,0.2,5.8,11.3,17.3,238.0,0,0,0,17.4
east_khasi,9,1544.0,44.7,0.2,0.7,23.8,95.0,0.3,3.3,6.0,6.4,330.0,1,1,1,65.4
imphal_west,6,737.0,53.3,0.35,0.5,30.3,75.0,4.9,1.1,0.9,1.4,330.0,0,1,0,30.2
kamrup,2,47.0,8.2,0.7,0.1,33.3,62.0,9.0,3.0,2.4,4.1,54.0,0,0,0,0.0
papum_pare,6,351.0,44.4,0.5,0.4,34.3,72.9,12.5,28.6,59.0,54.3,506.0,1,1,1,100.0
west_khasi,7,1377.0,66.8,0.25,0.75,22.9,60.0,4.5,25.6,31.8,44.9,700.0,1,1,0,65.7
west_tripura,10,-86.0,4.4,0.75,0.05,34.4,93.7,11.7,4.5,4.5,6.9,126.0,0,1,0,17.3
aizawl,1,1132.0,83.1,0.1,0.8,25.0,60.2,3.2,0.5,0.7,0.9,40.0,0,0,0,0.0
cachar,4,48.0,21.9,0.65,0.2,21.0,70.0,14.5,1.2,2.6,3.6,220.0,0,1,0,17.5
west_khasi,6,1304.0,61.0,0.25,0.75,23.3,91.5,8.6,9.1,12.2,11.7,616.0,1,0,0,51.8
papum_pare,8,347.0,45.0,0.5,0.4,18.1,84.3,20.3,29.4,69.6,84.1,506.0,1,1,1,98.6
kohima,1,1462.0,68.0,0.15,0.85,32.9,90.0,8.4,1.9,2.1,2.7,38.0,0,0,0,4.0
papum_pare,3,324.0,44.8,0.5,0.4,28.4,92.3,0.9,18.2,37.1,53.2,115.0,0,0,0,1.8
kohima,3,1454.0,66.7,0.15,0.85,32.2,80.8,6.1,12.2,21.2,27.8,95.0,0,0,0,6.6
papum_pare,8,377.0,32.1,0.5,0.4,26.9,81.0,0.9,46.8,38.8,37.4,506.0,1,1,0,61.7
imphal_west,6,800.0,44.8,0.35,0.5,27.4,93.1,6.6,10.2,15.5,25.1,330.0,0,1,0,39.8
kohima,7,1442.0,68.5,0.15,0.85,20.1,87.7,14.1,12.1,16.3,15.7,475.0,1,1,1,69.0
west_tripura,1,-33.0,11.6,0.75,0.05,25.1,87.4,6.9,0.4,1.0,1.8,42.0,0,0,0,5.9
imphal_west,5,792.0,52.7,0.35,0.5,22.1,87.9,17.7,6.4,10.1,14.1,210.0,0,0,0,26.9
aizawl,12,1200.0,78.5,0.1,0.8,19.5,85.8,0.9,2.0,3.9,7.1,20.0,1,0,1,23.3
papum_pare,6,335.0,39.8,0.5,0.4,22.7,83.5,9.2,3.4,4.2,2.9,506.0,1,1,1,63.4
imphal_west,9,790.0,55.4,0.35,0.5,34.4,89.8,9.8,7.3,15.7,28.8,225.0,1,1,1,79.6
kamrup,4,104.0,5.0,0.7,0.1,32.7,64.9,0.1,20.6,39.3,75.4,180.0,1,0,0,31.8
aizawl,11,1186.0,72.3,0.1,0.8,22.1,80.8,3.4,2.7,3.0,3.0,40.0,0,0,0,6.6
west_khasi,6,1269.0,57.4,0.25,0.75,21.3,83.0,8.2,0.4,0.5,0.6,616.0,1,0,1,55.4
sonitpur,3,91.0,12.8,0.6,0.15,23.1,96.0,3.0,1.8,3.4,5.2,85.0,0,0,0,1.1
east_khasi,1,1506.0,48.5,0.2,0.7,24.0,60.1,0.9,3.2,6.7,6.8,44.0,0,0,0,0.0
west_khasi,7,1366.0,56.1,0.25,0.75,33.8,81.6,6.6,49.2,88.5,119.4,700.0,1,1,1,100.0
papum_pare,9,340.0,43.4,0.5,0.4,33.2,82.1,5.6,11.4,26.7,33.8,345.0,1,1,1,81.9
cachar,10,9.0,20.1,0.65,0.2,27.6,91.7,11.6,4.5,6.4,12.1,132.0,1,0,1,34.8
aizawl,7,1103.0,76.8,0.1,0.8,24.0,82.8,21.9,32.1,76.8,124.5,500.0,1,1,0,65.9
cachar,10,-40.0,12.6,0.65,0.2,28.8,83.9,2.3,7.1,11.1,18.3,132.0,0,0,0,13.8
sonitpur,5,47.0,12.8,0.6,0.15,23.8,86.5,37.6,1.5,1.2,1.5,238.0,0,0,0,10.7
west_tripura,6,22.0,0.7,0.75,0.05,31.5,69.4,1.5,10.0,9.8,16.2,462.0,0,0,0,38.4
west_tripura,1,-2.0,13.1,0.75,0.05,21.4,65.5,7.6,0.5,0.9,1.3,42.0,0,0,0,11.9
east_khasi,7,1515.0,59.9,0.2,0.7,34.7,65.0,13.4,26.7,50.6,61.6,550.0,1,1,0,66.6
sonitpur,8,132.0,9.9,0.6,0.15,28.9,67.4,8.0,47.7,73.0,54.7,374.0,1,1,1,89.6
dima_hasao,6,901.0,67.0,0.3,0.8,26.0,88.2,23.9,23.9,32.4,55.4,550.0,1,1,1,89.9
kohima,5,1451.0,61.5,0.15,0.85,24.8,62.6,9.4,0.2,0.3,0.5,266.0,0,0,0,30.9
dima_hasao,9,908.0,66.1,0.3,0.8,31.9,80.5,35.4,3.3,4.8,3.8,375.0,1,0,1,68.0
east_khasi,3,1530.0,54.3,0.2,0.7,34.0,73.9,24.6,18.6,31.7,35.7,110.0,0,0,0,11.2
sonitpur,6,144.0,13.0,0.6,0.15,30.1,81.1,3.0,3.3,6.5,4.6,374.0,0,1,0,26.4
kamrup,4,104.0,8.1,0.7,0.1,26.9,81.7,6.2,2.6,2.3,3.0,180.0,1,0,0,16.9
sonitpur,8,142.0,11.1,0.6,0.15,27.6,72.0,14.5,4.0,4.9,8.4,374.0,0,0,0,21.9
imphal_west,1,798.0,53.5,0.35,0.5,32.2,81.5,8.3,0.5,0.7,1.3,30.0,0,0,0,0.3
kohima,9,1458.0,68.0,0.15,0.85,21.5,84.6,8.1,0.7,1.2,1.7,285.0,1,0,0,31.4
cachar,4,31.0,23.8,0.65,0.2,34.9,64.8,1.9,1.1,2.6,2.2,220.0,0,0,0,7.1
west_khasi,8,1458.0,59.6,0.25,0.75,24.8,67.0,3.7,0.6,1.2,1.9,616.0,0,1,0,32.9
west_tripura,9,62.0,3.4,0.75,0.05,34.1,86.8,2.5,14.1,28.9,30.3,315.0,0,0,0,53.4
east_khasi,6,1537.0,66.6,0.2,0.7,27.8,73.4,25.4,10.5,22.5,36.1,484.0,1,0,1,77.9
cachar,2,40.0,27.3,0.65,0.2,26.1,96.7,14.1,4.0,6.7,5.9,66.0,0,0,0,2.5
imphal_west,11,717.0,57.9,0.35,0.5,21.2,77.4,12.1,0.8,0.8,1.4,30.0,0,0,0,0.4
cachar,4,-8.0,20.0,0.65,0.2,22.9,81.2,9.4,24.8,26.3,44.6,220.0,1,1,1,55.3
west_tripura,1,11.0,1.3,0.75,0.05,19.2,70.4,14.7,1.5,3.1,5.3,42.0,0,0,0,0.0
kohima,7,1481.0,74.9,0.15,0.85,23.6,70.6,6.4,68.9,159.2,259.8,475.0,1,1,1,98.6
west_tripura,9,-104.0,4.9,0.75,0.05,34.4,63.5,1.1,25.9,44.5,67.6,315.0,1,1,1,90.8
sonitpur,1,55.0,23.0,0.6,0.15,26.3,83.3,4.6,3.2,4.5,7.2,34.0,0,0,0,7.3
east_khasi,1,1511.0,51.2,0.2,0.7,25.0,77.8,1.3,3.1,4.1,4.6,44.0,0,0,0,4.4
papum_pare,10,321.0,44.1,0.5,0.4,28.3,91.2,11.7,5.2,6.1,5.2,138.0,0,0,0,16.2
sonitpur,6,-41.0,19.0,0.6,0.15,22.2,69.8,28.1,17.8,36.5,34.2,374.0,0,1,1,89.2
kohima,1,1540.0,76.0,0.15,0.85,30.0,61.0,11.8,0.6,0.5,0.8,38.0,0,0,0,4.3
sonitpur,9,122.0,14.2,0.6,0.15,25.0,70.1,1.8,21.5,26.6,46.5,255.0,0,1,0,61.6
papum_pare,12,304.0,39.5,0.5,0.4,28.7,64.2,3.4,2.0,3.2,4.7,23.0,0,0,0,0.0
east_khasi,1,1494.0,56.9,0.2,0.7,31.4,92.7,2.9,1.0,1.7,1.6,44.0,0,0,0,5.6
aizawl,5,1078.0,70.2,0.1,0.8,29.9,68.8,11.7,46.8,97.2,140.5,280.0,1,0,0,58.0
papum_pare,4,332.0,40.9,0.5,0.4,21.7,70.9,5.2,10.0,9.1,6.8,230.0,0,0,0,22.6
west_khasi,4,1305.0,55.6,0.25,0.75,32.4,85.9,6.0,27.3,52.5,43.8,280.0,1,0,0,47.5
dima_hasao,5,962.0,63.3,0.3,0.8,21.7,90.9,0.0,1.2,1.7,3.3,350.0,0,1,1,35.7
east_khasi,9,1582.0,55.2,0.2,0.7,20.0,78.2,3.2,3.9,5.8,9.3,330.0,0,1,0,35.5
west_khasi,8,1374.0,75.5,0.25,0.75,26.0,97.3,35.3,34.8,77.6,145.1,616.0,1,1,1,93.7
papum_pare,2,501.0,40.1,0.5,0.4,31.4,74.7,8.8,6.6,15.9,11.6,69.0,0,0,0,3.7
east_khasi,3,1529.0,55.8,0.2,0.7,19.4,74.7,20.4,2.9,5.8,11.3,110.0,1,0,0,5.0
cachar,5,63.0,24.2,0.65,0.2,27.0,88.1,9.1,0.8,1.4,1.7,308.0,1,1,1,33.6
sonitpur,1,117.0,15.9,0.6,0.15,32.8,64.8,33.3,2.4,5.3,7.5,34.0,0,0,0,0.0
aizawl,9,1187.0,77.4,0.1,0.8,22.2,61.1,12.6,9.9,11.3,10.6,300.0,1,1,1,70.0
imphal_west,2,831.0,50.0,0.35,0.5,26.6,88.5,16.3,1.9,4.4,5.4,45.0,0,0,0,12.1
dima_hasao,9,983.0,59.1,0.3,0.8,34.7,66.8,1.0,22.1,45.2,43.0,375.0,1,1,1,89.4
west_khasi,9,1387.0,42.9,0.25,0.75,33.9,67.1,3.6,0.9,1.8,2.1,420.0,1,0,1,55.5
west_khasi,5,1271.0,66.5,0.25,0.75,30.0,83.9,3.2,16.7,28.8,41.8,392.0,1,0,1,61.7
cachar,12,-34.0,13.6,0.65,0.2,22.8,97.9,6.2,1.5,1.8,3.5,22.0,0,0,0,0.0
east_khasi,10,1588.0,57.6,0.2,0.7,18.7,81.2,4.6,16.2,27.2,41.0,132.0,0,1,0,35.6
dima_hasao,3,1046.0,66.1,0.3,0.8,23.3,79.6,4.1,1.2,2.4,1.7,125.0,0,0,0,0.8
sonitpur,5,80.0,18.4,0.6,0.15,18.1,88.3,2.1,16.7,24.5,21.3,238.0,0,0,0,25.7
aizawl,6,1064.0,77.3,0.1,0.8,32.0,82.3,23.3,3.1,4.7,6.4,440.0,1,0,0,30.6
imphal_west,8,740.0,47.3,0.35,0.5,25.5,69.4,5.1,31.5,34.7,26.0,330.0,1,1,1,94.9
kamrup,3,61.0,18.2,0.7,0.1,25.2,61.0,0.2,1.2,2.3,3.7,90.0,0,0,0,0.0
kamrup,8,177.0,6.2,0.7,0.1,25.7,62.0,1.9,16.5,21.4,42.7,396.0,0,1,0,56.0
papum_pare,1,474.0,35.1,0.5,0.4,32.7,82.3,5.8,0.6,0.5,0.8,46.0,0,0,0,8.6
sonitpur,7,10.0,4.6,0.6,0.15,21.8,88.5,7.4,5.9,9.0,13.5,425.0,0,1,0,30.5
kamrup,2,129.0,17.3,0.7,0.1,23.7,97.2,5.7,0.3,0.6,0.7,54.0,0,0,0,4.7
dimapur,7,117.0,31.3,0.4,0.2,27.4,85.4,1.7,7.6,10.7,17.7,400.0,0,1,0,42.4
cachar,12,1.0,18.4,0.65,0.2,29.2,93.1,5.0,1.2,1.5,2.7,22.0,0,0,0,2.4
aizawl,10,1077.0,82.9,0.1,0.8,30.1,89.5,4.9,4.9,6.4,8.0,120.0,0,0,0,28.7
papum_pare,12,358.0,38.7,0.5,0.4,24.5,72.6,2.4,0.7,0.9,1.1,23.0,0,0,0,2.5
west_tripura,8,-24.0,8.5,0.75,0.05,34.1,61.6,2.0,101.8,231.9,187.2,462.0,1,1,0,75.8
aizawl,6,1175.0,77.0,0.1,0.8,19.9,95.8,4.3,35.2,59.0,110.3,440.0,1,0,0,71.5
east_khasi,6,1523.0,57.1,0.2,0.7,20.5,93.0,0.7,34.2,36.8,56.8,484.0,1,0,1,90.1
dima_hasao,12,965.0,51.6,0.3,0.8,27.0,86.6,30.4,0.8,1.7,1.9,25.0,0,0,0,6.3
papum_pare,9,461.0,34.5,0.5,0.4,24.1,75.4,4.3,1.0,1.9,2.2,345.0,1,0,0,35.2
sonitpur,8,160.0,14.3,0.6,0.15,20.9,85.0,26.4,1.0,1.1,1.1,374.0,0,1,0,18.6
aizawl,3,1126.0,71.8,0.1,0.8,18.4,70.4,7.2,4.6,6.8,4.9,100.0,0,0,0,3.4
sonitpur,12,129.0,21.5,0.6,0.15,22.0,81.5,1.6,0.3,0.3,0.4,17.0,0,0,0,0.2
kohima,2,1547.0,68.5,0.15,0.85,29.1,74.5,21.8,0.7,1.2,1.2,57.0,0,0,0,8.0
kohima,5,1436.0,71.2,0.15,0.85,25.4,73.4,3.3,0.9,1.8,3.1,266.0,1,0,0,26.7
papum_pare,11,370.0,34.7,0.5,0.4,19.5,68.3,4.1,0.7,0.6,0.6,46.0,0,0,0,0.0
west_tripura,8,6.0,9.0,0.75,0.05,32.7,91.2,2.1,52.7,50.1,49.0,462.0,1,1,0,81.9
kohima,4,1441.0,68.2,0.15,0.85,20.6,95.2,5.4,5.0,4.6,7.4,190.0,0,0,0,22.5
dima_hasao,3,985.0,72.9,0.3,0.8,18.8,71.6,24.1,1.2,1.9,3.5,125.0,0,0,0,10.5
aizawl,5,1128.0,80.2,0.1,0.8,22.3,82.0,4.7,2.3,5.6,9.7,280.0,0,0,0,18.5
west_khasi,7,1345.0,52.0,0.25,0.75,28.7,88.6,30.9,62.8,81.7,64.7,700.0,1,1,0,73.3
cachar,12,25.0,25.1,0.65,0.2,30.9,95.3,6.7,1.3,2.3,2.2,22.0,0,0,0,3.1
papum_pare,6,351.0,43.8,0.5,0.4,28.4,93.6,11.4,58.8,127.0,233.0,506.0,1,1,1,99.5
west_khasi,8,1384.0,59.6,0.25,0.75,23.2,87.4,2.2,18.6,23.5,39.1,616.0,1,1,0,54.8
kohima,1,1495.0,69.2,0.15,0.85,19.6,65.9,18.7,0.4,0.4,0.5,38.0,0,0,0,12.5
sonitpur,8,-53.0,7.4,0.6,0.15,20.3,76.5,2.5,58.9,79.8,135.2,374.0,1,1,1,98.8
sonitpur,6,70.0,13.4,0.6,0.15,18.6,76.5,0.4,3.6,6.3,11.0,374.0,0,1,1,54.5
kohima,8,1317.0,72.4,0.15,0.85,18.1,75.5,8.1,29.7,40.2,56.0,418.0,1,1,1,89.3
cachar,5,39.0,17.1,0.65,0.2,26.2,73.4,22.2,3.1,7.1,8.3,308.0,0,1,1,42.9
west_khasi,10,1387.0,60.2,0.25,0.75,21.2,64.3,0.8,1.4,2.6,4.6,168.0,0,1,0,20.6
aizawl,3,1199.0,79.3,0.1,0.8,22.2,79.2,2.7,11.7,15.7,17.4,100.0,0,0,0,7.7
imphal_west,2,789.0,57.3,0.35,0.5,26.4,78.5,3.9,2.2,2.0,3.1,45.0,0,0,0,2.4
dimapur,12,227.0,15.1,0.4,0.2,28.1,81.6,21.3,0.3,0.4,0.5,16.0,0,0,0,0.5
sonitpur,6,24.0,14.5,0.6,0.15,29.8,88.6,1.5,2.3,5.8,11.2,374.0,0,1,0,29.6
imphal_west,11,812.0,46.4,0.35,0.5,28.8,72.9,1.6,0.1,0.1,0.2,30.0,0,0,0,1.1
sonitpur,5,174.0,14.7,0.6,0.15,31.2,78.9,74.2,19.8,30.8,55.5,238.0,0,0,0,29.9
imphal_west,8,739.0,49.0,0.35,0.5,29.3,61.3,1.2,26.4,46.8,60.2,330.0,1,1,0,63.9
dimapur,10,150.0,26.8,0.4,0.2,28.6,70.1,1.8,1.2,1.6,2.7,96.0,0,0,0,14.5
dimapur,4,126.0,23.8,0.4,0.2,27.8,86.9,12.0,3.1,5.6,8.3,160.0,0,0,0,13.8
aizawl,4,1142.0,78.1,0.1,0.8,30.4,77.5,26.9,5.3,6.7,12.2,200.0,0,0,0,26.0
imphal_west,3,712.0,48.7,0.35,0.5,31.6,64.6,5.3,2.0,2.6,2.0,75.0,0,0,0,3.6
kohima,7,1507.0,72.8,0.15,0.85,22.4,94.1,2.0,92.1,136.4,188.1,475.0,1,1,1,100.0
sonitpur,6,61.0,14.7,0.6,0.15,32.9,97.5,5.3,27.2,30.5,50.6,374.0,1,1,0,65.4
dima_hasao,12,937.0,68.4,0.3,0.8,33.4,86.2,6.3,1.4,1.2,1.4,25.0,0,0,0,1.3
aizawl,7,1141.0,79.3,0.1,0.8,20.9,66.8,6.8,4.2,8.0,8.6,500.0,1,0,1,74.2
dimapur,10,161.0,31.6,0.4,0.2,28.1,85.4,11.8,1.2,2.3,2.2,96.0,1,0,1,41.2
west_khasi,9,1370.0,66.1,0.25,0.75,26.7,84.7,4.5,5.3,7.7,14.2,420.0,1,0,1,70.9
west_tripura,4,-7.0,8.1,0.75,0.05,22.9,62.0,2.9,9.9,17.2,27.3,210.0,0,1,1,52.2
cachar,11,-44.0,14.3,0.65,0.2,30.2,97.6,8.3,3.2,4.4,3.4,44.0,0,0,0,0.0
papum_pare,2,401.0,50.2,0.5,0.4,26.6,67.9,22.9,3.9,7.6,7.5,69.0,0,0,0,0.4
west_tripura,12,14.0,13.9,0.75,0.05,19.9,80.1,17.2,1.5,1.7,2.2,21.0,0,1,0,0.0
aizawl,8,1173.0,76.1,0.1,0.8,27.4,90.8,4.7,25.2,47.4,45.6,440.0,1,0,0,55.8
sonitpur,10,67.0,19.5,0.6,0.15,32.6,68.5,0.3,17.1,26.2,39.6,102.0,0,0,0,26.6
aizawl,8,1204.0,75.5,0.1,0.8,30.4,79.8,23.0,18.1,34.4,52.8,440.0,1,0,0,42.5
west_khasi,9,1355.0,57.5,0.25,0.75,23.0,81.7,16.4,2.8,3.9,2.8,420.0,1,0,0,37.6
sonitpur,8,78.0,19.9,0.6,0.15,18.9,69.2,0.4,25.7,31.1,24.3,374.0,1,0,0,70.0
cachar,5,27.0,20.5,0.65,0.2,28.2,91.0,22.8,42.6,86.0,109.6,308.0,0,1,0,57.0
dimapur,2,97.0,31.6,0.4,0.2,26.2,86.0,1.2,4.2,4.2,5.6,48.0,0,0,0,0.0
aizawl,2,1182.0,71.3,0.1,0.8,33.9,72.4,4.5,1.5,3.2,4.5,60.0,0,0,0,4.6
papum_pare,10,326.0,40.1,0.5,0.4,31.5,79.4,4.9,1.7,2.0,2.1,138.0,0,1,1,46.2
dimapur,6,124.0,21.5,0.4,0.2,18.0,67.2,1.9,2.6,3.6,5.0,352.0,1,0,0,29.9
kohima,11,1420.0,72.8,0.15,0.85,29.0,95.3,2.1,2.1,4.2,6.4,38.0,0,0,0,2.1
papum_pare,1,377.0,34.0,0.5,0.4,28.4,89.1,4.3,1.2,1.9,2.4,46.0,0,0,0,2.4
sonitpur,4,12.0,19.8,0.6,0.15,26.1,60.8,4.3,0.2,0.5,0.3,170.0,0,0,0,21.7
cachar,10,38.0,26.2,0.65,0.2,30.2,80.1,5.4,3.1,2.7,4.4,132.0,0,0,0,17.7
papum_pare,1,363.0,40.1,0.5,0.4,25.3,84.7,12.2,2.2,4.1,3.2,46.0,0,0,0,0.0
cachar,11,50.0,14.0,0.65,0.2,20.5,70.0,2.5,0.5,0.5,0.9,44.0,0,0,0,9.6
cachar,8,15.0,15.1,0.65,0.2,33.1,66.4,58.2,0.3,0.3,0.3,484.0,0,1,0,32.4
imphal_west,5,821.0,51.3,0.35,0.5,28.5,87.2,3.7,9.1,17.4,13.5,210.0,0,0,0,31.9
dimapur,10,87.0,20.1,0.4,0.2,22.7,61.9,8.7,0.2,0.4,0.8,96.0,0,0,0,5.2
aizawl,8,1181.0,74.0,0.1,0.8,30.0,66.1,4.5,15.6,38.8,75.4,440.0,1,0,0,56.0
dima_hasao,4,946.0,62.5,0.3,0.8,20.9,93.7,8.6,15.1,34.2,51.0,250.0,0,0,0,30.8
papum_pare,6,291.0,38.7,0.5,0.4,26.7,68.5,2.6,13.9,25.0,24.3,506.0,1,1,0,42.9
east_khasi,10,1541.0,47.8,0.2,0.7,25.1,75.0,12.1,2.1,3.4,5.1,132.0,1,0,0,13.7
papum_pare,5,318.0,45.3,0.5,0.4,30.4,61.7,13.3,10.9,19.6,32.6,322.0,0,0,0,23.0
dimapur,12,77.0,17.5,0.4,0.2,31.2,92.2,21.7,0.5,0.4,0.5,16.0,0,0,0,2.1
west_khasi,2,1483.0,62.9,0.25,0.75,23.0,60.4,9.4,19.5,36.1,48.3,84.0,0,0,0,15.5
aizawl,1,1115.0,77.7,0.1,0.8,18.9,92.9,26.6,0.5,1.1,1.9,40.0,0,0,0,10.0
aizawl,9,1162.0,74.1,0.1,0.8,31.5,89.7,4.4,2.8,4.3,8.3,300.0,1,0,1,68.1
dimapur,3,203.0,25.8,0.4,0.2,33.3,61.5,9.5,3.5,3.2,2.3,80.0,0,0,0,0.0
east_khasi,1,1560.0,55.9,0.2,0.7,29.9,73.2,13.8,0.8,1.4,2.4,44.0,0,0,0,0.9
west_khasi,9,1318.0,52.1,0.25,0.75,28.9,86.8,0.1,45.2,54.9,54.5,420.0,1,1,1,81.9
kamrup,1,103.0,12.1,0.7,0.1,28.0,62.8,11.4,0.7,1.4,2.6,36.0,0,0,0,5.1
west_tripura,9,108.0,13.6,0.75,0.05,25.8,75.4,0.2,3.9,5.0,7.9,315.0,1,1,1,53.6
west_khasi,2,1323.0,50.5,0.25,0.75,23.0,61.8,24.9,4.5,7.2,9.7,84.0,0,0,0,9.4
east_khasi,1,1556.0,54.8,0.2,0.7,22.7,85.4,11.6,0.2,0.5,0.8,44.0,0,0,0,4.3
dima_hasao,7,911.0,60.9,0.3,0.8,27.0,76.6,3.1,2.0,2.8,5.1,625.0,0,0,0,39.9
west_tripura,10,80.0,6.7,0.75,0.05,26.6,83.6,0.1,13.2,31.5,47.8,126.0,0,0,0,32.6
dimapur,11,192.0,25.0,0.4,0.2,28.6,87.7,4.2,1.6,1.6,3.0,32.0,0,0,0,0.0
west_khasi,12,1358.0,62.2,0.25,0.75,25.7,80.8,1.0,4.2,10.4,8.7,28.0,0,1,0,0.0
dimapur,7,152.0,20.8,0.4,0.2,26.3,75.3,29.5,45.8,103.3,123.0,400.0,1,1,0,83.8
dimapur,7,93.0,28.1,0.4,0.2,33.7,76.9,11.5,1.9,4.2,5.9,400.0,1,1,1,52.2
imphal_west,4,817.0,39.1,0.35,0.5,25.8,80.3,2.0,7.9,9.5,12.8,150.0,1,0,1,40.0
papum_pare,3,390.0,45.2,0.5,0.4,22.9,66.4,2.5,5.7,10.3,12.5,115.0,0,0,0,5.1
kohima,3,1471.0,71.3,0.15,0.85,22.1,85.2,10.2,2.5,3.0,3.3,95.0,0,0,0,0.0
dima_hasao,9,946.0,65.5,0.3,0.8,23.2,72.9,14.7,0.9,1.4,1.2,375.0,0,1,0,28.2
dimapur,6,136.0,24.5,0.4,0.2,24.3,86.7,0.6,31.4,77.8,99.4,352.0,1,1,1,100.0
dimapur,3,156.0,18.6,0.4,0.2,21.7,66.3,6.3,2.4,2.4,2.5,80.0,0,0,0,4.2
east_khasi,11,1546.0,56.4,0.2,0.7,34.3,84.7,14.9,0.6,1.4,2.3,44.0,0,0,0,0.0
cachar,3,52.0,24.4,0.65,0.2,22.2,69.5,21.5,3.8,7.1,5.3,110.0,0,0,0,0.0
kamrup,2,-31.0,10.0,0.7,0.1,31.9,89.9,18.2,8.0,16.0,14.9,54.0,0,0,0,4.9
papum_pare,1,443.0,34.8,0.5,0.4,25.1,71.9,12.5,1.1,0.9,1.5,46.0,1,1,1,25.4
cachar,12,61.0,16.2,0.65,0.2,20.9,71.8,0.8,4.4,5.6,8.9,22.0,0,0,0,1.1
kohima,11,1352.0,68.7,0.15,0.85,21.0,60.8,22.6,6.3,7.6,15.2,38.0,0,0,0,8.8
dimapur,3,199.0,23.4,0.4,0.2,25.8,67.4,3.7,3.8,3.6,6.8,80.0,0,0,0,0.0
sonitpur,3,28.0,19.0,0.6,0.15,20.2,70.9,0.7,4.7,6.9,13.0,85.0,0,0,0,1.2
papum_pare,7,341.0,40.4,0.5,0.4,20.3,81.1,4.4,3.1,4.3,8.5,575.0,1,0,1,46.8
kohima,12,1458.0,72.1,0.15,0.85,30.8,89.1,7.5,0.7,1.6,3.2,19.0,0,0,0,0.0
aizawl,7,1115.0,77.8,0.1,0.8,34.0,80.7,11.3,26.8,35.7,60.8,500.0,1,0,0,63.9
aizawl,3,1109.0,74.6,0.1,0.8,27.2,91.9,19.7,6.8,9.2,6.9,100.0,0,0,0,6.6
kohima,9,1402.0,74.0,0.15,0.85,27.6,85.2,9.2,5.8,11.5,16.9,285.0,1,0,0,50.2
dimapur,9,190.0,28.8,0.4,0.2,19.9,92.7,6.6,1.3,3.2,5.1,240.0,0,0,0,24.1
