slope_risk,rainfall_24h_mm,road_condition,bridge_condition,historical_disruptions,congestion_level,flood_risk_level,landslide_probability,elevation_m,river_proximity,month,road_distance_km,risk_score,risk_level,estimated_hours,delay_hours
48.5,2.4,0,1,1,2,14.7,0.021,594.0,0.5,1,440,17,low,9.3,0.1
41.8,13.5,0,0,1,0,99.1,0.348,688.0,0.6,4,210,23,low,4.7,0.3
5.3,0.4,0,0,0,2,14.1,0.02,35.0,0.85,11,550,8,low,11.5,0.0
28.4,3.1,0,0,3,1,89.1,0.14,202.0,0.7,10,330,12,low,7.0,0.1
26.5,4.2,0,0,0,0,15.2,0.022,790.0,0.55,2,98,0,low,2.1,0.0
58.1,0.3,1,0,2,0,60.4,0.524,250.0,0.6,10,230,24,low,6.6,1.8
40.5,0.1,1,1,1,1,13.0,0.04,578.0,0.45,12,168,22,low,4.8,1.3
19.9,0.3,0,0,5,1,48.3,0.262,115.0,0.75,4,195,13,low,4.1,0.0
47.2,6.4,1,1,0,2,6.8,0.185,550.0,0.5,1,110,26,low,3.2,1.0
32.4,0.3,1,0,1,1,12.1,0.03,762.0,0.55,12,265,10,low,7.6,2.1
48.4,0.9,1,1,1,0,6.1,0.164,550.0,0.5,3,110,12,low,3.2,0.9
63.3,4.3,0,0,1,0,4.3,0.155,1438.0,0.4,2,85,15,low,1.8,0.0
1.6,39.4,0,0,7,2,100.0,0.496,35.0,0.85,6,550,32,medium,14.3,2.8
24.7,0.7,0,0,1,1,14.2,0.02,40.0,0.75,12,310,11,low,6.5,0.0
17.3,0.6,1,1,8,1,100.0,0.254,594.0,0.5,7,440,34,medium,12.6,3.4
51.9,17.5,1,0,9,0,32.4,1.0,1238.0,0.35,10,190,34,medium,5.9,2.0
15.9,1.0,0,0,2,1,14.3,0.021,102.0,0.7,1,270,7,low,5.7,0.0
40.9,0.9,1,0,0,2,6.1,0.164,1197.0,0.3,2,180,18,low,5.2,1.4
14.5,8.8,0,0,7,2,100.0,0.305,35.0,0.85,7,550,26,low,12.0,0.5
60.6,0.3,1,0,0,0,4.0,0.141,1238.0,0.35,3,190,22,low,5.4,1.5
32.1,0.3,0,0,0,0,13.1,0.04,408.0,0.6,11,240,6,low,5.0,0.0
29.9,1.5,0,0,5,1,86.5,0.135,102.0,0.7,10,270,23,low,5.7,0.0
34.1,1.1,0,0,0,1,13.3,0.041,688.0,0.6,3,210,11,low,4.4,0.0
62.1,0.0,1,1,0,1,6.0,0.16,550.0,0.5,11,110,23,low,3.1,0.9
48.0,0.4,1,0,1,0,13.1,0.04,488.0,0.55,11,140,11,low,4.0,1.1
30.7,23.3,1,0,6,2,100.0,0.206,502.0,0.6,4,270,35,medium,8.7,3.1
72.6,12.9,1,1,8,1,75.5,1.0,1041.0,0.3,7,200,47,medium,6.1,1.9
72.9,0.1,1,1,4,1,36.0,1.0,1041.0,0.3,4,200,32,medium,5.7,1.5
27.8,0.6,1,0,1,1,8.1,0.041,470.0,0.55,11,215,16,low,6.2,1.7
17.2,4.6,0,0,0,0,14.2,0.045,20.0,0.8,3,320,7,low,6.8,0.2
0.0,0.3,0,0,1,1,13.1,0.04,20.0,0.8,12,320,2,low,6.7,0.0
40.3,27.9,1,0,4,3,100.0,0.848,470.0,0.55,6,215,44,medium,7.1,2.7
21.8,71.4,1,0,7,0,100.0,1.0,250.0,0.6,8,230,49,medium,10.2,5.4
54.0,1.7,0,1,0,1,14.5,0.021,594.0,0.5,3,440,14,low,9.2,0.1
67.1,6.8,1,1,4,0,20.4,1.0,1117.0,0.35,10,145,31,medium,4.3,1.3
58.1,6.5,0,0,8,3,54.2,0.302,797.0,0.4,10,74,33,medium,1.6,0.1
55.9,15.4,1,1,5,3,100.0,0.09,574.0,0.55,5,380,42,medium,11.8,3.8
8.6,1.1,0,0,0,2,14.3,0.021,68.0,0.85,11,175,8,low,3.7,0.0
51.9,0.1,1,1,0,0,6.0,0.16,550.0,0.5,11,110,12,low,3.1,0.9
62.8,4.2,1,0,4,0,65.1,1.0,1197.0,0.3,7,180,33,medium,5.3,1.5
34.4,21.4,0,0,5,2,100.0,0.767,20.0,0.8,9,320,34,medium,7.5,0.8
2.3,0.3,0,0,0,0,14.1,0.02,35.0,0.85,11,550,6,low,11.5,0.0
35.7,8.7,1,0,6,0,70.4,0.632,250.0,0.6,10,230,23,low,6.9,2.1
52.7,7.8,1,0,0,1,4.6,0.167,1238.0,0.35,3,190,14,low,5.6,1.7
39.1,0.2,1,1,0,1,15.1,0.01,574.0,0.55,1,380,23,low,10.9,3.0
14.6,1.3,0,0,0,0,10.3,0.083,215.0,0.75,1,280,3,low,5.9,0.0
75.4,0.7,1,0,5,0,24.3,0.926,1238.0,0.35,5,190,33,medium,5.4,1.5
41.0,0.2,0,0,6,3,78.3,0.261,688.0,0.6,10,210,26,low,4.4,0.0
24.5,2.9,0,0,1,1,14.8,0.021,202.0,0.7,12,330,11,low,7.0,0.1
13.6,5.2,0,1,9,0,100.0,0.282,102.0,0.7,9,270,27,low,5.8,0.1
38.5,52.4,0,0,13,2,100.0,1.0,422.0,0.65,9,485,53,medium,13.7,3.6
57.3,28.5,1,1,5,3,28.2,1.0,1117.0,0.35,4,145,42,medium,4.8,1.8
58.1,1.7,1,1,1,0,13.4,0.042,578.0,0.45,12,168,22,low,4.8,1.3
53.0,19.3,1,0,5,1,55.4,1.0,1238.0,0.35,8,190,35,medium,6.0,2.0
41.4,0.8,0,0,3,0,79.3,0.265,688.0,0.6,4,210,15,low,4.4,0.0
45.0,15.9,0,0,4,1,100.0,0.182,790.0,0.55,10,98,25,low,2.2,0.2
21.1,5.2,1,0,0,0,14.4,0.045,488.0,0.55,1,140,15,low,4.1,1.2
35.5,5.7,1,0,1,0,93.6,0.148,502.0,0.6,4,270,20,low,7.9,2.3
18.2,27.1,0,0,5,1,100.0,0.42,40.0,0.75,6,310,25,low,7.5,1.0
28.2,57.0,0,0,4,1,100.0,1.0,215.0,0.75,4,280,41,medium,8.2,2.3
26.7,7.4,0,0,3,2,48.2,0.77,422.0,0.65,4,485,27,low,10.5,0.4
41.9,2.6,0,0,3,0,50.5,0.277,115.0,0.75,4,195,13,low,4.1,0.1
40.9,35.1,1,1,9,1,51.1,1.0,1117.0,0.35,6,145,46,medium,5.0,2.0
50.3,7.9,1,0,0,1,16.2,0.024,502.0,0.6,11,270,17,low,8.0,2.4
0.0,6.3,0,0,2,1,15.8,0.023,35.0,0.85,1,550,11,low,11.8,0.4
41.6,0.2,0,0,4,0,4.0,0.141,1438.0,0.4,2,85,10,low,1.8,0.0
42.0,9.9,2,1,9,1,100.0,0.624,578.0,0.45,9,168,48,medium,11.8,8.3
46.7,22.6,1,1,5,3,87.2,1.0,550.0,0.5,8,110,49,medium,3.5,1.3
51.6,7.1,0,0,10,2,34.3,1.0,750.0,0.5,9,340,29,low,7.3,0.3
17.3,1.8,0,0,0,3,14.5,0.021,68.0,0.85,2,175,11,low,3.7,0.0
26.0,0.4,0,0,0,1,13.1,0.04,688.0,0.6,3,210,9,low,4.4,0.0
34.7,1.5,0,0,4,2,43.3,0.674,422.0,0.65,4,485,19,low,10.2,0.1
33.2,0.9,1,0,0,0,14.2,0.02,502.0,0.6,3,270,9,low,7.7,2.1
46.4,2.6,0,0,3,3,50.5,0.277,797.0,0.4,5,74,20,low,1.6,0.0
67.6,0.9,1,1,3,1,42.8,0.665,961.0,0.35,5,390,35,medium,11.2,3.1
33.6,1.2,0,0,0,0,10.2,0.082,215.0,0.75,3,280,8,low,5.9,0.0
31.2,2.1,0,0,0,1,13.6,0.042,408.0,0.6,1,240,2,low,5.1,0.1
54.9,0.0,1,0,0,0,14.0,0.02,502.0,0.6,12,270,13,low,7.7,2.1
44.3,3.9,1,0,3,1,90.5,0.143,502.0,0.6,10,270,27,low,7.9,2.2
33.4,2.5,1,1,0,0,15.7,0.011,574.0,0.55,3,380,12,low,11.0,3.1
21.9,1.4,1,0,0,2,10.3,0.083,250.0,0.6,2,230,13,low,6.6,1.8
20.7,6.1,0,0,3,0,94.3,0.15,102.0,0.7,10,270,18,low,5.8,0.2
54.2,15.5,1,0,8,3,100.0,0.694,688.0,0.6,7,210,47,medium,6.5,2.1
32.5,1.4,0,0,3,1,80.1,0.269,688.0,0.6,10,210,17,low,4.4,0.0
1.0,90.9,1,0,11,2,100.0,0.818,202.0,0.7,7,330,57,medium,17.3,10.4
62.4,12.4,1,1,2,0,44.9,1.0,1041.0,0.3,5,200,26,low,6.1,1.9
76.4,2.1,1,1,2,0,37.5,1.0,1041.0,0.3,4,200,25,low,5.8,1.6
31.4,0.1,1,0,1,1,12.0,0.03,515.0,0.65,11,190,13,low,5.4,1.5
56.5,18.9,1,1,10,3,96.4,1.0,961.0,0.35,6,390,55,medium,12.3,4.2
18.4,36.5,1,0,6,2,100.0,0.478,68.0,0.85,8,175,44,medium,6.1,2.5
7.3,4.6,0,0,0,1,15.3,0.022,35.0,0.85,2,550,8,low,11.7,0.3
25.7,5.8,1,0,5,0,66.9,0.595,250.0,0.6,5,230,18,low,6.8,2.0
38.9,0.4,0,0,2,2,4.0,0.141,775.0,0.5,2,245,16,low,5.1,0.0
63.4,14.9,1,0,4,0,31.2,1.0,1238.0,0.35,5,190,29,low,5.9,1.9
65.8,0.3,2,2,5,3,36.2,1.0,870.0,0.45,10,310,43,medium,20.7,14.2
54.4,0.3,1,1,0,1,15.1,0.01,574.0,0.55,1,380,18,low,10.9,3.0
67.1,2.6,2,2,1,0,6.3,0.17,870.0,0.45,11,310,31,medium,20.9,14.5
32.3,2.4,1,0,5,0,75.4,0.207,515.0,0.65,5,190,19,low,5.5,1.5
11.8,0.9,0,0,0,1,14.2,0.02,35.0,0.85,12,550,13,low,11.5,0.0
62.8,44.8,1,1,4,1,68.2,1.0,550.0,0.5,5,110,48,medium,4.0,1.8
59.3,28.6,0,0,4,1,37.7,1.0,1438.0,0.4,4,85,31,medium,2.1,0.3
38.4,8.4,1,0,3,3,100.0,0.605,20.0,0.8,9,320,36,medium,9.5,2.9
46.7,1.1,1,0,0,1,14.3,0.021,502.0,0.6,2,270,16,low,7.8,2.1
41.6,0.6,1,1,0,0,6.1,0.163,550.0,0.5,1,110,20,low,3.2,0.9
37.5,1.2,1,0,0,3,12.3,0.031,515.0,0.65,11,190,18,low,5.5,1.5
40.2,0.7,1,0,1,1,12.2,0.031,762.0,0.55,12,265,18,low,7.6,2.1
49.8,46.3,2,1,6,0,57.8,1.0,1117.0,0.35,9,145,50,medium,12.6,9.6
18.9,2.7,1,0,8,1,100.0,0.4,115.0,0.75,9,195,31,medium,5.6,1.6
22.9,62.1,0,0,5,1,100.0,0.957,115.0,0.75,7,195,39,medium,5.9,1.8
22.2,0.4,1,0,5,1,100.0,0.252,40.0,0.75,6,310,22,low,8.9,2.4
12.3,10.0,0,0,3,3,100.0,0.313,35.0,0.85,6,550,25,low,12.1,0.6
23.3,2.6,0,0,5,2,50.5,0.277,115.0,0.75,10,195,16,low,4.1,0.1
46.6,2.9,0,0,1,3,13.8,0.043,688.0,0.6,3,210,13,low,4.4,0.1
37.1,30.6,1,0,6,2,100.0,0.662,802.0,0.6,7,270,41,medium,9.1,3.5
44.0,4.1,0,0,3,3,43.3,1.0,1438.0,0.4,7,85,29,low,1.8,0.0
22.7,12.4,0,0,3,0,97.4,0.341,688.0,0.6,5,210,20,low,4.7,0.3
12.6,20.6,0,0,6,3,100.0,0.379,35.0,0.85,7,550,34,medium,12.8,1.3
43.4,3.1,1,0,4,2,82.8,0.28,488.0,0.55,4,140,27,low,4.1,1.1
53.0,18.0,1,1,4,2,95.2,1.0,961.0,0.35,6,390,50,medium,12.2,4.1
67.1,4.5,1,0,2,0,85.0,0.289,488.0,0.55,4,140,26,low,4.1,1.2
46.2,32.1,1,1,8,3,100.0,0.901,578.0,0.45,7,168,58,medium,5.7,2.2
44.3,5.6,1,1,10,1,66.8,1.0,550.0,0.5,6,110,43,medium,3.2,0.9
61.8,0.4,0,0,1,0,4.0,0.142,1438.0,0.4,1,85,12,low,1.8,0.0
17.5,19.5,0,0,1,1,18.1,0.059,20.0,0.8,3,320,12,low,7.4,0.7
13.3,0.8,0,0,1,0,13.2,0.041,20.0,0.8,1,320,4,low,6.7,0.0
45.9,2.7,2,1,7,1,31.6,1.0,1117.0,0.35,6,145,41,medium,9.8,6.8
35.2,0.9,1,0,0,0,10.2,0.082,250.0,0.6,2,230,14,low,6.6,1.8
47.3,43.1,1,1,9,0,100.0,0.54,578.0,0.45,5,168,50,medium,6.1,2.6
43.2,2.5,1,1,0,1,3.2,0.181,1117.0,0.35,1,145,13,low,4.2,1.2
43.5,8.2,2,1,3,3,100.0,0.602,578.0,0.45,6,168,41,medium,11.7,8.2
73.0,1.6,0,0,6,0,24.8,0.947,1438.0,0.4,10,85,22,low,1.8,0.0
32.3,4.3,0,1,0,3,15.2,0.022,594.0,0.5,12,440,18,low,9.4,0.2
34.2,15.1,1,0,3,1,78.1,0.716,250.0,0.6,5,230,31,medium,7.1,2.3
75.6,13.5,2,1,10,2,76.2,1.0,1041.0,0.3,7,200,54,medium,14.3,10.1
70.1,23.9,2,1,9,1,100.0,0.798,578.0,0.45,7,168,58,medium,12.7,9.2
21.2,6.6,0,0,2,1,81.4,0.227,802.0,0.6,10,270,14,low,5.8,0.2
32.3,22.9,1,0,17,1,100.0,0.786,470.0,0.55,9,215,45,medium,6.9,2.5
30.3,37.4,1,0,4,2,100.0,0.968,408.0,0.6,7,240,38,medium,8.4,3.4
70.2,8.3,1,1,10,2,69.9,1.0,1041.0,0.3,8,200,48,medium,6.0,1.8
30.6,31.2,2,0,9,3,100.0,1.0,250.0,0.6,8,230,52,medium,18.2,13.4
58.2,2.0,1,0,0,0,12.5,0.031,762.0,0.55,11,265,15,low,7.6,2.1
18.0,0.4,1,0,2,1,10.1,0.081,250.0,0.6,11,230,7,low,6.6,1.8
59.9,3.5,0,0,0,2,4.3,0.152,1438.0,0.4,2,85,14,low,1.8,0.0
45.5,1.2,0,0,1,0,13.3,0.041,688.0,0.6,11,210,9,low,4.4,0.0
55.5,1.4,1,1,0,0,13.4,0.041,578.0,0.45,3,168,17,low,4.8,1.3
39.7,11.1,0,0,9,2,100.0,0.639,688.0,0.6,8,210,34,medium,4.6,0.3
64.5,29.9,1,1,5,2,100.0,1.0,961.0,0.35,7,390,51,medium,13.1,5.0
31.6,28.1,0,0,2,0,100.0,0.851,797.0,0.4,8,74,27,low,1.8,0.3
38.2,0.9,0,0,2,2,14.3,0.02,68.0,0.85,2,175,13,low,3.7,0.0
41.3,0.6,1,0,0,2,13.2,0.041,488.0,0.55,3,140,16,low,4.0,1.1
65.5,28.0,1,1,4,1,100.0,0.213,574.0,0.55,8,380,41,medium,12.6,4.7
41.7,2.8,0,1,6,1,100.0,0.268,594.0,0.5,8,440,26,low,9.3,0.1
59.6,32.3,1,1,10,3,100.0,0.226,574.0,0.55,9,380,54,medium,12.9,5.0
30.7,8.9,0,0,7,2,21.2,1.0,750.0,0.5,10,340,25,low,7.4,0.3
38.6,2.2,2,0,8,2,100.0,1.0,250.0,0.6,7,230,41,medium,15.5,10.7
44.7,0.5,1,0,1,2,12.1,0.03,762.0,0.55,12,265,22,low,7.6,2.1
24.7,11.9,0,0,5,2,22.3,1.0,750.0,0.5,5,340,22,low,7.5,0.4
49.9,3.7,2,1,9,1,64.5,1.0,550.0,0.5,9,110,46,medium,7.5,5.2
44.7,0.9,0,0,1,2,3.1,0.174,750.0,0.5,2,340,14,low,7.1,0.0
34.3,53.9,0,0,2,0,100.0,0.61,688.0,0.6,5,210,32,medium,6.0,1.6
26.8,1.8,0,0,1,0,14.5,0.021,202.0,0.7,3,330,3,low,6.9,0.1
54.0,1.0,0,0,0,0,8.2,0.041,797.0,0.4,12,74,4,low,1.5,0.0
42.5,2.1,0,0,2,1,13.6,0.042,408.0,0.6,2,240,16,low,5.1,0.1
54.5,2.0,1,1,6,0,41.6,1.0,1438.0,0.4,9,85,33,medium,2.5,0.7
14.1,3.2,0,0,6,2,85.1,0.54,115.0,0.75,7,195,24,low,4.1,0.1
24.8,0.2,0,0,5,0,84.3,0.131,790.0,0.55,10,98,18,low,2.0,0.0
7.3,40.1,1,0,11,1,100.0,0.501,68.0,0.85,6,175,48,medium,6.3,2.6
9.1,12.6,1,0,11,2,100.0,0.658,115.0,0.75,9,195,44,medium,5.9,1.9
47.5,38.7,1,0,2,1,100.0,0.984,488.0,0.55,8,140,41,medium,5.0,2.0
22.5,11.4,0,0,5,2,100.0,0.321,790.0,0.55,7,98,22,low,2.2,0.1
48.4,0.5,1,0,0,0,8.1,0.04,470.0,0.55,12,215,18,low,6.2,1.7
63.1,2.4,1,1,0,3,7.3,0.106,961.0,0.35,3,390,30,low,11.3,3.2
21.9,11.4,0,0,7,2,100.0,0.322,790.0,0.55,7,98,24,low,2.2,0.1
33.6,0.5,0,0,1,1,14.1,0.02,202.0,0.7,11,330,10,low,6.9,0.0
60.6,0.4,1,1,0,0,7.1,0.101,961.0,0.35,3,390,20,low,11.2,3.0
38.8,6.5,0,0,6,1,90.3,0.581,797.0,0.4,6,74,24,low,1.6,0.1
37.8,8.3,0,0,3,2,56.0,0.314,797.0,0.4,5,74,23,low,1.6,0.1
19.8,18.4,0,0,2,2,65.6,0.379,115.0,0.75,5,195,23,low,4.5,0.4
32.2,2.6,0,0,1,2,7.4,0.106,422.0,0.65,1,485,14,low,10.2,0.1
43.5,10.5,1,0,7,0,100.0,0.316,502.0,0.6,6,270,28,low,8.1,2.5
6.6,1.6,0,0,0,3,14.4,0.021,40.0,0.75,1,310,16,low,6.5,0.1
52.8,0.5,1,1,0,1,13.1,0.041,578.0,0.45,1,168,21,low,4.8,1.3
39.4,5.1,0,0,0,1,14.3,0.045,688.0,0.6,3,210,10,low,4.5,0.1
37.9,4.9,0,1,4,3,92.2,0.146,594.0,0.5,10,440,25,low,9.4,0.2
79.3,0.9,1,1,1,0,7.1,0.102,961.0,0.35,12,390,20,low,11.2,3.1
63.0,4.8,1,0,0,1,4.4,0.157,1238.0,0.35,3,190,17,low,5.6,1.6
32.5,2.0,0,1,0,3,14.6,0.021,594.0,0.5,3,440,14,low,9.3,0.1
2.4,8.7,0,0,5,0,98.6,0.158,35.0,0.85,10,550,17,low,12.0,0.5
69.8,38.5,2,2,4,1,63.8,1.0,870.0,0.45,10,310,48,medium,25.6,19.1
53.1,3.9,0,0,9,0,86.2,0.548,797.0,0.4,7,74,29,low,1.6,0.0
39.7,6.1,0,0,0,1,14.6,0.046,688.0,0.6,2,210,13,low,4.5,0.1
50.0,3.5,2,2,0,1,6.4,0.174,870.0,0.45,11,310,27,low,21.0,14.6
48.5,6.7,0,1,1,2,95.2,0.152,594.0,0.5,10,440,27,low,9.5,0.3
28.6,1.5,0,0,11,1,41.2,1.0,775.0,0.5,9,245,25,low,5.1,0.0
28.1,4.8,1,0,3,0,11.0,0.09,250.0,0.6,11,230,19,low,6.7,1.9
18.3,3.4,0,0,11,3,85.4,0.542,115.0,0.75,8,195,31,medium,4.1,0.1
58.8,0.1,1,1,0,0,7.0,0.1,961.0,0.35,12,390,15,low,11.1,3.0
40.1,0.5,0,0,0,1,12.1,0.03,802.0,0.6,12,270,9,low,5.6,0.0
16.1,0.8,1,1,4,2,36.6,1.0,550.0,0.5,10,110,29,low,3.2,0.9
24.1,87.0,1,0,5,2,100.0,1.0,422.0,0.65,8,485,52,medium,24.5,14.4
41.1,19.6,1,1,8,3,83.5,1.0,550.0,0.5,6,110,48,medium,3.5,1.2
14.3,22.1,0,0,2,2,100.0,0.202,202.0,0.7,5,330,18,low,7.7,0.9
33.2,0.5,1,0,3,2,100.0,0.506,688.0,0.6,8,210,21,low,6.0,1.6
47.6,1.7,0,0,0,1,4.1,0.146,1438.0,0.4,1,85,11,low,1.8,0.0
58.1,2.5,1,1,1,1,6.3,0.17,1041.0,0.3,3,200,22,low,5.8,1.6
22.8,9.5,0,0,7,0,28.5,1.0,775.0,0.5,5,245,16,low,5.4,0.3
44.1,19.0,1,1,7,3,82.8,1.0,550.0,0.5,9,110,49,medium,3.5,1.2
22.3,0.7,0,0,0,2,85.1,0.132,202.0,0.7,4,330,16,low,6.9,0.0
14.0,7.4,0,0,5,2,100.0,1.0,215.0,0.75,9,280,24,low,6.1,0.2
33.6,12.2,1,1,10,0,100.0,1.0,215.0,0.75,8,280,45,medium,8.5,2.7
49.0,29.4,2,0,8,1,100.0,0.867,488.0,0.55,7,140,51,medium,10.9,8.0
62.1,25.1,2,0,14,1,60.1,1.0,1238.0,0.35,8,190,52,medium,14.5,10.5
56.6,31.3,0,0,12,1,65.1,1.0,1438.0,0.4,6,85,43,medium,2.1,0.3
10.5,3.1,0,0,5,0,82.9,0.28,20.0,0.8,4,320,16,low,6.8,0.1
63.2,23.2,2,1,4,2,100.0,0.79,578.0,0.45,6,168,51,medium,12.7,9.2
27.2,27.0,0,0,2,0,100.0,0.326,802.0,0.6,4,270,24,low,6.5,0.9
38.2,58.9,0,0,6,2,91.5,1.0,422.0,0.65,5,485,43,medium,14.3,4.2
26.2,10.0,1,1,3,0,100.0,0.081,574.0,0.55,10,380,30,low,11.4,3.5
11.3,7.4,0,0,7,0,96.5,0.154,35.0,0.85,4,550,18,low,11.9,0.4
58.3,8.5,1,0,2,0,4.7,0.17,1238.0,0.35,3,190,18,low,5.7,1.7
28.6,4.7,1,0,2,0,78.8,0.218,515.0,0.65,5,190,19,low,5.6,1.6
53.6,86.5,1,0,9,3,100.0,0.79,502.0,0.6,9,270,65,high,13.6,8.0
13.4,0.1,0,0,0,2,10.0,0.08,215.0,0.75,2,280,4,low,5.8,0.0
62.2,20.1,2,0,8,1,84.1,1.0,1197.0,0.3,8,180,50,medium,13.3,9.6
40.6,8.6,1,0,5,3,98.5,0.158,502.0,0.6,5,270,34,medium,8.1,2.4
38.7,7.1,0,0,0,2,8.0,0.118,422.0,0.65,2,485,17,low,10.5,0.4
36.5,5.3,2,0,7,2,88.5,0.567,470.0,0.55,8,215,39,medium,14.7,10.2
39.5,2.4,1,0,0,0,14.7,0.021,502.0,0.6,3,270,9,low,7.8,2.2
60.0,3.1,2,2,1,3,6.4,0.172,870.0,0.45,2,310,35,medium,21.0,14.5
27.9,17.7,0,1,8,2,100.0,0.361,594.0,0.5,9,440,34,medium,10.1,0.9
34.2,31.4,1,0,6,3,100.0,0.892,488.0,0.55,9,140,42,medium,4.7,1.8
46.8,1.4,2,2,7,3,37.0,1.0,870.0,0.45,10,310,37,medium,20.8,14.3
71.5,4.6,2,2,2,1,39.3,1.0,870.0,0.45,10,310,39,medium,21.2,14.7
2.9,3.6,0,0,6,1,90.1,0.142,35.0,0.85,4,550,17,low,11.7,0.2
16.2,3.3,0,0,0,0,13.8,0.043,20.0,0.8,11,320,4,low,6.8,0.1
38.4,13.2,0,0,0,1,16.4,0.053,688.0,0.6,3,210,10,low,4.7,0.3
32.8,1.8,1,0,1,1,12.4,0.031,762.0,0.55,1,265,15,low,7.6,2.1
32.1,3.6,0,0,7,0,45.0,0.708,422.0,0.65,5,485,17,low,10.3,0.2
77.3,0.5,1,0,2,0,6.1,0.162,1197.0,0.3,12,180,22,low,5.2,1.4
57.0,5.0,1,1,1,1,7.7,0.113,961.0,0.35,2,390,21,low,11.4,3.3
33.6,0.2,0,0,2,1,13.0,0.04,20.0,0.8,11,320,8,low,6.7,0.0
45.7,113.9,1,1,4,1,100.0,1.0,578.0,0.45,7,168,56,medium,11.2,7.7
31.9,15.1,0,0,3,2,93.8,0.269,115.0,0.75,5,195,33,medium,4.4,0.3
21.2,1.4,0,0,1,0,14.4,0.021,102.0,0.7,1,270,6,low,5.7,0.0
70.7,4.6,2,2,4,2,39.3,1.0,870.0,0.45,10,310,44,medium,21.2,14.7
75.9,2.9,2,1,10,2,63.5,1.0,1197.0,0.3,8,180,54,medium,12.2,8.4
25.7,13.0,1,0,1,1,60.5,0.344,470.0,0.55,5,215,25,low,6.6,2.1
23.5,45.9,1,0,5,0,100.0,1.0,215.0,0.75,8,280,40,medium,10.4,4.5
65.1,1.9,1,1,2,0,3.1,0.178,1117.0,0.35,12,145,22,low,4.2,1.2
17.1,2.4,0,0,1,0,13.6,0.042,20.0,0.8,1,320,4,low,6.7,0.1
16.5,3.6,0,0,0,2,15.0,0.022,790.0,0.55,11,98,2,low,2.1,0.0
17.5,0.5,0,0,0,1,14.1,0.02,40.0,0.75,3,310,6,low,6.5,0.0
38.8,26.0,0,0,4,0,27.4,1.0,750.0,0.5,5,340,25,low,8.1,1.1
68.9,0.6,1,1,1,2,3.0,0.173,1117.0,0.35,11,145,24,low,4.2,1.1
29.7,2.0,1,1,6,1,100.0,0.263,202.0,0.7,8,330,37,medium,9.5,2.6
19.5,10.0,0,0,0,0,16.8,0.025,35.0,0.85,3,550,11,low,12.1,0.6
26.5,25.5,0,0,1,1,90.6,0.851,215.0,0.75,5,280,24,low,6.7,0.9
30.2,21.4,1,1,11,0,100.0,0.767,470.0,0.55,9,215,43,medium,6.9,2.4
11.6,22.6,0,0,9,2,100.0,0.783,20.0,0.8,6,320,37,medium,7.5,0.8
55.4,0.2,1,0,0,1,10.0,0.08,250.0,0.6,1,230,17,low,6.6,1.8
58.1,0.9,2,1,8,2,71.2,1.0,961.0,0.35,7,390,41,medium,26.1,18.0
38.3,2.0,0,0,0,1,10.4,0.084,215.0,0.75,11,280,8,low,5.9,0.1
42.3,4.6,1,0,2,0,91.6,0.145,502.0,0.6,4,270,22,low,7.9,2.3
41.0,24.7,1,0,4,1,100.0,0.315,515.0,0.65,5,190,27,low,6.2,2.2
13.7,1.8,0,0,2,0,10.4,0.084,215.0,0.75,2,280,0,low,5.9,0.1
48.2,3.4,0,0,1,0,13.9,0.043,688.0,0.6,12,210,8,low,4.5,0.1
8.7,4.0,1,0,6,1,100.0,0.275,68.0,0.85,9,175,26,low,5.1,1.5
42.2,1.7,0,1,7,2,100.0,0.26,594.0,0.5,8,440,32,medium,9.2,0.1
23.8,2.4,0,1,3,1,100.0,0.398,115.0,0.75,8,195,24,low,4.1,0.0
43.7,26.9,2,1,11,3,92.3,1.0,550.0,0.5,7,110,54,medium,8.5,6.2
44.3,47.2,0,0,8,1,100.0,1.0,688.0,0.6,8,210,44,medium,5.7,1.4
22.9,0.0,1,0,1,2,10.0,0.08,250.0,0.6,12,230,14,low,6.6,1.8
12.9,6.6,0,0,4,2,95.2,0.152,102.0,0.7,5,270,20,low,5.8,0.2
19.7,20.5,1,0,4,2,100.0,0.756,115.0,0.75,6,195,35,medium,6.2,2.1
12.6,2.2,0,0,1,2,87.7,0.137,68.0,0.85,5,175,14,low,3.7,0.0
9.5,13.2,0,0,0,1,12.6,0.106,215.0,0.75,3,280,7,low,6.2,0.4
30.1,36.2,0,0,9,2,100.0,1.0,422.0,0.65,6,485,42,medium,12.3,2.2
53.9,10.2,0,0,6,3,96.3,0.628,797.0,0.4,8,74,37,medium,1.6,0.1
28.3,3.9,0,0,8,0,84.0,0.285,688.0,0.6,10,210,23,low,4.5,0.1
15.3,1.0,0,0,0,0,8.2,0.041,115.0,0.75,1,195,3,low,4.1,0.0
33.5,0.6,0,0,1,3,7.1,0.101,422.0,0.65,12,485,16,low,10.1,0.0
43.9,31.6,1,0,9,2,100.0,0.895,797.0,0.4,7,74,48,medium,2.5,1.0
14.0,13.4,0,0,13,0,100.0,0.501,115.0,0.75,8,195,34,medium,4.4,0.3
56.1,2.4,0,0,2,2,4.2,0.148,1438.0,0.4,2,85,20,low,1.8,0.0
60.6,3.7,0,0,1,1,3.2,0.186,750.0,0.5,2,340,14,low,7.2,0.1
52.8,2.4,1,1,0,2,7.3,0.106,961.0,0.35,1,390,18,low,11.3,3.2
29.5,0.6,0,0,0,3,8.1,0.041,115.0,0.75,11,195,14,low,4.1,0.0
25.8,26.7,1,0,8,1,100.0,0.417,102.0,0.7,8,270,39,medium,8.9,3.3
30.7,0.7,1,0,0,0,8.1,0.041,470.0,0.55,11,215,10,low,6.2,1.7
38.6,0.2,0,0,0,2,4.0,0.141,1438.0,0.4,11,85,12,low,1.8,0.0
54.1,0.9,1,0,9,3,81.5,0.511,797.0,0.4,6,74,43,medium,2.1,0.6
28.3,16.0,0,0,7,0,100.0,1.0,215.0,0.75,9,280,29,low,6.3,0.5
75.6,21.6,1,0,5,2,51.6,1.0,1197.0,0.3,4,180,39,medium,5.8,2.0
41.7,0.4,1,1,1,2,3.0,0.172,1117.0,0.35,2,145,21,low,4.2,1.1
1.8,0.0,0,1,4,1,100.0,0.25,35.0,0.85,8,550,22,low,11.5,0.0
41.8,0.7,0,0,0,0,14.2,0.02,790.0,0.55,1,98,4,low,2.0,0.0
25.0,23.3,1,0,7,0,100.0,0.206,502.0,0.6,5,270,29,low,8.7,3.1
59.3,2.3,1,1,1,0,3.1,0.18,1117.0,0.35,3,145,26,low,4.2,1.2
29.7,16.2,0,0,4,1,63.6,0.366,115.0,0.75,10,195,26,low,4.4,0.4
41.2,0.2,0,0,0,0,12.1,0.03,802.0,0.6,3,270,10,low,5.6,0.0
47.5,2.7,0,0,3,1,50.6,0.278,797.0,0.4,10,74,21,low,1.6,0.0
39.9,13.1,0,0,4,0,75.7,0.69,215.0,0.75,10,280,22,low,6.2,0.4
72.2,0.5,1,1,0,0,7.1,0.101,961.0,0.35,11,390,25,low,11.2,3.0
25.7,0.8,0,0,1,0,13.2,0.041,20.0,0.8,11,320,8,low,6.7,0.0
53.5,23.2,1,1,2,1,61.5,1.0,961.0,0.35,5,390,38,medium,12.6,4.5
42.9,0.8,1,0,1,1,12.2,0.031,762.0,0.55,2,265,13,low,7.6,2.1
21.2,0.1,0,0,3,0,24.1,0.913,775.0,0.5,10,245,9,low,5.1,0.0
84.1,0.0,1,1,0,0,3.0,0.17,1117.0,0.35,12,145,24,low,4.1,1.1
57.7,14.1,2,2,5,3,46.2,1.0,870.0,0.45,4,310,51,medium,22.2,15.8
28.6,0.7,0,0,0,0,7.1,0.102,422.0,0.65,2,485,6,low,10.1,0.0
46.3,4.8,0,0,2,0,26.3,1.0,775.0,0.5,10,245,15,low,5.2,0.1
77.4,9.1,1,0,1,3,7.1,0.197,1197.0,0.3,1,180,25,low,5.4,1.6
39.2,17.0,1,0,3,0,64.3,0.37,470.0,0.55,5,215,26,low,6.7,2.2
31.1,3.6,1,0,3,2,90.0,0.142,502.0,0.6,10,270,24,low,7.9,2.2
67.7,41.1,1,0,2,1,65.6,1.0,1197.0,0.3,4,180,41,medium,6.5,2.7
32.7,10.7,0,0,5,1,29.1,1.0,775.0,0.5,4,245,22,low,5.4,0.3
1.3,0.9,0,0,1,2,13.2,0.041,20.0,0.8,11,320,10,low,6.7,0.0
49.9,2.1,1,0,0,0,12.5,0.032,515.0,0.65,11,190,14,low,5.5,1.5
6.6,1.8,0,0,5,2,87.1,0.136,40.0,0.75,5,310,26,low,6.5,0.1
23.4,3.3,0,0,2,0,89.6,0.141,40.0,0.75,10,310,12,low,6.6,0.1
38.0,0.6,1,0,0,3,12.1,0.03,515.0,0.65,2,190,15,low,5.4,1.5
74.5,0.3,1,1,1,1,6.0,0.161,1041.0,0.3,12,200,25,low,5.7,1.6
30.5,3.2,1,1,1,2,13.8,0.043,578.0,0.45,3,168,22,low,4.9,1.4
61.6,3.5,1,0,11,1,42.8,1.0,1238.0,0.35,9,190,39,medium,5.5,1.6
57.3,8.2,1,0,0,3,83.8,0.235,762.0,0.55,5,265,31,medium,7.9,2.4
18.5,4.1,0,0,4,2,45.4,0.716,422.0,0.65,5,485,22,low,10.3,0.2
78.5,0.4,0,0,0,1,4.0,0.141,1438.0,0.4,2,85,14,low,1.8,0.0
25.9,22.5,0,0,0,2,20.3,0.031,102.0,0.7,3,270,15,low,6.3,0.7
35.0,1.1,1,0,3,2,13.3,0.041,488.0,0.55,11,140,24,low,4.0,1.1
49.4,3.5,1,0,6,2,85.5,0.543,470.0,0.55,9,215,33,medium,6.3,1.8
15.6,4.2,0,0,6,1,91.0,0.144,68.0,0.85,5,175,20,low,3.7,0.1
70.3,48.3,1,1,8,2,100.0,1.0,961.0,0.35,6,390,57,medium,14.7,6.6
47.6,0.8,0,0,2,3,8.1,0.041,797.0,0.4,11,74,20,low,1.5,0.0
20.4,1.9,0,0,0,0,14.5,0.021,35.0,0.85,11,550,6,low,11.6,0.1
34.6,1.8,0,0,1,2,87.0,0.136,790.0,0.55,10,98,22,low,2.1,0.0
73.5,0.0,1,1,2,0,36.0,1.0,1041.0,0.3,10,200,28,low,5.7,1.5
7.6,0.5,0,0,0,2,14.1,0.02,102.0,0.7,11,270,4,low,5.6,0.0
64.3,3.4,2,2,1,1,6.4,0.174,870.0,0.45,11,310,27,low,21.0,14.6
29.4,2.1,1,0,1,3,12.5,0.032,515.0,0.65,1,190,16,low,5.5,1.5
65.3,45.2,2,2,8,1,100.0,1.0,870.0,0.45,8,310,60,medium,26.7,20.2
46.5,7.5,1,0,13,2,100.0,0.445,515.0,0.65,7,190,39,medium,5.6,1.7
14.6,2.0,0,0,8,2,50.0,0.273,115.0,0.75,10,195,24,low,4.1,0.0
24.5,28.2,0,1,6,3,100.0,0.639,115.0,0.75,7,195,37,medium,4.7,0.7
21.9,38.2,0,0,2,0,84.7,0.508,115.0,0.75,5,195,28,low,5.0,1.0
57.6,17.7,1,0,4,1,32.5,1.0,1238.0,0.35,4,190,34,medium,6.0,2.0
27.8,49.6,0,0,7,2,100.0,1.0,688.0,0.6,6,210,39,medium,5.8,1.4
18.7,0.8,0,0,0,0,4.1,0.143,775.0,0.5,1,245,5,low,5.1,0.0
31.3,4.4,1,1,0,3,14.1,0.044,578.0,0.45,2,168,26,low,4.9,1.4
57.1,2.6,1,1,0,1,7.4,0.107,961.0,0.35,2,390,15,low,11.3,3.2
31.9,5.2,0,0,1,2,15.5,0.023,790.0,0.55,1,98,11,low,2.1,0.1
27.1,3.0,0,0,1,2,13.8,0.043,688.0,0.6,3,210,13,low,4.4,0.1
24.4,1.9,0,0,1,2,13.5,0.042,408.0,0.6,2,240,8,low,5.0,0.0
20.7,23.3,0,0,4,0,100.0,0.411,408.0,0.6,10,240,23,low,5.7,0.7
30.4,7.4,2,0,6,2,100.0,0.593,488.0,0.55,6,140,34,medium,9.7,6.8
12.7,1.2,0,0,4,2,86.0,0.134,68.0,0.85,5,175,19,low,3.7,0.0
31.9,4.0,0,0,0,1,13.0,0.033,115.0,0.75,3,195,12,low,4.1,0.1
41.6,5.1,0,0,1,1,13.2,0.034,802.0,0.6,2,270,7,low,5.8,0.1
39.0,1.0,0,0,1,0,14.3,0.021,790.0,0.55,3,98,9,low,2.1,0.0
30.4,0.1,0,0,6,0,78.2,0.261,688.0,0.6,10,210,24,low,4.4,0.0
26.4,16.4,0,0,5,0,95.6,0.275,802.0,0.6,5,270,22,low,6.1,0.5
37.5,12.2,1,0,4,0,99.5,0.652,115.0,0.75,9,195,33,medium,5.9,1.9
33.2,6.6,1,1,12,0,34.0,1.0,750.0,0.5,6,340,35,medium,10.0,3.0
41.2,8.5,1,0,3,3,70.2,0.63,250.0,0.6,4,230,35,medium,6.9,2.1
0.0,0.4,0,0,2,2,14.1,0.02,40.0,0.75,12,310,9,low,6.5,0.0
62.9,4.2,1,1,5,1,97.6,0.072,574.0,0.55,5,380,32,medium,11.1,3.2
28.0,1.1,0,0,0,3,14.3,0.021,790.0,0.55,1,98,15,low,2.1,0.0
37.8,1.2,1,0,6,1,81.9,0.514,470.0,0.55,7,215,24,low,6.2,1.7
48.9,4.8,0,0,1,2,3.3,0.19,750.0,0.5,2,340,17,low,7.3,0.2
59.9,2.2,1,1,6,0,37.6,1.0,1041.0,0.3,10,200,29,low,5.8,1.6
28.5,8.4,1,0,4,1,84.1,0.236,515.0,0.65,5,190,22,low,5.7,1.7
56.0,61.2,1,1,8,2,100.0,1.0,1041.0,0.3,7,200,59,medium,8.2,4.1
63.6,2.0,2,1,5,0,72.8,1.0,961.0,0.35,9,390,45,medium,26.3,18.1
67.8,0.5,0,1,0,1,14.1,0.02,594.0,0.5,11,440,18,low,9.2,0.0
20.2,6.8,0,0,10,1,100.0,0.585,408.0,0.6,7,240,28,low,5.2,0.2
47.4,22.5,1,0,7,2,58.0,1.0,1438.0,0.4,8,85,41,medium,2.7,1.0
69.5,25.7,1,1,7,1,90.8,1.0,1041.0,0.3,7,200,45,medium,6.6,2.4
31.0,1.0,0,0,0,3,12.2,0.031,115.0,0.75,11,195,11,low,4.1,0.0
10.5,1.3,0,0,2,2,14.4,0.021,102.0,0.7,2,270,10,low,5.7,0.0
34.5,77.5,1,0,7,2,100.0,0.734,202.0,0.7,7,330,47,medium,15.4,8.5
27.5,0.9,1,0,5,3,100.0,0.384,515.0,0.65,9,190,28,low,5.5,1.5
55.5,3.6,0,0,1,0,4.3,0.153,1438.0,0.4,11,85,11,low,1.8,0.0
50.5,3.1,0,0,1,3,4.2,0.151,775.0,0.5,11,245,19,low,5.2,0.1
64.1,0.9,1,1,1,0,3.1,0.174,1117.0,0.35,12,145,17,low,4.2,1.1
69.0,10.4,1,0,7,0,43.5,1.0,1197.0,0.3,10,180,34,medium,5.4,1.7
28.1,1.7,0,0,2,1,86.9,0.136,35.0,0.85,10,550,16,low,11.6,0.1
16.3,4.1,0,0,0,1,13.0,0.033,115.0,0.75,11,195,2,low,4.1,0.1
0.9,34.2,0,0,7,1,100.0,0.463,35.0,0.85,6,550,34,medium,13.8,2.4
34.9,6.8,1,1,5,0,40.9,1.0,550.0,0.5,10,110,31,medium,3.3,1.0
62.6,6.5,1,1,5,3,33.9,1.0,1117.0,0.35,9,145,38,medium,4.3,1.3
21.1,12.3,0,0,8,3,100.0,0.17,790.0,0.55,10,98,35,medium,2.2,0.1
56.6,4.1,1,1,2,0,6.5,0.176,550.0,0.5,1,110,19,low,3.2,0.9
56.5,3.8,2,2,5,0,64.6,1.0,870.0,0.45,6,310,39,medium,21.1,14.6
26.2,7.3,0,0,2,1,82.6,0.231,115.0,0.75,10,195,22,low,4.2,0.2
38.6,9.0,0,0,1,2,16.5,0.024,102.0,0.7,3,270,18,low,5.9,0.3
51.2,1.3,0,0,0,2,14.4,0.021,790.0,0.55,2,98,12,low,2.1,0.0
41.0,72.8,0,0,10,1,100.0,1.0,408.0,0.6,7,240,52,medium,7.9,2.9
65.6,2.8,1,0,5,2,25.4,0.974,1238.0,0.35,5,190,33,medium,5.5,1.5
38.3,0.4,0,0,1,0,14.1,0.02,202.0,0.7,1,330,13,low,6.9,0.0
48.0,0.3,1,0,0,0,14.1,0.02,502.0,0.6,11,270,15,low,7.7,2.1
46.2,2.3,0,0,3,1,3.1,0.18,750.0,0.5,11,340,18,low,7.2,0.1
15.7,4.0,0,0,5,2,32.4,1.0,750.0,0.5,7,340,21,low,7.2,0.1
35.4,18.5,0,1,9,1,100.0,0.366,594.0,0.5,6,440,35,medium,10.1,0.9
30.0,62.6,0,0,7,0,100.0,1.0,215.0,0.75,9,280,43,medium,8.5,2.7
30.8,1.1,1,0,3,0,49.1,0.267,470.0,0.55,10,215,18,low,6.2,1.7
31.4,55.7,0,0,6,3,100.0,0.622,408.0,0.6,5,240,43,medium,6.9,1.9
35.1,3.5,1,0,2,0,77.1,0.212,515.0,0.65,5,190,19,low,5.5,1.6
49.5,0.3,0,1,0,1,14.1,0.02,594.0,0.5,1,440,12,low,9.2,0.0
59.7,1.7,1,1,1,0,3.1,0.177,1117.0,0.35,3,145,17,low,4.2,1.2
43.9,11.6,2,0,6,2,100.0,0.645,488.0,0.55,9,140,40,medium,9.9,7.0
24.6,4.3,0,0,1,0,4.3,0.155,775.0,0.5,2,245,0,low,5.2,0.1
19.8,8.5,0,0,12,3,100.0,0.303,40.0,0.75,7,310,37,medium,6.7,0.3
85.6,1.0,1,1,3,1,36.7,1.0,1041.0,0.3,10,200,34,medium,5.7,1.6
34.0,0.8,1,0,0,1,8.1,0.041,470.0,0.55,12,215,21,low,6.2,1.7
46.5,4.1,1,0,0,1,6.5,0.176,1197.0,0.3,2,180,19,low,5.2,1.5
57.1,2.0,1,1,0,2,6.2,0.168,1041.0,0.3,3,200,24,low,5.8,1.6
66.9,0.3,1,1,2,3,7.0,0.101,961.0,0.35,12,390,28,low,11.2,3.0
22.5,36.0,0,1,8,1,100.0,0.475,202.0,0.7,7,330,34,medium,8.4,1.5
40.5,11.8,1,0,5,3,99.0,0.648,470.0,0.55,9,215,39,medium,6.5,2.1
48.1,3.0,0,0,5,0,25.4,0.978,1438.0,0.4,4,85,19,low,1.8,0.0
61.9,19.7,1,0,1,1,16.7,0.045,762.0,0.55,2,265,20,low,8.4,2.9
39.6,0.4,1,1,6,3,100.0,0.253,594.0,0.5,9,440,39,medium,12.6,3.4
15.7,44.2,1,1,4,3,75.4,1.0,775.0,0.5,6,245,49,medium,9.0,3.9
4.8,1.6,0,0,4,0,74.3,0.203,115.0,0.75,4,195,14,low,4.1,0.0
5.7,12.4,0,0,3,0,97.4,0.341,20.0,0.8,4,320,18,low,7.1,0.4
35.3,0.5,0,0,0,0,12.1,0.03,115.0,0.75,11,195,6,low,4.1,0.0
32.6,7.8,0,0,8,2,100.0,1.0,215.0,0.75,8,280,34,medium,6.1,0.2
50.9,1.9,0,0,1,3,3.1,0.178,750.0,0.5,11,340,21,low,7.1,0.1
64.0,1.5,1,1,0,0,6.2,0.166,1041.0,0.3,11,200,18,low,5.8,1.6
51.0,7.8,0,0,0,1,3.5,0.203,750.0,0.5,2,340,11,low,7.4,0.3
63.9,1.1,2,2,1,1,36.8,1.0,870.0,0.45,5,310,35,medium,20.8,14.3
25.5,56.8,0,0,10,1,85.5,1.0,775.0,0.5,9,245,45,medium,7.1,2.0
21.4,1.0,0,0,0,0,14.3,0.02,40.0,0.75,1,310,1,low,6.5,0.0
64.8,4.4,1,0,0,1,6.5,0.178,1197.0,0.3,2,180,21,low,5.3,1.5
21.0,2.3,0,0,4,1,87.8,0.137,202.0,0.7,10,330,17,low,7.0,0.1
46.9,6.3,0,0,10,3,90.0,0.578,797.0,0.4,8,74,32,medium,1.6,0.0
12.8,7.8,1,0,7,2,100.0,0.299,40.0,0.75,8,310,34,medium,9.2,2.8
61.7,0.8,1,1,9,2,100.0,0.51,578.0,0.45,6,168,45,medium,4.8,1.3
34.2,1.1,1,0,9,3,100.0,0.257,502.0,0.6,8,270,37,medium,7.8,2.1
51.7,0.3,0,0,0,0,4.0,0.141,1438.0,0.4,12,85,11,low,1.8,0.0
19.8,3.1,0,0,0,0,12.8,0.032,802.0,0.6,1,270,0,low,5.7,0.1
53.0,36.3,0,0,6,2,51.8,1.0,750.0,0.5,8,340,37,medium,8.7,1.6
35.1,4.3,1,0,7,1,43.4,1.0,1238.0,0.35,6,190,29,low,5.5,1.6
55.3,1.8,0,0,0,1,4.1,0.146,1438.0,0.4,11,85,10,low,1.8,0.0
61.5,3.1,0,0,0,0,4.2,0.151,1438.0,0.4,2,85,12,low,1.8,0.0
42.8,4.9,0,0,3,0,52.7,0.292,797.0,0.4,5,74,15,low,1.6,0.0
8.0,3.2,0,1,9,2,100.0,0.405,115.0,0.75,6,195,29,low,4.1,0.1
50.2,7.9,0,0,6,3,27.8,1.0,775.0,0.5,5,245,35,medium,5.3,0.2
39.0,7.4,1,0,0,1,9.2,0.047,470.0,0.55,3,215,20,low,6.4,1.9
33.3,3.6,0,0,5,1,90.1,0.142,202.0,0.7,5,330,21,low,7.0,0.1
56.6,7.2,0,0,0,1,4.6,0.165,1438.0,0.4,3,85,15,low,1.8,0.1
51.9,9.2,1,1,0,1,17.8,0.012,574.0,0.55,2,380,23,low,11.4,3.5
52.9,66.1,2,1,7,1,69.7,1.0,1117.0,0.35,9,145,62,high,14.4,11.4
12.5,1.5,0,0,4,0,74.1,0.202,802.0,0.6,4,270,17,low,5.7,0.0
19.1,0.2,0,0,3,0,60.2,0.523,215.0,0.75,4,280,13,low,5.8,0.0
44.9,11.1,1,0,0,0,14.7,0.038,515.0,0.65,3,190,14,low,5.7,1.8
0.0,0.4,0,1,7,3,100.0,0.252,35.0,0.85,9,550,32,medium,11.5,0.0
31.3,4.9,1,1,0,1,16.5,0.011,574.0,0.55,1,380,20,low,11.1,3.2
33.7,2.8,1,0,6,0,76.1,0.209,515.0,0.65,10,190,25,low,5.5,1.5
22.6,8.7,1,0,0,2,14.1,0.037,762.0,0.55,3,265,15,low,7.9,2.4
49.3,0.0,1,0,0,1,12.0,0.03,762.0,0.55,12,265,13,low,7.6,2.1
0.7,8.8,0,0,7,1,94.1,0.61,115.0,0.75,6,195,21,low,4.3,0.2
37.1,0.2,0,0,4,0,18.1,1.0,750.0,0.5,10,340,17,low,7.1,0.0
31.0,5.0,0,0,6,1,19.8,1.0,750.0,0.5,4,340,20,low,7.3,0.2
49.7,30.6,2,2,13,0,96.7,1.0,870.0,0.45,8,310,61,high,24.4,17.9
52.4,4.7,0,0,5,2,32.8,1.0,750.0,0.5,8,340,28,low,7.3,0.2
23.0,25.0,2,0,9,0,100.0,1.0,250.0,0.6,9,230,41,medium,17.5,12.7
29.3,2.1,1,1,4,0,81.3,0.274,578.0,0.45,10,168,31,medium,4.9,1.4
4.9,0.1,0,0,0,1,13.0,0.04,20.0,0.8,1,320,6,low,6.7,0.0
70.7,0.8,1,0,5,2,40.6,1.0,1238.0,0.35,9,190,36,medium,5.4,1.5
30.8,2.5,1,1,0,0,15.8,0.011,574.0,0.55,2,380,20,low,11.0,3.1
52.6,40.0,1,0,3,1,100.0,0.39,762.0,0.55,5,265,35,medium,9.5,3.9
24.8,0.5,1,0,1,2,10.1,0.081,250.0,0.6,3,230,16,low,6.6,1.8
24.3,1.4,0,0,9,2,86.3,0.135,202.0,0.7,4,330,29,low,6.9,0.0
43.0,2.2,0,0,1,1,4.2,0.148,775.0,0.5,1,245,8,low,5.2,0.1
28.5,13.1,1,0,6,1,100.0,0.664,470.0,0.55,9,215,37,medium,6.6,2.1
34.8,2.5,1,0,4,1,100.0,0.266,202.0,0.7,6,330,29,low,9.5,2.7
10.8,0.7,0,0,0,1,14.2,0.02,35.0,0.85,12,550,7,low,11.5,0.0
0.0,4.0,0,0,0,0,13.0,0.033,115.0,0.75,3,195,4,low,4.1,0.1
27.7,0.3,0,0,0,2,7.0,0.101,422.0,0.65,12,485,9,low,10.1,0.0
45.2,34.1,0,0,8,3,100.0,1.0,422.0,0.65,8,485,37,medium,12.2,2.1
35.7,14.9,0,0,6,0,100.0,0.178,790.0,0.55,5,98,21,low,2.2,0.2
40.9,24.2,1,1,6,2,100.0,0.602,115.0,0.75,9,195,40,medium,6.3,2.3
62.0,2.2,1,1,0,2,3.1,0.18,1117.0,0.35,2,145,21,low,4.2,1.2
50.0,0.7,0,0,4,0,79.0,0.264,688.0,0.6,5,210,21,low,4.4,0.0
54.9,12.5,0,0,5,2,100.0,0.656,688.0,0.6,7,210,35,medium,4.7,0.3
14.8,3.9,0,0,1,2,15.1,0.022,102.0,0.7,2,270,10,low,5.7,0.1
17.9,9.7,0,0,4,1,71.7,0.647,215.0,0.75,10,280,26,low,6.1,0.3
36.8,3.3,1,0,2,0,63.9,0.563,250.0,0.6,10,230,21,low,6.7,1.9
24.6,72.5,0,0,3,1,100.0,0.549,115.0,0.75,5,195,35,medium,6.4,2.3
34.4,5.4,0,0,3,1,26.6,1.0,775.0,0.5,4,245,22,low,5.2,0.1
39.0,0.3,0,0,0,1,12.1,0.03,802.0,0.6,11,270,9,low,5.6,0.0
56.0,11.9,1,1,5,2,100.0,0.162,574.0,0.55,6,380,44,medium,11.5,3.6
42.5,14.8,1,0,6,1,100.0,1.0,250.0,0.6,9,230,38,medium,7.1,2.3
28.8,1.4,0,0,0,1,7.2,0.103,422.0,0.65,1,485,4,low,10.2,0.1
72.0,1.3,1,0,6,2,24.6,0.939,1238.0,0.35,5,190,36,medium,5.5,1.5
42.1,0.1,0,0,0,0,4.0,0.14,775.0,0.5,2,245,4,low,5.1,0.0
36.3,14.8,0,0,4,2,100.0,0.178,35.0,0.85,10,550,29,low,12.4,0.9
51.6,0.8,0,0,0,0,4.1,0.143,1438.0,0.4,3,85,11,low,1.8,0.0
44.9,0.1,0,0,1,0,4.0,0.14,1438.0,0.4,11,85,13,low,1.8,0.0
49.6,0.4,1,1,0,1,7.1,0.101,961.0,0.35,12,390,17,low,11.2,3.0
39.3,3.8,0,0,0,0,12.9,0.033,802.0,0.6,3,270,9,low,5.7,0.1
65.0,2.6,1,1,1,0,7.4,0.107,961.0,0.35,1,390,25,low,11.3,3.2
0.0,28.5,0,0,5,2,100.0,0.223,40.0,0.75,4,310,32,medium,7.5,1.1
71.5,25.2,1,1,3,1,54.2,1.0,1041.0,0.3,5,200,38,medium,6.5,2.4
18.8,2.1,0,0,2,0,43.8,0.685,422.0,0.65,5,485,11,low,10.2,0.1
49.4,10.2,1,1,4,0,93.9,0.326,578.0,0.45,5,168,24,low,5.1,1.6
39.8,1.5,1,0,1,0,14.4,0.021,502.0,0.6,11,270,11,low,7.8,2.1
45.3,20.5,1,1,4,1,100.0,0.378,594.0,0.5,6,440,33,medium,14.0,4.8
41.5,6.7,0,0,6,0,34.0,1.0,750.0,0.5,7,340,19,low,7.3,0.2
39.0,13.4,0,0,3,2,100.0,1.0,215.0,0.75,6,280,34,medium,6.3,0.4
27.1,1.2,0,0,0,1,14.3,0.021,202.0,0.7,12,330,9,low,6.9,0.0
46.1,0.6,1,1,6,3,18.2,1.0,1117.0,0.35,10,145,34,medium,4.2,1.1
26.0,19.4,0,0,10,0,100.0,0.557,802.0,0.6,9,270,27,low,6.2,0.6
82.0,4.1,1,1,1,0,6.5,0.176,1041.0,0.3,11,200,25,low,5.8,1.7
33.0,3.1,0,0,4,2,19.1,1.0,750.0,0.5,10,340,23,low,7.2,0.1
32.8,0.1,1,0,0,1,12.0,0.03,762.0,0.55,12,265,18,low,7.6,2.1
35.2,2.1,0,0,0,2,3.1,0.179,750.0,0.5,1,340,8,low,7.2,0.1
18.2,5.9,0,0,4,3,26.9,1.0,775.0,0.5,10,245,20,low,5.3,0.2
51.8,0.1,1,1,0,3,6.0,0.16,550.0,0.5,11,110,22,low,3.1,0.9
41.8,0.8,1,0,1,1,14.2,0.02,502.0,0.6,2,270,20,low,7.7,2.1
44.1,16.6,1,1,5,2,100.0,0.707,470.0,0.55,6,215,43,medium,6.7,2.2
24.1,2.3,1,0,0,0,12.5,0.032,762.0,0.55,1,265,10,low,7.7,2.1
47.4,0.4,0,0,0,0,3.0,0.172,750.0,0.5,1,340,8,low,7.1,0.0
41.3,1.8,0,0,0,0,13.5,0.042,688.0,0.6,11,210,5,low,4.4,0.0
57.1,1.0,0,0,1,0,49.0,0.267,797.0,0.4,10,74,15,low,1.5,0.0
29.4,1.5,0,0,1,1,12.4,0.031,115.0,0.75,11,195,10,low,4.1,0.0
63.2,20.5,2,0,7,0,56.4,1.0,1238.0,0.35,6,190,43,medium,14.1,10.2
25.1,4.2,1,0,5,1,100.0,0.415,515.0,0.65,9,190,28,low,5.5,1.6
68.0,13.6,1,1,6,3,45.8,1.0,550.0,0.5,4,110,40,medium,3.4,1.1
36.9,0.3,0,0,0,0,14.1,0.02,790.0,0.55,12,98,6,low,2.0,0.0
62.0,7.2,1,1,12,0,100.0,0.147,574.0,0.55,7,380,42,medium,11.3,3.3
24.9,0.9,0,0,0,1,13.2,0.041,20.0,0.8,12,320,10,low,6.7,0.0
47.7,0.7,1,0,1,3,6.1,0.163,1197.0,0.3,12,180,22,low,5.2,1.4
22.5,3.6,0,0,7,0,64.3,0.567,215.0,0.75,4,280,16,low,5.9,0.1
17.3,8.2,1,0,9,2,100.0,0.301,102.0,0.7,8,270,36,medium,8.0,2.4
29.3,2.1,0,0,0,3,14.6,0.021,202.0,0.7,11,330,14,low,6.9,0.1
92.2,1.8,1,1,0,0,6.2,0.167,1041.0,0.3,11,200,23,low,5.8,1.6
28.4,26.7,1,0,11,3,100.0,0.417,102.0,0.7,9,270,45,medium,8.9,3.3
41.9,0.0,1,0,1,2,12.0,0.03,762.0,0.55,12,265,19,low,7.6,2.1
31.5,3.4,0,0,11,0,100.0,0.407,802.0,0.6,6,270,32,medium,5.7,0.1
55.2,7.1,1,1,0,0,14.8,0.047,578.0,0.45,3,168,18,low,5.0,1.5
36.8,0.1,0,0,2,0,10.0,0.08,215.0,0.75,1,280,8,low,5.8,0.0
50.8,68.9,2,0,3,2,95.1,1.0,1238.0,0.35,8,190,53,medium,19.3,15.4
25.4,1.2,0,0,0,0,14.3,0.021,202.0,0.7,2,330,5,low,6.9,0.0
3.8,23.8,0,0,6,1,100.0,1.0,422.0,0.65,9,485,31,medium,11.5,1.4
32.5,1.0,0,0,1,3,14.3,0.02,102.0,0.7,3,270,13,low,5.7,0.0
6.5,5.9,0,0,7,2,100.0,0.287,102.0,0.7,8,270,18,low,5.8,0.2
25.9,0.0,1,0,6,0,100.0,0.375,515.0,0.65,9,190,24,low,5.4,1.5
40.3,9.1,1,0,5,3,100.0,0.46,515.0,0.65,7,190,34,medium,5.7,1.7
56.0,5.6,0,1,9,0,100.0,0.285,594.0,0.5,9,440,31,medium,9.4,0.3
72.5,6.1,1,1,1,0,6.7,0.184,1041.0,0.3,12,200,18,low,5.9,1.7
31.7,0.1,1,1,5,2,90.2,0.065,574.0,0.55,5,380,35,medium,10.9,2.9
2.4,2.9,0,0,1,1,82.6,0.279,20.0,0.8,4,320,10,low,6.8,0.1
27.3,3.4,1,1,0,1,6.4,0.174,550.0,0.5,3,110,18,low,3.2,0.9
5.2,1.5,0,1,5,2,100.0,0.26,202.0,0.7,9,330,23,low,6.9,0.1
11.1,0.3,0,0,1,1,12.1,0.03,115.0,0.75,3,195,7,low,4.1,0.0
59.3,0.5,0,0,5,0,24.3,0.922,1438.0,0.4,10,85,25,low,1.8,0.0
49.2,7.4,0,0,3,0,16.1,0.024,790.0,0.55,2,98,14,low,2.1,0.1
3.1,1.0,0,0,0,0,13.3,0.041,20.0,0.8,11,320,0,low,6.7,0.0
7.8,5.6,0,0,4,1,53.4,0.297,115.0,0.75,10,195,16,low,4.2,0.1
17.6,1.8,0,0,0,1,10.4,0.084,215.0,0.75,11,280,8,low,5.9,0.1
44.9,1.1,2,2,6,3,61.3,1.0,870.0,0.45,8,310,41,medium,20.8,14.3
33.5,44.5,1,0,4,1,90.8,0.55,470.0,0.55,5,215,39,medium,7.9,3.4
50.3,0.3,1,0,0,1,14.1,0.02,502.0,0.6,3,270,17,low,7.7,2.1
41.4,7.3,1,0,6,2,80.2,1.0,422.0,0.65,8,485,32,medium,14.4,4.3
86.1,0.6,1,1,1,0,6.1,0.162,1041.0,0.3,12,200,26,low,5.7,1.6
50.6,5.5,1,0,5,1,44.4,1.0,775.0,0.5,7,245,30,low,7.2,2.1
0.0,9.7,1,1,3,0,100.0,0.311,35.0,0.85,6,550,25,low,16.5,5.1
30.4,3.5,0,0,5,0,19.3,1.0,750.0,0.5,4,340,17,low,7.2,0.1
39.9,9.6,1,0,3,3,100.0,0.161,502.0,0.6,5,270,36,medium,8.1,2.5
33.3,3.3,0,0,4,3,51.2,0.282,115.0,0.75,4,195,21,low,4.1,0.1
40.1,4.8,1,0,11,2,100.0,0.42,762.0,0.55,6,265,35,medium,7.8,2.2
42.6,8.7,1,1,2,1,15.3,0.049,578.0,0.45,3,168,26,low,5.0,1.5
36.8,12.7,2,0,9,1,100.0,1.0,250.0,0.6,8,230,46,medium,16.4,11.6
32.3,0.7,0,0,3,3,14.2,0.02,790.0,0.55,2,98,22,low,2.0,0.0
42.0,18.8,1,0,3,1,100.0,1.0,250.0,0.6,8,230,34,medium,7.3,2.5
44.0,4.0,0,0,1,0,4.3,0.154,775.0,0.5,1,245,6,low,5.2,0.1
34.2,9.1,0,0,5,2,70.9,0.638,215.0,0.75,10,280,31,medium,6.1,0.3
41.1,9.6,0,0,5,1,50.0,0.805,422.0,0.65,5,485,23,low,10.6,0.5
15.4,4.5,0,0,5,1,100.0,0.278,35.0,0.85,7,550,22,low,11.7,0.3
66.3,53.7,1,0,7,1,82.9,1.0,1238.0,0.35,7,190,45,medium,7.4,3.5
49.6,20.1,1,1,13,0,100.0,0.751,578.0,0.45,6,168,41,medium,5.3,1.8
18.4,41.4,2,1,11,1,100.0,1.0,250.0,0.6,8,230,55,medium,19.3,14.5
22.7,11.4,0,1,0,3,17.2,0.026,594.0,0.5,3,440,17,low,9.7,0.6
53.9,11.7,2,0,6,1,98.7,0.646,470.0,0.55,6,215,43,medium,15.2,10.7
55.1,1.2,1,0,0,0,4.1,0.144,1238.0,0.35,3,190,16,low,5.5,1.5
22.7,1.1,2,0,4,0,100.0,1.0,250.0,0.6,7,230,32,medium,15.4,10.6
34.8,0.5,1,0,1,0,12.1,0.03,515.0,0.65,12,190,12,low,5.4,1.5
18.6,1.3,0,1,14,2,71.8,1.0,422.0,0.65,9,485,33,medium,10.2,0.1
41.2,5.4,1,0,0,0,11.1,0.091,250.0,0.6,3,230,13,low,6.8,2.0
62.3,11.9,1,1,1,0,7.4,0.208,1041.0,0.3,3,200,19,low,6.1,1.9
56.5,6.9,2,2,4,0,41.0,1.0,870.0,0.45,10,310,39,medium,21.4,15.0
47.1,9.0,1,0,9,2,100.0,1.0,250.0,0.6,9,230,44,medium,6.9,2.1
29.4,0.4,0,0,1,0,7.1,0.101,422.0,0.65,1,485,11,low,10.1,0.0
39.9,3.6,0,1,5,2,100.0,0.273,594.0,0.5,7,440,23,low,9.3,0.2
32.9,9.2,0,0,4,1,99.4,0.16,790.0,0.55,10,98,21,low,2.1,0.1
39.7,3.0,1,0,2,0,13.8,0.043,488.0,0.55,12,140,16,low,4.1,1.1
36.6,1.2,0,0,0,1,7.2,0.103,422.0,0.65,3,485,8,low,10.2,0.1
57.7,10.6,0,0,0,2,9.7,0.051,797.0,0.4,3,74,19,low,1.6,0.1
45.5,0.1,0,0,0,1,13.0,0.04,688.0,0.6,1,210,12,low,4.4,0.0
33.7,36.6,0,1,7,0,100.0,0.249,594.0,0.5,4,440,31,medium,11.2,2.1
81.5,15.6,1,1,5,2,78.8,1.0,1041.0,0.3,7,200,44,medium,6.2,2.0
8.4,0.7,0,0,7,3,81.1,0.509,115.0,0.75,9,195,21,low,4.1,0.0
49.2,0.0,1,0,0,0,14.0,0.02,502.0,0.6,12,270,17,low,7.7,2.1
33.4,11.5,0,0,11,2,100.0,0.644,408.0,0.6,9,240,38,medium,5.3,0.3
19.5,55.2,2,1,7,0,100.0,0.297,574.0,0.55,7,380,51,medium,35.0,27.1
54.5,5.8,0,0,7,2,44.7,1.0,1438.0,0.4,9,85,30,low,1.8,0.1
12.0,8.2,0,0,2,1,90.7,0.313,20.0,0.8,10,320,20,low,7.0,0.3
29.3,3.1,0,0,1,1,82.9,0.28,688.0,0.6,5,210,19,low,4.4,0.1
36.7,9.7,1,0,2,2,93.1,0.323,488.0,0.55,5,140,30,low,4.2,1.3
38.0,0.6,0,0,0,2,13.2,0.041,408.0,0.6,12,240,12,low,5.0,0.0
46.1,60.1,1,1,10,3,100.0,1.0,1041.0,0.3,8,200,61,high,8.2,4.0
46.1,1.5,1,1,3,0,37.1,1.0,550.0,0.5,5,110,25,low,3.2,0.9
41.7,7.2,0,0,6,3,91.6,0.59,797.0,0.4,7,74,32,medium,1.6,0.1
16.8,3.5,0,0,6,0,77.1,0.212,115.0,0.75,5,195,17,low,4.1,0.1
14.2,75.1,0,0,10,2,100.0,0.719,202.0,0.7,6,330,48,medium,11.0,4.1
22.5,11.4,0,0,5,0,51.6,0.836,422.0,0.65,4,485,14,low,10.7,0.6
45.3,5.7,2,1,11,0,66.8,1.0,550.0,0.5,9,110,40,medium,7.5,5.3
16.4,22.2,0,0,4,0,100.0,0.404,688.0,0.6,4,210,19,low,4.9,0.5
22.6,7.8,1,1,3,1,100.0,0.078,574.0,0.55,4,380,25,low,11.3,3.4
37.2,1.2,1,0,0,1,14.3,0.021,502.0,0.6,2,270,13,low,7.8,2.1
10.8,0.5,0,0,0,1,7.1,0.101,422.0,0.65,2,485,4,low,10.1,0.0
39.3,1.0,1,0,2,3,12.2,0.031,515.0,0.65,1,190,23,low,5.5,1.5
54.1,19.9,2,0,5,3,100.0,0.561,762.0,0.55,7,265,50,medium,19.6,14.1
29.6,4.0,1,0,5,2,75.7,1.0,422.0,0.65,8,485,36,medium,14.1,4.0
57.7,6.6,1,0,7,0,67.9,1.0,1197.0,0.3,6,180,32,medium,5.3,1.6
14.6,1.3,0,0,3,1,14.4,0.021,202.0,0.7,11,330,7,low,6.9,0.0
3.7,0.3,0,0,1,1,14.1,0.02,40.0,0.75,3,310,8,low,6.5,0.0
17.8,2.0,0,0,1,3,12.5,0.032,802.0,0.6,1,270,10,low,5.7,0.1
31.5,10.4,1,0,10,2,96.6,0.63,470.0,0.55,8,215,43,medium,6.5,2.0
76.9,2.1,1,0,1,0,6.3,0.168,1197.0,0.3,1,180,20,low,5.2,1.4
0.0,4.0,0,0,9,3,100.0,0.275,35.0,0.85,6,550,28,low,11.7,0.2
44.6,41.5,1,1,4,0,100.0,0.255,574.0,0.55,8,380,36,medium,13.7,5.8
15.1,19.9,2,0,6,3,100.0,1.0,250.0,0.6,8,230,43,medium,17.0,12.2
60.5,11.1,0,0,1,2,4.9,0.179,1438.0,0.4,3,85,17,low,1.9,0.1
8.9,0.5,0,0,2,0,13.1,0.041,20.0,0.8,12,320,3,low,6.7,0.0
51.3,20.5,0,0,4,1,33.8,1.0,1438.0,0.4,5,85,28,low,2.0,0.2
49.7,0.1,1,1,1,1,13.0,0.04,578.0,0.45,3,168,20,low,4.8,1.3
42.4,20.8,2,0,8,0,100.0,0.761,470.0,0.55,7,215,46,medium,16.0,11.5
0.0,11.9,0,0,1,3,17.3,0.026,35.0,0.85,3,550,5,low,12.2,0.7
23.5,59.3,0,0,8,0,100.0,1.0,422.0,0.65,6,485,40,medium,14.4,4.3
57.5,17.7,0,0,2,1,65.0,0.375,797.0,0.4,4,74,25,low,1.7,0.1
55.0,7.7,1,1,8,2,69.3,1.0,550.0,0.5,6,110,45,medium,3.3,1.0
11.4,5.3,0,0,4,1,92.9,0.147,68.0,0.85,5,175,21,low,3.7,0.1
34.1,0.1,0,0,1,1,13.0,0.04,688.0,0.6,1,210,8,low,4.4,0.0
75.2,4.2,1,1,3,0,45.5,0.718,961.0,0.35,5,390,32,medium,11.4,3.3
40.0,1.0,1,0,1,2,10.2,0.082,250.0,0.6,12,230,23,low,6.6,1.8
37.7,0.2,0,1,0,3,14.1,0.02,594.0,0.5,11,440,13,low,9.2,0.0
76.0,90.5,1,0,9,1,100.0,1.0,1197.0,0.3,6,180,64,high,9.4,5.6
49.0,7.1,1,1,7,2,100.0,0.441,515.0,0.65,8,190,36,medium,5.6,1.7
64.2,19.1,1,1,8,3,55.3,1.0,1238.0,0.35,7,190,47,medium,6.0,2.0
24.4,9.1,0,0,4,1,92.3,0.319,408.0,0.6,4,240,17,low,5.2,0.2
32.9,2.5,0,0,6,2,100.0,0.266,202.0,0.7,9,330,27,low,7.0,0.1
16.7,8.6,0,0,1,0,98.4,0.158,102.0,0.7,10,270,11,low,5.9,0.3
21.1,1.2,1,0,5,1,61.4,0.535,250.0,0.6,4,230,26,low,6.6,1.8
31.8,4.2,0,0,0,0,13.0,0.033,115.0,0.75,3,195,10,low,4.1,0.1
41.0,51.2,1,1,12,1,100.0,0.285,574.0,0.55,8,380,51,medium,14.6,6.7
17.1,2.0,0,0,0,2,10.4,0.084,215.0,0.75,2,280,15,low,5.9,0.1
44.7,0.6,0,0,0,1,3.0,0.172,750.0,0.5,1,340,12,low,7.1,0.0
36.6,28.8,1,0,6,0,100.0,1.0,250.0,0.6,7,230,37,medium,7.7,2.9
51.8,1.4,1,1,0,2,7.2,0.103,961.0,0.35,11,390,27,low,11.2,3.1
41.4,165.1,1,0,10,0,100.0,1.0,790.0,0.55,7,98,54,medium,16.1,14.0
42.1,3.1,0,0,3,0,82.9,0.28,408.0,0.6,10,240,16,low,5.1,0.1
48.1,89.5,1,1,2,2,83.7,1.0,1117.0,0.35,6,145,53,medium,7.5,4.5
45.8,1.9,1,0,1,3,14.5,0.021,502.0,0.6,2,270,22,low,7.8,2.2
41.2,0.3,0,0,0,0,7.0,0.101,422.0,0.65,1,485,10,low,10.1,0.0
28.9,1.9,0,0,0,2,12.5,0.031,802.0,0.6,3,270,11,low,5.7,0.1
19.9,29.8,0,0,7,1,100.0,0.872,115.0,0.75,6,195,34,medium,4.8,0.7
40.2,26.6,0,0,7,3,100.0,0.833,797.0,0.4,7,74,38,medium,1.8,0.2
40.6,1.0,1,0,0,2,12.2,0.031,515.0,0.65,11,190,16,low,5.5,1.5
43.3,5.7,0,1,0,3,15.6,0.023,594.0,0.5,3,440,19,low,9.4,0.3
28.6,20.1,1,0,9,3,100.0,0.752,470.0,0.55,9,215,46,medium,6.8,2.4
0.0,9.8,0,0,0,3,16.7,0.025,68.0,0.85,1,175,15,low,3.8,0.2
90.2,3.7,1,1,1,2,7.5,0.109,961.0,0.35,11,390,28,low,11.4,3.2
66.4,9.7,2,1,9,1,35.8,1.0,1117.0,0.35,9,145,52,medium,10.2,7.1
53.4,24.8,2,1,9,0,100.0,1.0,961.0,0.35,6,390,57,medium,29.7,21.6
48.3,0.5,0,1,2,2,14.1,0.02,594.0,0.5,1,440,15,low,9.2,0.0
28.6,0.4,0,0,5,2,48.4,0.263,115.0,0.75,10,195,21,low,4.1,0.0
26.8,3.0,0,0,2,0,89.0,0.14,790.0,0.55,4,98,12,low,2.1,0.0
0.0,0.0,0,0,3,0,84.1,0.13,35.0,0.85,10,550,6,low,11.5,0.0
43.6,0.4,1,0,5,2,84.7,0.131,502.0,0.6,4,270,33,medium,7.7,2.1
36.3,26.0,1,0,10,1,100.0,0.825,470.0,0.55,8,215,45,medium,7.1,2.6
39.8,3.9,1,0,1,1,15.1,0.022,502.0,0.6,3,270,13,low,7.9,2.2
74.7,13.7,1,0,1,2,45.9,1.0,1197.0,0.3,4,180,34,medium,5.5,1.8
49.7,5.2,1,1,3,1,39.7,1.0,1041.0,0.3,10,200,37,medium,5.9,1.7
58.1,13.1,1,1,3,0,45.4,1.0,1041.0,0.3,4,200,32,medium,6.1,1.9
20.2,0.1,0,0,1,1,12.0,0.03,115.0,0.75,11,195,9,low,4.1,0.0
25.2,43.2,0,0,4,0,89.5,0.541,115.0,0.75,5,195,30,low,5.2,1.1
26.3,0.9,0,0,2,1,12.2,0.031,802.0,0.6,11,270,10,low,5.7,0.0
25.1,4.8,0,0,0,3,11.0,0.09,215.0,0.75,1,280,12,low,6.0,0.1
42.2,11.7,0,0,8,1,98.7,0.646,797.0,0.4,9,74,33,medium,1.6,0.1
8.2,14.3,0,0,5,0,92.7,0.265,115.0,0.75,5,195,18,low,4.4,0.3
31.5,3.8,0,0,7,2,45.2,0.711,422.0,0.65,4,485,28,low,10.3,0.2
85.1,0.3,2,2,1,0,6.0,0.161,870.0,0.45,12,310,29,low,20.7,14.2
55.2,0.4,1,1,1,1,7.1,0.101,961.0,0.35,1,390,20,low,11.2,3.0
18.5,4.4,1,0,8,1,87.0,0.555,115.0,0.75,9,195,27,low,5.7,1.6
5.6,13.6,0,0,1,0,99.2,0.348,20.0,0.8,4,320,16,low,7.2,0.5
19.2,16.4,1,0,8,0,100.0,0.353,202.0,0.7,8,330,34,medium,10.3,3.4
46.2,0.2,1,1,0,0,13.0,0.04,578.0,0.45,1,168,12,low,4.8,1.3
21.8,2.1,0,0,0,0,14.6,0.021,40.0,0.75,2,310,4,low,6.5,0.1
44.1,109.4,1,0,2,3,100.0,1.0,408.0,0.6,8,240,58,medium,15.1,10.1
58.0,0.9,2,2,0,0,6.1,0.164,870.0,0.45,1,310,29,low,20.8,14.3
38.2,1.6,1,1,0,0,13.4,0.042,578.0,0.45,12,168,11,low,4.8,1.3
29.0,20.3,0,0,4,1,59.0,0.98,422.0,0.65,4,485,23,low,11.2,1.1
37.0,5.1,0,0,6,2,100.0,0.563,408.0,0.6,7,240,30,low,5.1,0.1
60.7,56.5,2,0,6,2,100.0,1.0,1197.0,0.3,7,180,59,medium,16.7,13.0
52.2,31.7,2,2,4,0,58.8,1.0,870.0,0.45,5,310,45,medium,24.6,18.1
36.2,6.0,1,0,5,3,100.0,1.0,215.0,0.75,8,280,33,medium,8.2,2.4
40.9,25.2,0,0,4,1,100.0,1.0,422.0,0.65,6,485,36,medium,11.6,1.5
12.3,4.0,0,0,1,1,8.6,0.044,115.0,0.75,1,195,12,low,4.1,0.1
31.4,0.1,1,0,0,0,13.0,0.04,488.0,0.55,12,140,6,low,4.0,1.1
10.5,7.1,0,0,6,2,100.0,0.589,20.0,0.8,9,320,23,low,6.9,0.2
11.9,11.1,0,0,5,0,58.6,0.332,115.0,0.75,5,195,16,low,4.3,0.2
44.8,5.2,0,0,7,0,26.5,1.0,1438.0,0.4,4,85,24,low,1.8,0.0
47.7,22.6,1,0,5,3,100.0,0.782,688.0,0.6,8,210,45,medium,6.8,2.4
68.5,14.9,0,0,3,2,31.1,1.0,1438.0,0.4,5,85,23,low,1.9,0.1
25.7,4.2,0,0,1,1,10.8,0.088,215.0,0.75,12,280,10,low,6.0,0.1
37.3,10.9,0,1,11,2,100.0,1.0,215.0,0.75,8,280,38,medium,6.2,0.3
53.1,2.4,1,0,1,2,12.6,0.032,762.0,0.55,3,265,21,low,7.7,2.1
24.3,17.4,0,0,0,3,13.5,0.115,215.0,0.75,3,280,13,low,6.4,0.6
31.9,17.4,1,0,10,3,100.0,0.359,502.0,0.6,9,270,42,medium,8.4,2.8
26.5,0.6,1,0,2,1,14.2,0.02,502.0,0.6,1,270,18,low,7.7,2.1
39.3,3.2,1,0,0,2,13.8,0.043,488.0,0.55,2,140,18,low,4.1,1.1
0.0,0.8,0,0,4,1,85.3,0.132,68.0,0.85,4,175,16,low,3.7,0.0
67.1,0.6,1,0,1,1,4.0,0.142,1238.0,0.35,1,190,29,low,5.4,1.5
29.3,0.5,0,0,0,1,7.1,0.101,422.0,0.65,11,485,3,low,10.1,0.0
26.9,23.5,0,1,5,0,100.0,0.397,68.0,0.85,9,175,32,medium,4.1,0.5
42.3,2.7,1,1,1,0,15.8,0.011,574.0,0.55,12,380,16,low,11.0,3.1
74.2,2.8,1,0,0,1,6.3,0.171,1197.0,0.3,1,180,20,low,5.2,1.5
44.1,3.0,1,1,0,0,3.2,0.183,1117.0,0.35,3,145,16,low,4.2,1.2
0.0,2.4,0,0,10,0,100.0,0.265,35.0,0.85,9,550,25,low,11.6,0.1
36.8,4.2,1,1,5,2,97.5,0.072,574.0,0.55,5,380,33,medium,11.1,3.2
43.3,43.3,1,1,9,3,100.0,1.0,550.0,0.5,7,110,54,medium,4.0,1.7
59.2,1.7,1,1,3,0,43.4,0.678,961.0,0.35,10,390,30,low,11.2,3.1
38.4,3.4,1,0,7,1,83.3,0.282,488.0,0.55,5,140,33,medium,4.1,1.2
21.6,0.3,0,0,2,3,14.1,0.02,202.0,0.7,11,330,9,low,6.9,0.0
30.9,7.7,0,0,1,1,16.1,0.024,40.0,0.75,2,310,13,low,6.7,0.3
50.8,9.7,1,1,4,2,95.4,0.621,797.0,0.4,9,74,42,medium,2.2,0.7
52.1,8.8,1,0,0,1,14.1,0.037,762.0,0.55,2,265,25,low,7.9,2.4
60.8,3.5,1,1,1,2,3.2,0.185,1117.0,0.35,11,145,23,low,4.2,1.2
16.3,2.9,0,0,6,1,100.0,0.268,35.0,0.85,9,550,21,low,11.6,0.2
31.6,0.8,0,0,9,0,42.6,0.662,422.0,0.65,5,485,20,low,10.1,0.0
7.8,1.6,0,0,0,3,14.5,0.021,102.0,0.7,11,270,10,low,5.7,0.0
14.6,13.5,0,0,0,3,17.8,0.027,40.0,0.75,3,310,10,low,6.9,0.5
86.7,2.3,1,1,0,3,6.3,0.169,1041.0,0.3,1,200,28,low,5.8,1.6
6.2,2.9,0,0,0,2,12.7,0.032,115.0,0.75,12,195,6,low,4.1,0.1
15.9,3.2,0,0,2,0,89.3,0.14,102.0,0.7,5,270,12,low,5.7,0.1
36.3,0.6,0,0,5,2,78.9,0.264,688.0,0.6,10,210,24,low,4.4,0.0
52.7,2.6,0,0,0,2,8.4,0.043,797.0,0.4,11,74,15,low,1.6,0.0
63.3,35.7,0,0,4,0,68.6,1.0,1438.0,0.4,7,85,32,medium,2.2,0.4
21.8,24.9,0,0,3,1,100.0,0.405,202.0,0.7,9,330,28,low,7.9,1.0
17.5,13.9,0,0,7,0,100.0,0.337,35.0,0.85,7,550,24,low,12.3,0.9
18.2,13.0,1,1,8,1,100.0,0.662,470.0,0.55,6,215,35,medium,6.6,2.1
29.5,9.2,0,0,3,2,35.5,1.0,750.0,0.5,8,340,23,low,7.4,0.3
49.7,50.5,1,0,8,2,100.0,1.0,797.0,0.4,7,74,51,medium,2.8,1.3
53.1,1.5,0,0,0,2,8.2,0.041,797.0,0.4,2,74,12,low,1.6,0.0
77.8,17.3,1,0,2,2,48.4,1.0,1197.0,0.3,4,180,36,medium,5.6,1.9
27.5,9.6,0,0,4,0,100.0,0.161,202.0,0.7,5,330,22,low,7.2,0.3
21.1,2.3,0,0,0,0,12.6,0.032,115.0,0.75,12,195,1,low,4.1,0.0
63.6,0.9,1,0,0,0,4.1,0.143,1238.0,0.35,2,190,17,low,5.5,1.5
60.4,6.1,2,2,9,1,67.4,1.0,870.0,0.45,8,310,47,medium,21.3,14.9
32.6,0.4,1,0,1,0,12.1,0.03,515.0,0.65,2,190,17,low,5.4,1.5
27.0,33.8,0,1,12,1,50.3,1.0,750.0,0.5,9,340,45,medium,8.5,1.4
23.8,0.7,0,0,0,0,14.2,0.02,790.0,0.55,2,98,3,low,2.0,0.0
17.8,0.8,0,0,4,1,85.3,0.133,202.0,0.7,10,330,14,low,6.9,0.0
72.7,12.6,1,1,5,1,75.1,1.0,1041.0,0.3,7,200,42,medium,6.1,1.9
29.6,0.3,0,0,1,3,14.1,0.02,202.0,0.7,12,330,17,low,6.9,0.0
27.0,13.2,0,0,2,1,98.6,0.346,688.0,0.6,10,210,23,low,4.7,0.3
32.8,3.1,0,0,0,0,8.5,0.043,797.0,0.4,3,74,2,low,1.6,0.0
51.1,19.8,2,2,6,1,50.2,1.0,870.0,0.45,5,310,48,medium,22.9,16.5
34.2,2.1,0,0,0,1,14.6,0.021,102.0,0.7,3,270,10,low,5.7,0.1
33.2,29.8,0,0,4,1,76.6,0.454,115.0,0.75,5,195,27,low,4.8,0.7
27.1,38.5,0,1,7,1,100.0,0.491,102.0,0.7,6,270,39,medium,7.0,1.3
24.9,0.6,0,0,6,1,60.8,0.528,215.0,0.75,10,280,19,low,5.9,0.0
69.0,0.0,1,1,0,0,7.0,0.1,961.0,0.35,2,390,19,low,11.1,3.0
15.3,44.5,0,0,7,2,100.0,0.528,68.0,0.85,7,175,34,medium,4.7,1.0
60.1,172.8,1,0,8,3,100.0,1.0,1438.0,0.4,8,85,67,high,17.0,15.2
29.5,6.7,1,0,4,0,81.6,0.228,515.0,0.65,5,190,24,low,5.6,1.7
43.8,16.9,1,1,12,3,100.0,0.712,578.0,0.45,8,168,45,medium,5.2,1.7
70.6,1.0,1,1,2,2,36.7,1.0,1041.0,0.3,5,200,31,medium,5.7,1.6
41.1,9.3,0,0,4,2,71.1,0.641,215.0,0.75,10,280,26,low,6.1,0.3
59.0,8.4,1,1,10,2,70.1,1.0,1041.0,0.3,7,200,46,medium,6.0,1.8
68.4,7.7,1,0,0,3,4.6,0.167,1238.0,0.35,2,190,26,low,5.6,1.7
60.0,1.1,1,1,3,3,79.8,0.267,578.0,0.45,10,168,31,medium,4.8,1.3
31.4,1.0,0,0,1,2,12.2,0.031,802.0,0.6,11,270,8,low,5.7,0.0
34.5,0.0,0,0,0,1,14.0,0.02,790.0,0.55,12,98,9,low,2.0,0.0
19.9,58.2,0,1,7,3,100.0,1.0,408.0,0.6,8,240,51,medium,7.1,2.1
18.5,1.9,0,0,7,0,100.0,0.262,102.0,0.7,7,270,22,low,5.7,0.1
53.7,35.9,2,2,3,0,61.8,1.0,870.0,0.45,4,310,39,medium,25.2,18.7
0.0,2.0,0,0,1,1,12.5,0.031,115.0,0.75,12,195,7,low,4.1,0.0
57.1,3.9,0,0,0,1,8.6,0.044,797.0,0.4,2,74,12,low,1.6,0.0
23.3,1.2,0,0,1,1,43.0,0.669,422.0,0.65,10,485,8,low,10.2,0.1
19.4,0.1,1,0,0,1,10.0,0.08,250.0,0.6,12,230,14,low,6.6,1.8
19.2,13.1,0,0,6,3,100.0,0.332,40.0,0.75,6,310,31,medium,6.9,0.5
32.8,0.1,0,0,0,2,14.0,0.02,202.0,0.7,2,330,10,low,6.9,0.0
56.5,0.2,0,0,0,1,4.0,0.141,775.0,0.5,3,245,15,low,5.1,0.0
28.4,5.5,0,0,2,3,93.2,0.148,40.0,0.75,10,310,26,low,6.6,0.2
17.7,25.6,1,0,7,1,100.0,0.82,470.0,0.55,6,215,36,medium,7.0,2.6
11.8,1.6,0,0,0,0,14.4,0.021,68.0,0.85,2,175,8,low,3.7,0.0
27.7,0.9,1,0,1,1,10.2,0.082,250.0,0.6,12,230,17,low,6.6,1.8
41.9,12.4,1,0,7,1,100.0,0.654,488.0,0.55,8,140,38,medium,4.3,1.3
31.2,4.5,1,0,0,0,10.9,0.089,250.0,0.6,3,230,10,low,6.7,1.9
40.5,29.2,1,0,8,1,100.0,0.433,790.0,0.55,8,98,42,medium,3.3,1.2
23.7,7.1,0,0,1,2,16.0,0.024,202.0,0.7,2,330,12,low,7.1,0.3
17.5,18.2,1,0,5,1,100.0,0.545,115.0,0.75,6,195,33,medium,6.1,2.1
26.5,4.8,0,0,6,1,100.0,0.559,408.0,0.6,9,240,23,low,5.1,0.1
54.2,3.0,0,0,1,1,3.2,0.183,750.0,0.5,12,340,14,low,7.2,0.1
64.2,15.6,1,1,0,0,7.9,0.222,1041.0,0.3,2,200,23,low,6.2,2.0
47.9,0.6,0,1,1,2,14.2,0.02,594.0,0.5,1,440,14,low,9.2,0.0
22.2,0.6,0,0,0,2,14.2,0.02,35.0,0.85,11,550,9,low,11.5,0.0
59.4,25.3,0,0,5,0,100.0,0.816,688.0,0.6,9,210,34,medium,5.0,0.6
70.5,15.7,1,1,10,1,39.4,1.0,1117.0,0.35,8,145,45,medium,4.5,1.5
30.7,2.9,0,0,0,1,12.7,0.032,802.0,0.6,3,270,9,low,5.7,0.1
55.2,13.5,1,1,10,2,38.1,1.0,1117.0,0.35,7,145,41,medium,4.4,1.4
31.3,2.2,2,1,6,1,100.0,0.527,578.0,0.45,8,168,41,medium,11.3,7.8
19.6,0.8,0,0,1,0,79.2,0.265,408.0,0.6,4,240,13,low,5.0,0.0
16.4,6.9,0,0,6,0,95.6,0.152,102.0,0.7,10,270,22,low,5.8,0.2
41.6,44.5,1,0,7,1,100.0,0.792,802.0,0.6,6,270,50,medium,9.9,4.3
32.9,0.4,0,0,0,2,13.1,0.04,20.0,0.8,11,320,9,low,6.7,0.0
47.6,2.1,1,1,1,0,15.6,0.011,574.0,0.55,11,380,19,low,11.0,3.1
40.1,13.0,0,0,6,0,60.5,0.345,797.0,0.4,10,74,25,low,1.6,0.1
51.4,14.5,0,1,9,1,100.0,0.34,594.0,0.5,6,440,35,medium,9.9,0.7
33.9,3.7,0,0,0,2,12.9,0.033,802.0,0.6,11,270,7,low,5.7,0.1
53.6,4.8,2,2,4,1,39.5,1.0,870.0,0.45,10,310,40,medium,21.2,14.7
53.9,27.6,2,0,10,1,100.0,0.634,515.0,0.65,6,190,49,medium,14.7,10.7
33.5,2.7,0,1,7,2,100.0,0.401,802.0,0.6,6,270,33,medium,5.7,0.1
20.7,0.8,0,0,7,0,48.7,0.265,115.0,0.75,10,195,11,low,4.1,0.0
53.8,71.5,0,1,4,2,100.0,1.0,797.0,0.4,7,74,50,medium,2.4,0.9
14.8,8.2,0,0,7,1,100.0,0.452,802.0,0.6,9,270,26,low,5.9,0.2
43.6,3.3,0,0,6,2,100.0,0.406,802.0,0.6,6,270,30,low,5.7,0.1
32.2,0.7,0,0,0,1,4.1,0.142,775.0,0.5,1,245,13,low,5.1,0.0
42.0,18.2,1,1,6,2,100.0,0.728,578.0,0.45,7,168,39,medium,5.3,1.8
33.3,24.3,1,1,8,1,100.0,1.0,215.0,0.75,7,280,48,medium,9.1,3.3
40.8,3.7,0,0,7,2,32.2,1.0,750.0,0.5,8,340,25,low,7.2,0.1
51.2,0.5,1,0,4,0,78.8,0.263,488.0,0.55,5,140,23,low,4.0,1.1
34.2,49.1,2,0,6,2,100.0,1.0,488.0,0.55,9,140,58,medium,12.4,9.5
13.4,34.1,0,0,5,2,100.0,1.0,215.0,0.75,9,280,35,medium,7.0,1.2
43.6,22.2,1,1,6,1,86.6,1.0,550.0,0.5,9,110,43,medium,3.5,1.2
46.0,0.2,0,0,3,1,14.0,0.02,40.0,0.75,12,310,13,low,6.5,0.0
37.8,16.6,0,0,8,3,100.0,0.708,408.0,0.6,7,240,40,medium,5.5,0.5
29.5,1.3,0,0,3,2,80.0,0.268,688.0,0.6,5,210,21,low,4.4,0.0
2.5,86.1,0,0,6,3,100.0,0.788,40.0,0.75,8,310,46,medium,11.3,4.9
27.6,6.5,1,0,8,0,100.0,0.29,202.0,0.7,8,330,34,medium,9.7,2.9
42.6,6.1,0,0,5,2,87.5,0.299,688.0,0.6,4,210,23,low,4.5,0.1
27.6,1.3,0,0,0,1,4.1,0.145,775.0,0.5,12,245,9,low,5.1,0.0
51.0,2.2,1,1,0,1,3.1,0.179,1117.0,0.35,3,145,12,low,4.2,1.2
44.8,12.1,0,0,3,2,96.8,0.338,408.0,0.6,4,240,23,low,5.3,0.3
29.9,5.4,1,0,6,2,44.3,1.0,775.0,0.5,9,245,29,low,7.2,2.1
61.8,1.0,1,1,0,0,6.1,0.164,1041.0,0.3,12,200,20,low,5.7,1.6
51.7,38.4,1,1,7,2,100.0,1.0,550.0,0.5,9,110,47,medium,3.9,1.6
21.0,4.7,0,0,1,3,15.3,0.022,35.0,0.85,3,550,13,low,11.7,0.3
20.4,0.8,0,0,0,3,8.1,0.041,115.0,0.75,1,195,14,low,4.1,0.0
38.5,0.4,1,0,0,2,12.1,0.03,515.0,0.65,12,190,20,low,5.4,1.5
37.2,2.8,0,0,1,2,13.7,0.043,688.0,0.6,3,210,5,low,4.4,0.1
40.0,3.6,0,0,0,0,13.9,0.044,688.0,0.6,11,210,9,low,4.5,0.1
3.5,4.3,0,0,2,1,78.2,0.216,115.0,0.75,10,195,10,low,4.2,0.1
16.0,22.1,0,0,8,2,100.0,0.776,115.0,0.75,7,195,35,medium,4.6,0.5
28.5,38.7,1,0,8,1,100.0,0.492,202.0,0.7,7,330,38,medium,11.7,4.8
80.9,7.3,2,1,9,1,45.8,1.0,1238.0,0.35,8,190,51,medium,13.1,9.2
14.9,0.2,0,0,0,0,14.0,0.02,68.0,0.85,12,175,3,low,3.6,0.0
55.3,2.7,1,1,2,1,7.4,0.107,961.0,0.35,11,390,25,low,11.3,3.2
32.0,3.3,0,0,0,2,4.3,0.152,775.0,0.5,2,245,17,low,5.2,0.1
37.8,6.0,1,0,5,3,53.8,0.299,470.0,0.55,4,215,27,low,6.3,1.9
32.9,18.9,1,0,4,3,100.0,0.736,408.0,0.6,8,240,37,medium,7.6,2.6
67.6,8.3,1,1,8,2,46.6,1.0,1438.0,0.4,9,85,47,medium,2.5,0.8
36.9,4.9,0,0,7,2,100.0,1.0,215.0,0.75,6,280,29,low,6.0,0.1
12.9,0.8,0,0,0,1,14.2,0.02,40.0,0.75,2,310,8,low,6.5,0.0
73.9,5.3,1,1,0,0,7.7,0.113,961.0,0.35,1,390,19,low,11.4,3.3
44.5,3.2,1,0,10,3,100.0,0.405,762.0,0.55,8,265,45,medium,7.7,2.2
70.7,0.6,1,1,1,3,18.2,1.0,1117.0,0.35,4,145,29,low,4.2,1.1
33.0,0.5,1,0,0,0,12.1,0.03,515.0,0.65,11,190,5,low,5.4,1.5
46.5,0.8,1,1,0,1,6.1,0.163,550.0,0.5,2,110,25,low,3.2,0.9
5.9,0.5,0,0,0,0,13.1,0.041,20.0,0.8,2,320,2,low,6.7,0.0
48.4,2.4,1,0,1,0,12.6,0.032,762.0,0.55,1,265,17,low,7.7,2.1
79.5,0.0,2,2,1,1,6.0,0.16,870.0,0.45,12,310,30,low,20.7,14.2
19.1,8.9,1,0,11,2,100.0,0.612,488.0,0.55,7,140,39,medium,4.2,1.3
14.0,8.6,0,0,4,1,98.4,0.158,68.0,0.85,4,175,22,low,3.8,0.2
48.7,0.4,1,0,7,0,72.6,0.197,515.0,0.65,10,190,26,low,5.4,1.5
48.4,0.8,0,0,0,0,3.1,0.174,750.0,0.5,1,340,12,low,7.1,0.0
58.1,4.7,0,0,0,3,4.4,0.157,1438.0,0.4,2,85,17,low,1.8,0.0
47.0,0.6,1,1,0,0,3.0,0.172,1117.0,0.35,12,145,14,low,4.2,1.1
17.1,38.1,0,0,2,0,100.0,0.254,102.0,0.7,4,270,25,low,6.9,1.3
14.0,0.4,0,0,0,0,14.1,0.02,35.0,0.85,2,550,4,low,11.5,0.0
64.5,4.9,2,2,0,0,6.6,0.18,870.0,0.45,3,310,26,low,21.2,14.7
47.1,0.4,1,0,1,3,12.1,0.03,515.0,0.65,11,190,22,low,5.4,1.5
8.7,3.4,0,0,0,1,12.8,0.033,115.0,0.75,2,195,6,low,4.1,0.1
36.9,1.0,0,0,4,1,85.7,0.133,68.0,0.85,10,175,17,low,3.7,0.0
38.9,5.9,0,0,9,2,33.6,1.0,750.0,0.5,6,340,27,low,7.3,0.2
11.8,27.0,0,0,4,1,100.0,0.628,115.0,0.75,7,195,25,low,4.7,0.6
34.3,2.4,0,0,0,2,13.6,0.042,408.0,0.6,2,240,12,low,5.1,0.1
18.6,6.6,1,0,0,1,13.6,0.035,515.0,0.65,2,190,12,low,5.6,1.7
60.8,4.4,0,0,1,1,87.0,0.554,797.0,0.4,6,74,29,low,1.6,0.0
32.3,0.3,1,0,3,0,72.5,0.197,515.0,0.65,4,190,17,low,5.4,1.5
29.2,17.4,0,0,1,1,100.0,0.186,202.0,0.7,4,330,19,low,7.5,0.7
65.9,0.3,1,0,0,0,6.0,0.161,1197.0,0.3,12,180,13,low,5.2,1.4
58.9,5.5,2,2,6,1,39.9,1.0,870.0,0.45,4,310,45,medium,21.2,14.8
23.7,2.6,1,0,3,2,63.1,0.553,250.0,0.6,4,230,26,low,6.7,1.9
89.9,2.9,1,0,0,0,6.4,0.172,1197.0,0.3,11,180,17,low,5.2,1.5
40.9,14.0,1,0,5,1,100.0,0.675,688.0,0.6,8,210,37,medium,6.5,2.1
29.3,21.1,1,0,5,0,100.0,0.382,102.0,0.7,9,270,27,low,8.6,3.0
45.2,87.5,2,0,3,3,100.0,1.0,1238.0,0.35,6,190,64,high,22.5,18.6
42.9,18.7,0,0,4,0,100.0,0.733,115.0,0.75,6,195,32,medium,4.5,0.4
26.2,0.9,0,0,0,0,7.1,0.102,422.0,0.65,2,485,1,low,10.1,0.0
18.6,2.9,0,0,0,0,14.8,0.021,102.0,0.7,1,270,1,low,5.7,0.1
27.0,2.2,0,0,0,3,14.6,0.021,40.0,0.75,1,310,13,low,6.5,0.1
42.7,10.3,2,0,8,2,96.5,0.629,470.0,0.55,9,215,43,medium,15.1,10.6
13.7,0.0,1,0,5,0,80.1,0.501,115.0,0.75,7,195,22,low,5.6,1.5
26.6,23.7,0,0,5,0,100.0,0.311,115.0,0.75,5,195,23,low,4.6,0.5
20.3,9.6,0,0,7,3,100.0,0.31,202.0,0.7,9,330,29,low,7.2,0.3
22.7,4.2,0,1,7,2,100.0,0.414,115.0,0.75,9,195,31,medium,4.1,0.1
14.9,1.7,0,0,2,1,86.9,0.136,102.0,0.7,5,270,17,low,5.7,0.0
48.1,8.9,0,0,1,0,15.3,0.049,688.0,0.6,1,210,11,low,4.6,0.2
60.4,0.5,1,1,2,1,3.0,0.172,1117.0,0.35,2,145,26,low,4.2,1.1
29.3,3.0,1,0,5,1,89.0,0.14,502.0,0.6,5,270,28,low,7.8,2.2
40.1,2.7,0,0,0,0,12.7,0.032,802.0,0.6,2,270,9,low,5.7,0.1
30.7,0.1,1,0,0,0,12.0,0.03,515.0,0.65,12,190,7,low,5.4,1.5
25.3,60.5,1,0,8,2,100.0,1.0,215.0,0.75,6,280,47,medium,11.5,5.6
11.1,5.6,0,0,0,0,14.4,0.046,20.0,0.8,3,320,8,low,6.9,0.2
56.0,0.8,1,1,1,2,6.1,0.163,550.0,0.5,12,110,26,low,3.2,0.9
33.4,36.5,0,0,8,1,100.0,0.478,790.0,0.55,6,98,39,medium,2.5,0.5
20.3,1.3,0,0,6,2,86.2,0.134,102.0,0.7,5,270,22,low,5.7,0.0
14.2,2.1,0,1,8,1,100.0,0.263,102.0,0.7,8,270,32,medium,5.7,0.1
26.3,5.5,0,0,5,0,66.6,0.592,215.0,0.75,10,280,14,low,6.0,0.2
21.7,7.1,1,0,6,2,82.2,0.23,762.0,0.55,5,265,29,low,7.8,2.3
57.4,4.2,0,1,3,2,91.0,0.144,594.0,0.5,4,440,34,medium,9.4,0.2
16.6,1.9,0,0,2,2,14.5,0.021,68.0,0.85,1,175,9,low,3.7,0.0
34.5,33.6,0,0,3,0,100.0,0.239,68.0,0.85,4,175,21,low,4.4,0.7
80.6,46.6,1,0,8,0,77.3,1.0,1238.0,0.35,7,190,45,medium,7.1,3.1
0.0,17.7,1,0,6,2,100.0,0.361,40.0,0.75,9,310,29,low,9.7,3.3
16.3,12.1,0,0,4,0,59.6,0.338,115.0,0.75,4,195,18,low,4.3,0.3
24.4,0.6,0,0,0,0,8.1,0.041,115.0,0.75,12,195,4,low,4.1,0.0
22.1,5.6,0,0,2,0,93.4,0.148,102.0,0.7,10,270,12,low,5.8,0.2
37.4,0.9,1,0,0,3,10.2,0.082,250.0,0.6,11,230,19,low,6.6,1.8
48.0,0.9,0,0,5,2,73.3,0.2,802.0,0.6,4,270,25,low,5.7,0.0
12.8,14.8,0,0,7,1,100.0,0.342,40.0,0.75,7,310,23,low,7.0,0.5
53.7,4.7,1,0,2,0,39.4,1.0,1197.0,0.3,5,180,27,low,5.3,1.5
54.8,0.4,1,1,1,0,7.1,0.101,961.0,0.35,1,390,17,low,11.2,3.0
76.5,3.8,1,0,3,2,38.7,1.0,1197.0,0.3,10,180,33,medium,5.2,1.5
27.2,20.8,1,0,6,3,100.0,0.76,688.0,0.6,8,210,43,medium,6.7,2.3
38.0,0.2,1,1,1,3,13.1,0.04,578.0,0.45,12,168,22,low,4.8,1.3
18.3,3.9,0,0,1,0,14.0,0.044,688.0,0.6,3,210,9,low,4.5,0.1
30.4,3.3,0,0,0,0,8.5,0.043,115.0,0.75,1,195,3,low,4.1,0.1
43.4,1.0,0,0,0,2,4.1,0.143,775.0,0.5,11,245,6,low,5.1,0.0
20.5,4.5,0,0,9,2,100.0,0.278,68.0,0.85,6,175,36,medium,3.7,0.1
40.1,4.2,2,2,0,0,6.5,0.177,870.0,0.45,2,310,20,low,21.1,14.6
47.0,44.0,0,0,6,0,100.0,1.0,688.0,0.6,7,210,38,medium,5.6,1.2
25.7,0.0,0,0,1,0,12.0,0.03,115.0,0.75,12,195,4,low,4.1,0.0
2.8,8.5,0,0,3,2,98.3,0.158,40.0,0.75,4,310,23,low,6.7,0.3
47.4,35.6,1,1,7,1,100.0,0.236,574.0,0.55,7,380,51,medium,13.2,5.3
22.6,0.4,0,0,4,0,84.7,0.131,202.0,0.7,10,330,15,low,6.9,0.0
45.8,1.6,1,0,1,2,12.4,0.031,515.0,0.65,11,190,21,low,5.5,1.5
23.3,1.6,0,0,2,1,86.7,0.135,102.0,0.7,10,270,17,low,5.7,0.0
54.7,0.8,1,1,0,3,3.0,0.173,1117.0,0.35,11,145,23,low,4.2,1.1
6.5,4.9,0,0,1,0,85.6,0.292,688.0,0.6,5,210,14,low,4.5,0.1
54.2,63.0,1,1,5,2,100.0,1.0,1041.0,0.3,7,200,53,medium,8.3,4.2
68.6,64.2,1,1,13,0,100.0,1.0,1041.0,0.3,8,200,62,high,8.4,4.2
67.9,9.7,1,1,0,2,15.5,0.05,578.0,0.45,3,168,25,low,5.0,1.5
11.6,1.0,0,0,0,0,14.3,0.02,35.0,0.85,3,550,6,low,11.5,0.1
43.5,1.1,1,0,8,0,30.7,1.0,750.0,0.5,8,340,23,low,9.8,2.7
34.3,5.6,0,0,4,1,26.7,1.0,775.0,0.5,4,245,17,low,5.3,0.1
44.8,7.6,1,1,4,2,48.4,0.773,961.0,0.35,5,390,39,medium,11.6,3.5
17.9,4.2,0,0,0,2,15.2,0.022,202.0,0.7,3,330,10,low,7.0,0.1
64.3,1.1,2,2,0,1,6.1,0.164,870.0,0.45,12,310,31,medium,20.8,14.3
22.7,7.9,0,0,3,2,97.2,0.156,40.0,0.75,4,310,22,low,6.7,0.3
70.6,3.0,1,1,0,0,6.4,0.172,1041.0,0.3,3,200,16,low,5.8,1.6
28.1,1.2,0,0,5,0,100.0,0.515,688.0,0.6,6,210,20,low,4.4,0.0
53.6,2.2,2,2,3,2,37.6,1.0,870.0,0.45,5,310,37,medium,20.9,14.4
28.3,3.4,0,0,1,3,12.8,0.033,802.0,0.6,1,270,15,low,5.7,0.1
37.0,14.6,0,0,7,1,38.8,1.0,750.0,0.5,9,340,28,low,7.6,0.6
69.1,0.3,1,1,1,2,7.0,0.101,961.0,0.35,2,390,29,low,11.2,3.0
27.3,8.0,1,0,0,0,13.9,0.036,515.0,0.65,2,190,17,low,5.7,1.7
49.8,29.8,1,0,0,0,20.8,0.07,488.0,0.55,3,140,20,low,4.7,1.8
46.1,6.2,2,0,7,3,89.8,0.577,470.0,0.55,6,215,36,medium,14.8,10.3
27.4,14.5,0,0,4,1,100.0,0.177,202.0,0.7,10,330,23,low,7.4,0.5
23.3,0.3,0,0,0,3,14.1,0.02,102.0,0.7,1,270,10,low,5.6,0.0
34.0,0.8,1,1,0,1,13.2,0.041,578.0,0.45,11,168,17,low,4.8,1.3
28.9,9.1,1,0,0,3,14.2,0.037,515.0,0.65,2,190,17,low,5.7,1.7
65.2,1.1,0,0,0,0,4.1,0.144,1438.0,0.4,2,85,11,low,1.8,0.0
75.6,1.7,1,1,0,0,7.2,0.104,961.0,0.35,1,390,23,low,11.2,3.1
59.2,1.8,1,1,0,0,3.1,0.178,1117.0,0.35,12,145,21,low,4.2,1.2
21.9,12.5,0,1,9,0,100.0,0.328,790.0,0.55,7,98,29,low,2.2,0.1
44.5,4.8,0,0,1,0,14.3,0.045,408.0,0.6,3,240,10,low,5.1,0.1
30.4,3.4,0,0,1,0,3.2,0.185,750.0,0.5,3,340,12,low,7.2,0.1
30.9,5.4,0,0,0,0,14.4,0.045,688.0,0.6,11,210,6,low,4.5,0.1
9.6,6.2,0,1,13,0,90.0,0.578,115.0,0.75,9,195,35,medium,4.2,0.1
32.4,1.3,0,0,1,1,8.2,0.041,797.0,0.4,3,74,7,low,1.6,0.0
32.0,4.4,1,1,1,1,98.0,0.072,574.0,0.55,4,380,27,low,11.1,3.2
37.6,5.6,0,0,8,1,100.0,0.285,790.0,0.55,7,98,29,low,2.1,0.1
44.6,10.8,0,0,10,2,100.0,1.0,215.0,0.75,6,280,46,medium,6.2,0.3
45.0,33.6,0,0,2,0,80.3,0.479,797.0,0.4,5,74,24,low,1.9,0.3
70.1,14.1,1,1,1,0,46.2,1.0,1041.0,0.3,10,200,28,low,6.1,2.0
51.8,0.8,1,1,1,2,6.1,0.163,550.0,0.5,1,110,22,low,3.2,0.9
14.8,18.6,0,0,9,2,96.1,1.0,422.0,0.65,9,485,33,medium,11.1,1.0
32.4,1.2,1,0,0,0,13.3,0.041,488.0,0.55,3,140,13,low,4.0,1.1
43.4,7.2,0,0,3,1,89.2,0.306,688.0,0.6,5,210,18,low,4.5,0.2
36.8,4.8,1,0,1,1,92.0,0.146,502.0,0.6,4,270,26,low,7.9,2.3
67.4,21.6,1,0,6,3,100.0,0.77,797.0,0.4,6,74,52,medium,2.4,0.8
39.4,3.2,0,0,0,0,12.8,0.032,802.0,0.6,3,270,5,low,5.7,0.1
73.9,0.5,1,1,1,1,6.1,0.162,1041.0,0.3,12,200,20,low,5.7,1.6
32.7,0.2,0,0,0,2,14.1,0.02,790.0,0.55,12,98,10,low,2.0,0.0
7.5,0.1,0,0,8,3,72.1,0.195,115.0,0.75,10,195,27,low,4.1,0.0
19.6,12.1,0,0,11,1,100.0,1.0,215.0,0.75,9,280,32,medium,6.2,0.4
36.9,0.4,0,0,0,0,14.1,0.02,202.0,0.7,1,330,4,low,6.9,0.0
45.6,1.1,1,0,0,1,13.3,0.041,488.0,0.55,1,140,18,low,4.0,1.1
0.0,3.8,0,0,5,1,100.0,0.274,68.0,0.85,6,175,15,low,3.7,0.1
56.9,10.1,1,1,4,3,100.0,0.47,515.0,0.65,6,190,46,medium,5.7,1.8
72.3,0.5,1,1,0,0,6.1,0.162,1041.0,0.3,1,200,17,low,5.7,1.6
15.9,1.0,0,0,0,2,12.2,0.031,115.0,0.75,2,195,10,low,4.1,0.0
56.0,3.7,1,0,0,0,4.3,0.153,1238.0,0.35,2,190,15,low,5.5,1.6
43.2,0.7,1,0,2,0,48.6,0.264,470.0,0.55,10,215,21,low,6.2,1.7
61.4,14.6,2,2,9,0,77.5,1.0,870.0,0.45,6,310,44,medium,22.3,15.8
77.5,0.2,1,1,2,3,3.0,0.171,1117.0,0.35,11,145,30,low,4.1,1.1
74.3,3.6,1,1,0,2,6.4,0.174,1041.0,0.3,3,200,24,low,5.8,1.7
36.7,1.5,0,0,7,1,24.7,0.944,775.0,0.5,4,245,20,low,5.1,0.0
32.5,10.9,0,0,8,2,100.0,0.477,802.0,0.6,7,270,31,medium,5.9,0.3
50.1,1.7,1,0,0,2,12.4,0.031,515.0,0.65,3,190,15,low,5.5,1.5
29.2,2.5,1,0,3,0,50.4,0.276,470.0,0.55,10,215,15,low,6.2,1.7
96.7,19.0,1,1,3,0,49.7,1.0,1041.0,0.3,10,200,40,medium,6.3,2.1
12.3,21.2,0,1,5,2,100.0,0.382,35.0,0.85,8,550,31,medium,12.8,1.4
58.1,17.1,0,0,6,0,100.0,0.713,688.0,0.6,6,210,35,medium,4.8,0.4
23.2,0.4,0,0,0,1,14.1,0.02,202.0,0.7,12,330,5,low,6.9,0.0
43.5,0.8,0,0,9,1,40.7,1.0,1438.0,0.4,8,85,34,medium,1.8,0.0
14.3,17.1,1,0,14,0,100.0,0.357,102.0,0.7,6,270,33,medium,8.4,2.8
35.9,3.2,0,0,0,0,14.9,0.022,68.0,0.85,1,175,0,low,3.7,0.1
29.8,0.2,0,0,1,2,8.0,0.04,115.0,0.75,3,195,19,low,4.1,0.0
30.6,25.9,1,1,7,1,100.0,1.0,215.0,0.75,7,280,39,medium,9.2,3.4
28.6,1.7,0,0,8,1,43.4,0.677,422.0,0.65,10,485,26,low,10.2,0.1
25.2,9.6,1,0,0,1,15.5,0.05,488.0,0.55,3,140,16,low,4.2,1.3
0.0,4.9,0,0,6,0,92.2,0.146,40.0,0.75,5,310,18,low,6.6,0.2
13.3,3.6,0,0,1,0,13.9,0.044,20.0,0.8,2,320,4,low,6.8,0.1
35.4,2.6,1,0,8,0,100.0,0.4,762.0,0.55,7,265,31,medium,7.7,2.2
34.0,0.2,0,0,9,2,100.0,0.251,202.0,0.7,6,330,36,medium,6.9,0.0
48.7,0.4,0,0,1,0,7.1,0.101,422.0,0.65,12,485,10,low,10.1,0.0
49.3,3.5,1,0,3,2,77.1,0.212,762.0,0.55,10,265,23,low,7.7,2.2
29.9,3.5,1,0,0,0,12.8,0.033,762.0,0.55,1,265,14,low,7.7,2.2
35.8,5.3,0,0,4,1,86.3,0.294,408.0,0.6,4,240,16,low,5.1,0.1
4.0,3.9,0,0,0,0,14.0,0.044,20.0,0.8,11,320,7,low,6.8,0.1
33.3,6.2,0,0,1,0,14.6,0.046,688.0,0.6,2,210,10,low,4.5,0.1
23.1,21.5,0,0,0,0,14.3,0.123,215.0,0.75,3,280,7,low,6.5,0.7
8.7,11.4,0,0,8,3,100.0,0.321,68.0,0.85,7,175,30,low,3.9,0.2
24.5,19.2,0,0,5,0,58.1,0.962,422.0,0.65,4,485,22,low,11.2,1.1
29.0,0.8,0,0,2,1,13.2,0.041,408.0,0.6,3,240,10,low,5.0,0.0
3.1,26.7,0,0,7,1,100.0,0.417,202.0,0.7,8,330,28,low,7.9,1.1
40.2,4.5,1,0,6,2,87.2,0.556,470.0,0.55,8,215,34,medium,6.3,1.8
24.3,1.5,0,0,1,1,14.4,0.021,202.0,0.7,11,330,10,low,6.9,0.1
28.0,6.4,1,0,14,1,100.0,0.435,802.0,0.6,6,270,39,medium,8.0,2.3
38.7,6.2,0,0,0,0,3.4,0.196,750.0,0.5,1,340,11,low,7.3,0.2
78.2,31.6,1,1,4,0,68.5,1.0,961.0,0.35,5,390,45,medium,13.2,5.1
64.8,2.9,1,1,5,0,38.1,1.0,550.0,0.5,10,110,34,medium,3.2,0.9
4.1,1.2,0,0,0,1,14.3,0.021,35.0,0.85,2,550,9,low,11.5,0.1
31.1,3.8,0,0,3,0,51.6,0.284,115.0,0.75,10,195,7,low,4.1,0.1
54.9,11.6,1,0,10,1,100.0,0.322,502.0,0.6,7,270,43,medium,8.2,2.6
29.1,1.0,0,0,3,2,42.8,0.666,422.0,0.65,10,485,18,low,10.2,0.1
11.8,1.3,0,0,4,0,43.1,0.671,422.0,0.65,5,485,9,low,10.2,0.1
22.2,39.3,0,0,9,2,100.0,0.496,40.0,0.75,9,310,44,medium,8.0,1.6
16.8,1.0,0,0,0,3,12.2,0.031,115.0,0.75,2,195,11,low,4.1,0.0
49.7,1.5,0,0,2,3,3.1,0.176,750.0,0.5,3,340,26,low,7.1,0.1
39.9,11.3,1,0,4,2,88.3,0.25,762.0,0.55,4,265,34,medium,8.0,2.5
39.2,0.2,1,0,0,1,12.0,0.03,515.0,0.65,1,190,14,low,5.4,1.5
49.1,11.3,1,1,6,3,22.1,1.0,1117.0,0.35,4,145,43,medium,4.4,1.4
18.4,5.1,0,0,3,0,79.4,0.22,115.0,0.75,10,195,14,low,4.2,0.1
11.9,4.0,0,0,0,0,15.1,0.022,102.0,0.7,2,270,2,low,5.7,0.1
42.1,14.0,1,0,3,1,100.0,0.674,470.0,0.55,9,215,23,low,6.6,2.1
52.4,1.1,1,1,1,2,7.2,0.103,961.0,0.35,1,390,20,low,11.2,3.1
32.2,9.0,1,1,9,0,100.0,0.153,574.0,0.55,7,380,38,medium,11.4,3.5
10.7,2.1,0,0,0,1,14.6,0.021,35.0,0.85,2,550,1,low,11.6,0.1
16.2,29.3,0,0,4,2,100.0,0.225,35.0,0.85,5,550,28,low,13.4,2.0
48.6,19.3,0,1,7,2,55.5,1.0,775.0,0.5,7,245,37,medium,5.7,0.5
21.8,2.5,0,0,0,0,7.3,0.106,422.0,0.65,1,485,5,low,10.2,0.1
50.6,0.9,1,0,1,1,8.2,0.041,470.0,0.55,3,215,20,low,6.2,1.7
24.7,4.6,1,0,1,0,8.7,0.045,470.0,0.55,1,215,11,low,6.3,1.8
68.1,1.3,0,0,1,0,4.1,0.145,1438.0,0.4,12,85,11,low,1.8,0.0
23.1,2.5,0,0,8,2,44.1,0.69,422.0,0.65,5,485,30,low,10.2,0.1
37.2,38.4,1,0,8,1,100.0,0.49,790.0,0.55,6,98,45,medium,3.5,1.4
42.0,5.9,2,1,8,2,67.1,1.0,550.0,0.5,8,110,49,medium,7.6,5.3
49.7,2.9,1,0,1,0,13.8,0.043,488.0,0.55,3,140,12,low,4.1,1.1
22.2,16.0,0,0,8,1,39.6,1.0,750.0,0.5,6,340,31,medium,7.7,0.6
25.8,6.0,0,0,1,1,94.1,0.15,202.0,0.7,4,330,16,low,7.1,0.2
25.1,0.3,0,0,0,1,8.0,0.04,115.0,0.75,12,195,1,low,4.1,0.0
27.3,17.7,2,1,5,2,100.0,0.18,574.0,0.55,6,380,40,medium,27.8,19.9
27.4,1.9,1,0,0,0,12.5,0.031,762.0,0.55,2,265,12,low,7.6,2.1
33.4,25.1,1,0,10,3,100.0,1.0,250.0,0.6,7,230,51,medium,7.5,2.7
24.4,0.0,0,0,1,0,14.0,0.02,790.0,0.55,3,98,8,low,2.0,0.0
44.0,1.1,1,1,0,0,13.3,0.041,578.0,0.45,1,168,15,low,4.8,1.3
52.8,0.6,1,1,0,3,7.1,0.101,961.0,0.35,1,390,28,low,11.2,3.1
36.4,3.2,1,1,5,0,83.0,0.281,578.0,0.45,5,168,29,low,4.9,1.4
61.5,18.9,1,1,12,3,96.4,1.0,961.0,0.35,9,390,62,high,12.3,4.2
30.1,8.6,0,0,3,0,98.4,0.158,790.0,0.55,4,98,16,low,2.1,0.1
41.2,0.2,0,0,0,3,3.0,0.171,750.0,0.5,3,340,7,low,7.1,0.0
35.9,2.8,0,0,5,1,44.4,0.696,422.0,0.65,10,485,18,low,10.2,0.1
44.0,2.6,0,0,0,2,4.2,0.149,775.0,0.5,3,245,13,low,5.2,0.1
15.1,0.4,0,0,0,2,13.1,0.04,20.0,0.8,12,320,6,low,6.7,0.0
43.4,1.0,0,0,5,0,85.7,0.133,202.0,0.7,5,330,27,low,6.9,0.0
22.3,4.2,1,0,2,2,15.2,0.022,502.0,0.6,3,270,15,low,7.9,2.3
43.8,1.1,0,0,6,1,79.7,0.267,408.0,0.6,4,240,23,low,5.0,0.0
54.3,22.9,0,0,1,1,100.0,0.409,408.0,0.6,5,240,24,low,5.6,0.6
27.2,1.0,1,0,0,2,10.2,0.082,250.0,0.6,1,230,12,low,6.6,1.8
6.1,3.1,1,0,11,2,100.0,0.269,68.0,0.85,8,175,33,medium,5.1,1.4
15.6,6.9,0,0,6,0,95.5,0.152,68.0,0.85,4,175,18,low,3.8,0.1
56.1,0.5,2,2,1,3,6.1,0.162,870.0,0.45,12,310,31,medium,20.7,14.3
48.6,4.9,2,1,8,3,65.9,1.0,550.0,0.5,7,110,44,medium,7.5,5.2
55.2,7.2,1,1,3,0,48.1,0.768,961.0,0.35,5,390,25,low,11.6,3.4
51.4,0.1,2,2,1,1,6.0,0.16,870.0,0.45,11,310,29,low,20.7,14.2
37.2,1.1,1,0,4,0,49.1,0.267,470.0,0.55,10,215,25,low,6.2,1.7
36.5,2.9,1,0,0,3,10.6,0.086,250.0,0.6,11,230,20,low,6.7,1.9
52.4,8.1,1,0,5,2,46.5,1.0,1238.0,0.35,9,190,34,medium,5.7,1.7
51.1,2.7,2,2,0,0,6.3,0.171,870.0,0.45,11,310,25,low,21.0,14.5
18.1,0.4,0,0,7,2,100.0,0.253,102.0,0.7,6,270,24,low,5.6,0.0
37.0,5.0,1,1,4,1,39.6,1.0,550.0,0.5,5,110,29,low,3.2,0.9
68.5,10.3,2,2,2,0,43.4,1.0,870.0,0.45,4,310,40,medium,21.8,15.3
49.7,0.1,0,0,0,2,13.0,0.04,688.0,0.6,1,210,11,low,4.4,0.0
47.2,1.0,1,0,1,0,8.2,0.041,470.0,0.55,11,215,16,low,6.2,1.7
36.6,0.7,1,0,1,0,12.2,0.031,515.0,0.65,12,190,9,low,5.4,1.5
6.8,11.4,0,0,1,0,73.7,0.669,215.0,0.75,5,280,14,low,6.2,0.4
22.2,12.0,1,0,13,0,99.2,0.65,115.0,0.75,7,195,41,medium,5.9,1.9
55.4,10.3,2,1,7,1,100.0,0.629,578.0,0.45,6,168,48,medium,11.8,8.3
16.0,0.5,0,0,0,0,7.1,0.101,422.0,0.65,11,485,3,low,10.1,0.0
66.9,3.9,2,2,1,2,6.5,0.176,870.0,0.45,3,310,35,medium,21.1,14.6
30.0,2.5,0,0,1,0,75.5,0.207,802.0,0.6,5,270,14,low,5.7,0.1
38.0,1.3,1,0,1,0,12.3,0.031,515.0,0.65,12,190,18,low,5.5,1.5
45.3,0.0,0,0,0,2,12.0,0.03,802.0,0.6,11,270,8,low,5.6,0.0
30.4,2.8,0,0,3,0,88.7,0.139,202.0,0.7,4,330,18,low,7.0,0.1
55.5,3.5,2,2,7,1,64.2,1.0,870.0,0.45,7,310,46,medium,21.0,14.6
10.5,6.6,0,0,5,0,88.4,0.303,20.0,0.8,10,320,18,low,6.9,0.2
57.1,12.4,0,1,9,2,100.0,0.327,594.0,0.5,8,440,38,medium,9.8,0.6
14.5,5.8,0,1,9,2,100.0,0.286,102.0,0.7,8,270,31,medium,5.8,0.2
53.9,18.7,0,0,11,0,100.0,0.734,797.0,0.4,9,74,43,medium,1.7,0.2
33.1,4.8,0,0,0,3,13.2,0.034,115.0,0.75,3,195,16,low,4.2,0.1
72.2,17.8,0,0,6,3,54.2,1.0,1438.0,0.4,7,85,39,medium,1.9,0.2
59.6,4.9,1,1,3,0,7.7,0.112,961.0,0.35,3,390,24,low,11.4,3.3
28.6,1.3,0,0,1,1,12.3,0.031,802.0,0.6,2,270,10,low,5.7,0.0
36.1,19.4,0,1,6,0,100.0,0.557,802.0,0.6,6,270,38,medium,6.2,0.6
45.7,33.8,1,1,2,2,60.4,1.0,550.0,0.5,4,110,44,medium,3.8,1.5
29.1,12.3,1,0,3,2,89.7,0.255,762.0,0.55,10,265,28,low,8.1,2.5
32.0,0.3,0,0,0,0,10.1,0.081,215.0,0.75,2,280,2,low,5.8,0.0
74.2,1.5,1,1,0,1,3.1,0.177,1117.0,0.35,11,145,20,low,4.2,1.2
40.3,57.5,2,1,9,0,64.5,1.0,1117.0,0.35,8,145,57,medium,13.6,10.5
56.1,2.0,1,1,0,0,13.5,0.042,578.0,0.45,12,168,21,low,4.8,1.3
12.9,3.2,0,0,2,2,100.0,0.27,68.0,0.85,6,175,18,low,3.7,0.1
39.9,0.2,0,0,1,0,14.1,0.02,790.0,0.55,11,98,7,low,2.0,0.0
22.2,22.4,0,0,3,1,100.0,0.406,688.0,0.6,4,210,23,low,4.9,0.6
30.0,9.9,0,0,5,0,28.7,1.0,775.0,0.5,5,245,19,low,5.4,0.3
34.9,3.5,0,0,7,0,85.6,0.544,797.0,0.4,9,74,26,low,1.6,0.0
23.6,13.9,0,0,5,3,100.0,0.175,40.0,0.75,5,310,31,medium,6.9,0.5
79.6,0.1,1,1,1,1,7.0,0.1,961.0,0.35,12,390,26,low,11.1,3.0
28.3,15.3,1,1,9,2,100.0,0.173,574.0,0.55,6,380,40,medium,11.8,3.8
37.9,7.4,1,0,8,1,100.0,0.444,515.0,0.65,6,190,38,medium,5.6,1.7
41.3,11.0,1,1,0,3,15.9,0.051,578.0,0.45,3,168,33,medium,5.1,1.6
50.1,2.3,1,0,3,0,8.4,0.042,470.0,0.55,1,215,19,low,6.2,1.7
36.6,0.1,1,0,2,2,72.1,0.195,515.0,0.65,4,190,24,low,5.4,1.5
25.6,14.0,1,0,2,0,12.8,0.108,250.0,0.6,3,230,17,low,7.1,2.3
2.4,50.4,1,0,7,1,100.0,0.565,40.0,0.75,7,310,43,medium,11.8,5.4
47.6,2.8,1,0,5,3,88.8,0.139,502.0,0.6,10,270,33,medium,7.8,2.2
0.0,0.3,0,0,1,2,14.1,0.02,35.0,0.85,11,550,8,low,11.5,0.0
38.7,2.0,1,0,2,0,14.6,0.021,502.0,0.6,12,270,20,low,7.8,2.2
32.4,13.9,1,0,8,1,38.3,1.0,750.0,0.5,7,340,31,medium,10.4,3.4
12.9,1.5,0,0,6,1,74.2,0.202,115.0,0.75,4,195,16,low,4.1,0.0
15.3,5.2,0,0,4,1,92.7,0.147,68.0,0.85,5,175,18,low,3.7,0.1
4.8,0.1,0,0,1,1,14.0,0.02,35.0,0.85,11,550,3,low,11.5,0.0
42.4,2.1,1,1,10,0,100.0,0.395,515.0,0.65,7,190,34,medium,5.5,1.5
36.4,0.5,0,1,0,0,84.9,0.132,594.0,0.5,5,440,22,low,9.2,0.0
13.3,16.6,0,1,12,0,100.0,0.354,35.0,0.85,8,550,30,low,12.5,1.0
9.2,4.3,1,0,9,1,100.0,0.554,20.0,0.8,9,320,35,medium,9.3,2.7
32.6,1.7,0,0,3,0,49.6,0.271,115.0,0.75,5,195,5,low,4.1,0.0
23.4,11.3,0,0,6,1,73.6,0.667,215.0,0.75,4,280,29,low,6.2,0.4
29.0,16.4,0,1,8,0,93.0,1.0,422.0,0.65,6,485,32,medium,11.0,0.9
15.2,0.5,0,0,0,2,14.1,0.02,202.0,0.7,2,330,5,low,6.9,0.0
22.1,0.2,0,0,2,3,10.0,0.08,215.0,0.75,3,280,15,low,5.8,0.0
34.3,8.2,1,0,1,2,11.6,0.096,250.0,0.6,2,230,17,low,6.9,2.1
14.3,1.2,0,0,4,1,86.0,0.134,35.0,0.85,5,550,11,low,11.5,0.1
80.6,16.4,1,1,3,0,55.8,0.917,961.0,0.35,5,390,38,medium,12.1,4.0
37.7,4.3,1,0,1,2,15.2,0.022,502.0,0.6,2,270,22,low,7.9,2.3
24.7,4.0,0,0,3,0,90.8,0.143,40.0,0.75,5,310,14,low,6.6,0.1
74.4,129.5,2,1,4,0,100.0,1.0,1041.0,0.3,7,200,60,medium,37.9,33.7
15.4,3.7,0,0,0,2,15.0,0.022,40.0,0.75,1,310,17,low,6.6,0.1
54.0,20.7,1,0,5,1,100.0,0.569,762.0,0.55,6,265,41,medium,8.4,2.9
48.6,0.1,1,1,1,0,6.0,0.16,550.0,0.5,12,110,17,low,3.1,0.9
68.6,2.5,0,0,0,0,4.2,0.149,1438.0,0.4,3,85,13,low,1.8,0.0
19.9,45.7,1,1,4,1,100.0,1.0,470.0,0.55,8,215,38,medium,8.0,3.5
28.7,7.1,0,0,9,2,80.0,1.0,422.0,0.65,7,485,33,medium,10.5,0.4
48.2,1.2,0,1,1,1,14.3,0.021,594.0,0.5,3,440,16,low,9.2,0.1
41.3,2.9,1,0,0,0,14.8,0.021,502.0,0.6,3,270,18,low,7.8,2.2
21.9,3.6,0,0,2,1,45.0,0.709,422.0,0.65,10,485,17,low,10.3,0.2
28.7,2.7,0,0,5,0,75.9,0.208,802.0,0.6,10,270,15,low,5.7,0.1
27.7,10.2,0,0,4,0,28.9,1.0,775.0,0.5,10,245,20,low,5.4,0.3
28.9,22.8,1,0,9,0,100.0,0.589,515.0,0.65,8,190,37,medium,6.1,2.2
14.6,1.9,0,0,5,1,83.0,0.523,115.0,0.75,8,195,24,low,4.1,0.0
82.6,2.3,1,1,0,2,6.3,0.169,1041.0,0.3,1,200,22,low,5.8,1.6
41.6,0.7,1,1,1,1,15.2,0.01,574.0,0.55,12,380,22,low,10.9,3.0
42.0,3.7,1,0,2,2,14.0,0.044,488.0,0.55,11,140,17,low,4.1,1.2
47.5,35.3,2,1,12,2,100.0,0.235,574.0,0.55,9,380,56,medium,30.8,22.8
54.6,0.3,1,1,0,2,3.0,0.171,1117.0,0.35,11,145,20,low,4.1,1.1
37.1,15.5,1,0,9,2,91.8,1.0,422.0,0.65,6,485,38,medium,15.0,4.9
41.7,5.1,0,0,5,2,100.0,0.422,115.0,0.75,9,195,25,low,4.2,0.1
9.2,4.3,0,0,0,3,15.2,0.022,68.0,0.85,11,175,17,low,3.7,0.1
32.6,15.4,1,0,16,3,100.0,1.0,250.0,0.6,8,230,43,medium,7.1,2.3
18.7,13.9,0,0,10,1,100.0,0.337,102.0,0.7,8,270,29,low,6.0,0.4
39.8,0.9,1,1,0,1,6.1,0.163,550.0,0.5,1,110,23,low,3.2,0.9
25.3,5.8,0,0,3,0,89.3,0.572,797.0,0.4,7,74,17,low,1.6,0.0
42.7,2.2,0,0,1,1,18.8,1.0,750.0,0.5,10,340,18,low,7.2,0.1
22.2,24.0,1,0,3,3,100.0,1.0,215.0,0.75,8,280,37,medium,9.1,3.3
43.8,1.5,0,0,0,1,14.4,0.021,790.0,0.55,2,98,8,low,2.1,0.0
33.4,4.3,1,0,12,3,100.0,0.277,40.0,0.75,9,310,43,medium,9.1,2.6
62.1,1.4,2,2,7,2,61.7,1.0,870.0,0.45,9,310,52,medium,20.8,14.4
53.5,1.8,1,1,11,0,72.6,1.0,961.0,0.35,6,390,49,medium,11.2,3.1
31.8,47.3,1,0,4,2,100.0,1.0,488.0,0.55,8,140,44,medium,5.2,2.3
38.9,0.4,0,0,1,1,7.1,0.101,422.0,0.65,12,485,12,low,10.1,0.0
51.3,1.0,0,0,0,0,3.1,0.174,750.0,0.5,2,340,10,low,7.1,0.0
43.0,1.2,1,0,1,0,13.3,0.041,488.0,0.55,1,140,13,low,4.0,1.1
81.5,7.3,2,0,10,2,68.7,1.0,1197.0,0.3,9,180,59,medium,12.5,8.7
1.1,1.1,0,0,2,1,14.3,0.021,40.0,0.75,3,310,6,low,6.5,0.0
25.9,4.9,0,0,2,0,8.8,0.045,115.0,0.75,2,195,5,low,4.2,0.1
40.6,4.7,1,1,5,0,85.3,0.291,578.0,0.45,4,168,30,low,4.9,1.4
23.9,7.6,1,0,7,1,55.3,0.31,470.0,0.55,4,215,24,low,6.4,1.9
38.2,0.5,1,1,0,0,13.1,0.041,578.0,0.45,12,168,17,low,4.8,1.3
19.3,2.3,0,0,1,3,8.4,0.042,115.0,0.75,1,195,14,low,4.1,0.0
52.8,12.8,0,1,13,2,100.0,0.33,594.0,0.5,8,440,43,medium,9.8,0.6
20.9,0.3,1,0,1,3,10.1,0.081,250.0,0.6,3,230,25,low,6.6,1.8
2.9,0.0,1,0,5,2,100.0,0.25,68.0,0.85,9,175,26,low,5.0,1.4
64.5,5.4,1,1,4,1,20.0,1.0,1117.0,0.35,10,145,34,medium,4.3,1.2
28.2,2.0,1,0,0,1,10.4,0.084,250.0,0.6,3,230,18,low,6.6,1.8
43.1,0.1,0,0,1,2,12.0,0.03,802.0,0.6,12,270,11,low,5.6,0.0
11.6,77.3,0,0,5,2,100.0,0.733,35.0,0.85,7,550,44,medium,18.7,7.2
87.7,14.5,1,1,7,1,77.4,1.0,1041.0,0.3,9,200,50,medium,6.2,2.0
28.0,11.0,0,0,5,0,95.1,0.331,688.0,0.6,5,210,24,low,4.6,0.3
43.5,29.5,0,0,5,1,38.1,1.0,1438.0,0.4,5,85,34,medium,2.1,0.3
33.4,0.8,1,0,1,1,12.2,0.031,515.0,0.65,3,190,13,low,5.4,1.5
6.5,14.0,1,0,3,2,76.7,0.701,250.0,0.6,5,230,32,medium,7.1,2.3
89.1,1.0,1,1,1,2,6.1,0.164,1041.0,0.3,12,200,25,low,5.7,1.6
23.1,15.3,0,0,2,0,100.0,0.359,408.0,0.6,4,240,20,low,5.4,0.4
83.8,0.6,1,0,1,0,6.1,0.163,1197.0,0.3,11,180,18,low,5.2,1.4
22.2,0.6,1,0,1,1,12.1,0.03,515.0,0.65,12,190,16,low,5.4,1.5
29.1,2.9,1,1,10,2,100.0,0.402,802.0,0.6,9,270,45,medium,7.8,2.2
55.0,8.2,0,1,6,2,100.0,0.301,594.0,0.5,6,440,32,medium,9.6,0.4
17.4,0.7,0,0,1,2,8.1,0.041,115.0,0.75,11,195,8,low,4.1,0.0
80.2,3.9,1,0,8,2,64.7,1.0,1197.0,0.3,7,180,45,medium,5.2,1.5
34.1,0.6,0,0,7,2,100.0,0.254,790.0,0.55,7,98,33,medium,2.0,0.0
49.6,9.9,1,1,4,2,93.5,0.325,578.0,0.45,5,168,39,medium,5.1,1.6
45.2,26.2,1,0,3,1,100.0,0.323,762.0,0.55,5,265,37,medium,8.7,3.2
32.3,0.6,0,0,1,1,12.1,0.03,115.0,0.75,1,195,11,low,4.1,0.0
70.0,11.6,1,0,3,2,44.4,1.0,1197.0,0.3,4,180,34,medium,5.5,1.7
0.0,1.3,0,0,8,0,100.0,0.258,40.0,0.75,6,310,20,low,6.5,0.0
56.0,0.8,1,0,1,1,13.2,0.041,488.0,0.55,12,140,13,low,4.0,1.1
56.0,0.7,0,0,4,1,48.6,0.264,797.0,0.4,4,74,19,low,1.5,0.0
63.4,0.5,1,0,0,1,6.1,0.162,1197.0,0.3,12,180,17,low,5.2,1.4
61.0,21.4,0,0,4,2,100.0,0.767,797.0,0.4,7,74,37,medium,1.7,0.2
58.7,41.4,1,1,7,2,100.0,1.0,1041.0,0.3,9,200,55,medium,7.2,3.0
38.6,11.9,1,1,5,2,96.5,0.337,578.0,0.45,10,168,39,medium,5.1,1.6
37.4,2.0,0,0,2,3,18.7,1.0,750.0,0.5,4,340,26,low,7.2,0.1
60.5,7.2,1,0,4,1,27.4,1.0,1238.0,0.35,10,190,30,low,5.6,1.7
39.3,0.1,1,1,2,3,13.0,0.04,578.0,0.45,12,168,27,low,4.8,1.3
72.6,52.7,1,0,7,2,100.0,1.0,1197.0,0.3,8,180,60,medium,7.0,3.2
40.6,1.2,0,0,1,2,12.3,0.031,802.0,0.6,3,270,13,low,5.7,0.0
50.6,30.0,0,1,6,1,100.0,0.438,594.0,0.5,7,440,37,medium,10.8,1.6
24.5,5.2,0,0,1,0,14.4,0.045,20.0,0.8,3,320,11,low,6.8,0.2
9.6,5.7,0,0,1,0,14.5,0.046,20.0,0.8,1,320,8,low,6.9,0.2
32.8,0.3,0,0,1,0,12.1,0.03,115.0,0.75,1,195,14,low,4.1,0.0
78.7,8.5,1,1,7,0,42.1,1.0,1041.0,0.3,10,200,40,medium,6.0,1.8
55.9,84.1,2,2,7,2,100.0,1.0,870.0,0.45,8,310,71,high,35.7,29.2
34.4,1.4,0,0,2,0,14.4,0.021,102.0,0.7,12,270,7,low,5.7,0.0
58.9,14.2,1,0,1,1,16.7,0.054,488.0,0.55,3,140,24,low,4.3,1.4
18.4,1.0,1,0,0,1,10.2,0.082,250.0,0.6,3,230,6,low,6.6,1.8
41.2,3.9,1,0,1,0,8.6,0.044,470.0,0.55,2,215,11,low,6.3,1.8
40.4,0.4,0,0,1,0,13.1,0.04,408.0,0.6,11,240,9,low,5.0,0.0
61.2,11.7,1,0,3,0,29.6,1.0,1238.0,0.35,5,190,22,low,5.8,1.8
44.4,12.1,2,1,13,3,100.0,0.163,574.0,0.55,8,380,48,medium,27.0,19.1
9.9,1.0,0,0,2,1,14.3,0.021,68.0,0.85,2,175,1,low,3.7,0.0
44.3,4.3,0,0,4,3,19.5,1.0,750.0,0.5,4,340,28,low,7.2,0.2
51.5,0.5,0,0,0,1,13.1,0.041,688.0,0.6,1,210,15,low,4.4,0.0
88.6,65.4,1,1,6,3,100.0,1.0,1041.0,0.3,7,200,60,medium,8.5,4.3
55.3,5.7,0,0,5,1,53.5,0.297,797.0,0.4,5,74,25,low,1.6,0.0
55.5,0.9,1,0,3,3,6.1,0.164,1197.0,0.3,1,180,27,low,5.2,1.4
56.4,7.0,1,0,5,1,45.6,1.0,1238.0,0.35,9,190,38,medium,5.6,1.7
27.6,3.7,0,0,5,2,90.2,0.142,40.0,0.75,5,310,27,low,6.6,0.1
45.8,2.2,1,1,14,3,100.0,0.527,578.0,0.45,6,168,43,medium,4.9,1.4
30.2,13.0,1,0,7,2,100.0,0.497,762.0,0.55,9,265,39,medium,8.1,2.6
28.5,2.1,0,0,3,1,13.5,0.042,408.0,0.6,11,240,8,low,5.1,0.1
23.9,2.7,0,0,1,1,13.7,0.043,408.0,0.6,11,240,8,low,5.1,0.1
5.0,5.1,0,0,3,1,92.6,0.147,35.0,0.85,4,550,17,low,11.8,0.3
74.2,4.7,1,1,0,2,3.3,0.19,1117.0,0.35,11,145,25,low,4.2,1.2
35.6,2.6,0,0,0,1,14.7,0.021,102.0,0.7,12,270,7,low,5.7,0.1
47.4,18.6,1,0,8,0,100.0,0.366,790.0,0.55,8,98,35,medium,3.1,1.0
5.6,2.7,0,0,0,0,14.7,0.021,102.0,0.7,1,270,1,low,5.7,0.1
0.1,31.5,0,0,8,3,100.0,0.894,20.0,0.8,9,320,33,medium,7.9,1.2
21.8,15.9,0,0,5,2,100.0,0.698,20.0,0.8,7,320,24,low,7.2,0.6
50.2,3.1,1,1,6,2,31.9,1.0,1117.0,0.35,6,145,36,medium,4.2,1.2
11.3,5.3,0,0,0,2,15.5,0.023,68.0,0.85,11,175,10,low,3.7,0.1
36.1,0.8,0,0,0,1,14.2,0.02,102.0,0.7,12,270,7,low,5.6,0.0
35.3,0.9,1,0,6,0,100.0,0.255,102.0,0.7,6,270,28,low,7.7,2.1
53.8,0.9,2,2,7,0,36.6,1.0,870.0,0.45,10,310,40,medium,20.8,14.3
42.3,20.6,1,1,5,2,42.3,1.0,750.0,0.5,7,340,40,medium,10.8,3.7
29.0,8.2,0,0,1,1,8.1,0.12,422.0,0.65,3,485,11,low,10.5,0.4
21.9,0.2,1,0,1,0,12.0,0.03,515.0,0.65,12,190,12,low,5.4,1.5
55.9,1.2,1,0,1,0,6.1,0.165,1197.0,0.3,11,180,15,low,5.2,1.4
57.3,4.4,1,0,0,1,4.3,0.155,1238.0,0.35,1,190,17,low,5.5,1.6
32.9,0.4,0,0,0,0,12.1,0.03,115.0,0.75,2,195,7,low,4.1,0.0
38.9,10.7,1,0,11,0,97.1,0.634,470.0,0.55,9,215,38,medium,6.5,2.0
33.0,1.5,0,0,0,2,13.4,0.042,408.0,0.6,12,240,14,low,5.0,0.0
29.7,6.1,0,0,5,1,26.9,1.0,775.0,0.5,4,245,19,low,5.3,0.2
31.2,1.1,1,0,1,0,10.2,0.082,250.0,0.6,3,230,12,low,6.6,1.8
34.7,9.5,1,0,3,2,92.9,0.322,488.0,0.55,10,140,32,medium,4.2,1.3
56.7,1.8,1,1,1,0,13.5,0.042,578.0,0.45,2,168,19,low,4.8,1.3
41.9,9.5,1,1,4,2,100.0,0.31,502.0,0.6,9,270,32,medium,8.1,2.5
65.6,3.5,1,0,0,0,6.4,0.174,1197.0,0.3,11,180,19,low,5.2,1.5
0.0,25.6,0,0,3,2,100.0,0.213,35.0,0.85,4,550,26,low,13.1,1.7
13.6,25.0,0,0,13,2,100.0,1.0,215.0,0.75,6,280,40,medium,6.7,0.8
43.2,0.1,0,0,0,0,13.0,0.04,688.0,0.6,2,210,4,low,4.4,0.0
1.1,21.2,0,0,2,0,100.0,0.199,102.0,0.7,4,270,14,low,6.3,0.7
26.2,23.3,1,1,7,1,44.0,1.0,750.0,0.5,6,340,41,medium,11.0,3.9
24.1,6.6,0,0,5,1,81.5,0.227,115.0,0.75,10,195,17,low,4.2,0.1
66.6,13.1,1,1,8,1,75.8,1.0,1041.0,0.3,7,200,41,medium,6.1,1.9
48.5,1.2,1,0,0,2,13.3,0.041,488.0,0.55,12,140,17,low,4.0,1.1
72.2,28.6,1,1,2,2,28.3,1.0,1117.0,0.35,5,145,41,medium,4.8,1.8
41.1,3.3,1,0,0,2,12.8,0.032,515.0,0.65,11,190,16,low,5.5,1.6
38.3,7.8,1,0,4,2,80.9,1.0,422.0,0.65,8,485,38,medium,14.4,4.3
42.8,2.0,0,0,10,2,100.0,1.0,215.0,0.75,9,280,38,medium,5.9,0.1
25.2,7.5,0,0,5,2,96.7,0.155,202.0,0.7,5,330,29,low,7.1,0.3
48.3,14.5,1,0,10,2,100.0,0.511,515.0,0.65,9,190,45,medium,5.9,1.9
9.0,1.3,0,0,0,0,14.4,0.021,102.0,0.7,12,270,2,low,5.7,0.0
25.0,4.6,0,0,11,3,100.0,0.279,790.0,0.55,9,98,34,medium,2.1,0.0
44.2,3.1,1,0,6,0,50.9,0.28,470.0,0.55,10,215,28,low,6.2,1.8
21.3,6.6,0,0,5,3,100.0,0.291,40.0,0.75,9,310,24,low,6.7,0.2
39.1,0.4,0,0,0,2,7.1,0.101,422.0,0.65,11,485,11,low,10.1,0.0
53.3,1.1,1,1,3,2,40.8,1.0,1238.0,0.35,7,190,36,medium,5.5,1.5
66.6,2.6,1,0,0,1,6.3,0.17,1197.0,0.3,3,180,24,low,5.2,1.5
38.7,1.3,1,0,0,0,10.3,0.083,250.0,0.6,2,230,13,low,6.6,1.8
47.9,1.5,1,0,0,1,10.3,0.083,250.0,0.6,1,230,20,low,6.6,1.8
59.1,4.0,2,0,5,0,100.0,0.413,762.0,0.55,9,265,34,medium,18.0,12.5
25.4,5.7,0,0,0,2,13.4,0.034,115.0,0.75,12,195,11,low,4.2,0.1
44.2,14.5,0,0,1,0,5.2,0.191,775.0,0.5,1,245,11,low,5.5,0.4
21.3,9.8,0,0,2,0,71.8,0.648,215.0,0.75,4,280,20,low,6.1,0.3
51.0,2.9,1,0,2,0,25.4,0.976,1238.0,0.35,4,190,21,low,5.5,1.6
43.4,12.6,1,0,7,1,100.0,0.658,408.0,0.6,9,240,32,medium,7.3,2.3
18.1,14.0,0,0,6,0,89.5,1.0,422.0,0.65,8,485,28,low,10.9,0.8
60.2,1.6,1,1,0,2,6.2,0.166,1041.0,0.3,2,200,23,low,5.8,1.6
46.3,12.0,1,1,0,2,18.6,0.013,574.0,0.55,11,380,25,low,11.6,3.6
23.6,0.8,0,0,4,1,79.3,0.265,20.0,0.8,10,320,19,low,6.7,0.0
24.3,7.9,1,0,7,1,100.0,0.449,802.0,0.6,7,270,34,medium,8.0,2.4
9.2,4.9,0,0,10,3,100.0,0.281,102.0,0.7,9,270,33,medium,5.8,0.1
36.9,12.6,1,0,10,3,100.0,0.657,488.0,0.55,9,140,43,medium,4.3,1.4
56.0,7.2,1,1,1,3,45.8,1.0,775.0,0.5,8,245,32,medium,7.3,2.2
10.7,3.4,0,0,12,1,100.0,0.271,68.0,0.85,9,175,27,low,3.7,0.1
52.5,0.0,1,0,1,1,13.0,0.04,488.0,0.55,2,140,19,low,4.0,1.1
55.8,3.2,1,1,3,0,38.3,1.0,550.0,0.5,4,110,28,low,3.2,0.9
29.0,93.2,1,1,3,3,100.0,1.0,762.0,0.55,6,265,51,medium,14.2,8.7
37.0,7.6,1,0,11,2,100.0,0.595,488.0,0.55,7,140,40,medium,4.2,1.2
30.4,2.4,0,0,2,1,7.3,0.106,422.0,0.65,11,485,9,low,10.2,0.1
35.9,9.9,0,0,1,0,93.5,0.325,408.0,0.6,10,240,15,low,5.3,0.3
20.3,3.5,0,0,2,0,8.6,0.043,115.0,0.75,1,195,6,low,4.1,0.1
46.1,10.8,1,0,4,1,87.6,0.248,515.0,0.65,10,190,29,low,5.7,1.8
46.6,4.1,1,0,0,1,13.0,0.033,515.0,0.65,11,190,19,low,5.5,1.6
16.0,0.1,0,0,0,0,12.0,0.03,115.0,0.75,1,195,4,low,4.1,0.0
49.2,55.3,0,0,10,2,100.0,0.893,802.0,0.6,9,270,54,medium,7.8,2.1
27.6,0.3,0,0,0,2,14.1,0.02,790.0,0.55,12,98,11,low,2.0,0.0
46.9,4.2,1,0,0,0,6.5,0.177,1197.0,0.3,2,180,18,low,5.3,1.5
31.0,6.8,1,1,10,3,79.5,1.0,422.0,0.65,8,485,42,medium,14.3,4.2
17.8,13.3,0,0,8,2,91.2,0.26,115.0,0.75,10,195,29,low,4.4,0.3
29.7,0.5,0,0,3,1,72.8,0.198,802.0,0.6,10,270,19,low,5.6,0.0
12.7,1.5,0,0,1,2,13.4,0.042,20.0,0.8,3,320,8,low,6.7,0.1
45.5,38.0,0,1,7,0,70.4,1.0,1438.0,0.4,8,85,37,medium,2.2,0.4
51.2,25.6,0,1,11,0,100.0,0.82,797.0,0.4,7,74,37,medium,1.8,0.2
21.7,33.1,2,1,7,3,100.0,0.228,574.0,0.55,9,380,56,medium,30.4,22.4
9.4,1.4,0,0,0,1,14.4,0.021,35.0,0.85,3,550,7,low,11.5,0.1
15.1,1.5,0,0,6,0,100.0,0.26,40.0,0.75,9,310,18,low,6.5,0.0
34.8,0.6,0,0,1,0,7.1,0.101,422.0,0.65,11,485,7,low,10.1,0.0
21.3,1.4,0,0,1,1,14.4,0.021,68.0,0.85,11,175,6,low,3.7,0.0
40.0,101.7,1,1,7,0,100.0,0.443,574.0,0.55,7,380,55,medium,22.1,14.2
55.8,50.7,1,1,7,3,100.0,0.283,574.0,0.55,7,380,48,medium,14.5,6.6
57.9,13.8,1,0,8,2,100.0,0.673,797.0,0.4,6,74,43,medium,2.3,0.7
5.0,9.0,0,0,12,1,100.0,0.306,35.0,0.85,7,550,27,low,12.0,0.5
37.5,1.8,1,0,0,0,13.5,0.042,488.0,0.55,2,140,6,low,4.0,1.1
18.9,23.3,0,0,2,0,70.4,0.412,115.0,0.75,5,195,20,low,4.6,0.5
18.0,5.3,0,0,1,1,92.9,0.147,68.0,0.85,10,175,19,low,3.7,0.1
39.5,2.1,1,1,1,0,15.6,0.011,574.0,0.55,1,380,15,low,11.0,3.1
16.9,0.3,0,0,0,2,13.1,0.04,408.0,0.6,12,240,9,low,5.0,0.0
23.5,3.6,1,0,11,1,85.8,0.545,115.0,0.75,6,195,38,medium,5.7,1.6
16.3,4.8,0,0,5,2,85.5,0.291,20.0,0.8,5,320,21,low,6.8,0.2
52.8,3.4,1,1,7,0,19.2,1.0,1117.0,0.35,10,145,35,medium,4.2,1.2
30.3,0.8,1,1,0,0,6.1,0.163,550.0,0.5,11,110,16,low,3.2,0.9
30.8,39.6,0,1,7,2,100.0,0.995,408.0,0.6,7,240,41,medium,6.2,1.2
30.6,12.5,1,0,3,1,100.0,0.492,802.0,0.6,6,270,24,low,8.2,2.6
46.7,3.5,2,2,4,0,38.6,1.0,870.0,0.45,10,310,34,medium,21.0,14.6
41.6,0.6,1,0,0,0,8.1,0.041,470.0,0.55,12,215,14,low,6.2,1.7
52.3,0.0,0,1,2,0,14.0,0.02,594.0,0.5,12,440,13,low,9.2,0.0
43.5,1.7,1,0,0,0,12.4,0.031,762.0,0.55,2,265,11,low,7.6,2.1
43.2,14.1,1,1,12,2,100.0,0.676,470.0,0.55,6,215,48,medium,6.6,2.1
48.7,1.7,1,0,1,0,14.5,0.021,502.0,0.6,3,270,11,low,7.8,2.2
0.0,0.7,0,0,1,2,14.2,0.02,68.0,0.85,2,175,10,low,3.7,0.0
22.4,3.0,0,0,3,1,44.6,0.699,422.0,0.65,10,485,23,low,10.3,0.2
33.5,8.4,0,0,2,0,98.1,0.157,102.0,0.7,5,270,17,low,5.9,0.2
33.3,20.4,0,0,2,0,100.0,0.196,202.0,0.7,10,330,16,low,7.7,0.8
44.5,96.7,1,1,4,2,100.0,1.0,797.0,0.4,7,74,59,medium,4.1,2.6
36.9,15.8,1,0,1,1,18.4,0.028,502.0,0.6,3,270,19,low,8.4,2.8
42.9,3.0,0,0,1,0,3.2,0.183,750.0,0.5,1,340,14,low,7.2,0.1
55.0,25.5,1,1,5,0,100.0,0.106,574.0,0.55,5,380,44,medium,12.4,4.5
31.4,16.3,2,0,9,2,100.0,1.0,250.0,0.6,9,230,46,medium,16.7,11.9
0.0,28.7,0,0,2,0,100.0,0.429,40.0,0.75,6,310,17,low,7.5,1.1
44.1,1.6,1,0,0,3,12.4,0.031,762.0,0.55,2,265,20,low,7.6,2.1
37.3,16.1,2,0,12,1,100.0,0.701,470.0,0.55,6,215,51,medium,15.6,11.1
57.8,4.0,1,1,4,2,100.0,0.55,578.0,0.45,9,168,34,medium,4.9,1.4
12.8,21.1,0,1,9,3,100.0,0.382,202.0,0.7,9,330,39,medium,7.7,0.8
31.9,26.1,0,0,6,1,60.9,1.0,775.0,0.5,6,245,32,medium,5.9,0.8
55.7,7.0,1,1,8,2,100.0,0.588,578.0,0.45,8,168,45,medium,5.0,1.5
2.2,9.8,0,0,0,1,15.5,0.05,20.0,0.8,3,320,7,low,7.0,0.3
17.7,0.7,0,0,9,1,100.0,0.254,35.0,0.85,9,550,23,low,11.5,0.0
13.3,3.1,0,1,11,3,100.0,0.269,594.0,0.5,9,440,33,medium,9.3,0.1
14.9,0.6,0,0,0,1,13.2,0.041,20.0,0.8,12,320,11,low,6.7,0.0
55.7,1.2,0,0,2,1,49.1,0.268,797.0,0.4,10,74,19,low,1.6,0.0
40.8,36.7,0,0,10,1,100.0,0.959,688.0,0.6,6,210,39,medium,5.4,1.0
64.1,1.3,1,1,4,2,43.1,0.671,961.0,0.35,10,390,37,medium,11.2,3.1
34.9,5.5,0,0,0,0,7.8,0.114,422.0,0.65,2,485,11,low,10.4,0.3
48.6,1.9,0,0,0,2,8.3,0.042,797.0,0.4,11,74,13,low,1.6,0.0
44.5,0.0,1,0,1,2,13.0,0.04,488.0,0.55,11,140,20,low,4.0,1.1
65.8,19.8,1,1,7,2,83.7,1.0,1041.0,0.3,7,200,46,medium,6.3,2.2
35.2,1.1,0,0,1,2,14.3,0.021,68.0,0.85,12,175,16,low,3.7,0.0
51.2,6.6,0,0,3,0,88.3,0.303,688.0,0.6,5,210,17,low,4.5,0.1
60.2,0.8,0,0,0,1,4.1,0.143,1438.0,0.4,2,85,13,low,1.8,0.0
26.7,9.3,1,0,5,1,100.0,0.463,802.0,0.6,8,270,32,medium,8.1,2.5
60.6,11.5,1,1,1,3,7.4,0.206,550.0,0.5,3,110,31,medium,3.3,1.0
51.8,11.4,1,1,11,1,100.0,0.643,578.0,0.45,8,168,42,medium,5.1,1.6
33.2,28.4,0,0,2,0,100.0,0.445,688.0,0.6,5,210,24,low,5.1,0.7
44.7,0.0,1,1,3,2,78.0,0.26,578.0,0.45,4,168,30,low,4.8,1.3
35.1,0.9,0,0,1,2,4.1,0.143,775.0,0.5,3,245,11,low,5.1,0.0
33.9,0.3,0,1,0,1,14.1,0.02,594.0,0.5,2,440,14,low,9.2,0.0
33.8,1.7,0,0,2,0,62.0,0.542,215.0,0.75,10,280,15,low,5.9,0.0
26.0,39.1,0,1,13,1,100.0,0.494,40.0,0.75,8,310,48,medium,8.0,1.6
43.1,24.0,2,1,5,2,88.7,1.0,550.0,0.5,8,110,49,medium,8.3,6.0
10.1,1.7,1,0,6,0,62.1,0.542,250.0,0.6,5,230,24,low,6.6,1.8
46.3,1.7,1,0,0,1,12.4,0.031,515.0,0.65,1,190,17,low,5.5,1.5
52.4,0.7,1,1,12,0,30.4,1.0,1117.0,0.35,8,145,38,medium,4.2,1.1
41.2,28.8,1,1,8,2,63.0,1.0,775.0,0.5,7,245,45,medium,8.2,3.1
64.0,3.0,1,1,0,1,7.4,0.108,961.0,0.35,2,390,24,low,11.3,3.2
80.3,4.0,1,1,9,0,75.6,1.0,961.0,0.35,6,390,44,medium,11.4,3.2
39.3,13.8,1,0,4,1,100.0,0.673,408.0,0.6,7,240,33,medium,7.4,2.4
27.3,1.7,0,0,1,1,13.4,0.042,20.0,0.8,3,320,10,low,6.7,0.1
32.0,6.6,0,0,4,1,88.2,0.303,688.0,0.6,5,210,28,low,4.5,0.1
59.2,1.3,0,0,11,1,41.0,1.0,1438.0,0.4,6,85,30,low,1.8,0.0
12.9,0.7,0,0,1,2,8.1,0.041,115.0,0.75,12,195,14,low,4.1,0.0
65.9,26.3,2,0,8,0,61.0,1.0,1238.0,0.35,7,190,49,medium,14.6,10.6
38.0,2.0,1,0,2,1,74.9,0.205,515.0,0.65,10,190,27,low,5.5,1.5
0.0,0.1,0,0,0,0,14.0,0.02,35.0,0.85,12,550,1,low,11.5,0.0
47.7,1.0,0,1,11,1,100.0,0.512,688.0,0.6,9,210,39,medium,4.4,0.0
17.8,0.2,0,0,1,0,12.1,0.03,115.0,0.75,12,195,0,low,4.1,0.0
21.5,3.9,0,0,0,1,15.1,0.022,68.0,0.85,3,175,11,low,3.7,0.1
36.5,2.4,1,0,0,1,12.6,0.032,515.0,0.65,11,190,14,low,5.5,1.5
67.1,4.1,2,1,8,2,64.9,1.0,1041.0,0.3,8,200,49,medium,13.6,9.4
52.3,17.8,1,0,8,0,100.0,0.361,502.0,0.6,7,270,38,medium,8.5,2.8
34.5,10.1,0,0,4,1,93.8,0.326,408.0,0.6,5,240,24,low,5.3,0.3
9.7,8.8,1,0,11,1,100.0,0.305,35.0,0.85,8,550,35,medium,16.4,5.0
64.4,4.5,1,0,5,3,43.6,1.0,1238.0,0.35,9,190,39,medium,5.6,1.6
37.7,7.2,0,0,0,1,4.6,0.165,775.0,0.5,1,245,10,low,5.3,0.2
24.7,1.8,0,0,0,3,4.1,0.146,775.0,0.5,11,245,12,low,5.1,0.0
53.0,1.4,1,1,1,1,80.2,0.269,578.0,0.45,10,168,28,low,4.8,1.3
26.4,5.2,0,0,3,0,79.4,0.22,802.0,0.6,5,270,15,low,5.8,0.1
38.8,12.9,2,0,8,1,100.0,1.0,250.0,0.6,8,230,45,medium,16.4,11.6
10.6,11.9,0,0,9,1,100.0,0.324,202.0,0.7,7,330,27,low,7.3,0.4
35.2,1.8,0,0,0,1,12.4,0.031,115.0,0.75,3,195,9,low,4.1,0.0
75.2,34.3,0,0,9,2,67.4,1.0,1438.0,0.4,7,85,48,medium,2.1,0.4
8.3,0.2,0,0,0,0,14.1,0.02,102.0,0.7,2,270,2,low,5.6,0.0
43.9,37.0,1,0,7,1,100.0,0.963,488.0,0.55,6,140,44,medium,4.9,2.0
41.7,0.3,1,1,10,1,36.2,1.0,550.0,0.5,10,110,38,medium,3.1,0.9
45.0,13.5,1,1,11,3,76.2,1.0,550.0,0.5,8,110,53,medium,3.4,1.1
42.9,9.5,1,1,4,0,100.0,0.155,574.0,0.55,8,380,34,medium,11.4,3.5
25.3,1.7,0,0,0,2,14.5,0.021,790.0,0.55,3,98,13,low,2.1,0.0
16.4,0.1,0,0,0,2,13.0,0.04,20.0,0.8,12,320,7,low,6.7,0.0
29.5,3.1,0,0,6,0,89.2,0.14,202.0,0.7,4,330,23,low,7.0,0.1
5.8,3.5,0,0,1,0,15.0,0.022,35.0,0.85,2,550,0,low,11.7,0.2
39.0,19.0,0,0,3,2,96.6,1.0,422.0,0.65,9,485,31,medium,11.2,1.1
33.4,2.3,1,1,0,0,15.7,0.011,574.0,0.55,2,380,16,low,11.0,3.1
17.7,6.1,0,0,1,1,13.5,0.035,115.0,0.75,2,195,10,low,4.2,0.1
43.1,26.8,0,0,2,0,73.7,0.434,797.0,0.4,5,74,23,low,1.8,0.2
73.4,32.5,1,0,4,0,99.0,1.0,1197.0,0.3,8,180,41,medium,6.1,2.4
38.8,1.4,1,0,1,0,12.3,0.031,762.0,0.55,1,265,12,low,7.6,2.1
46.5,18.8,0,0,6,1,55.0,1.0,775.0,0.5,6,245,32,medium,5.6,0.5
39.5,5.5,1,1,5,3,66.6,1.0,550.0,0.5,9,110,37,medium,3.2,0.9
45.9,2.8,0,0,6,1,76.1,0.209,802.0,0.6,10,270,25,low,5.7,0.1
60.1,37.4,1,1,4,2,52.5,1.0,1117.0,0.35,9,145,46,medium,5.1,2.1
30.8,38.5,1,0,14,3,70.8,1.0,775.0,0.5,8,245,54,medium,8.7,3.6
33.3,8.8,0,0,2,0,21.2,1.0,750.0,0.5,5,340,14,low,7.4,0.3
15.0,6.5,0,0,0,0,14.7,0.047,20.0,0.8,3,320,5,low,6.9,0.2
8.2,2.5,1,0,5,3,100.0,0.266,68.0,0.85,9,175,26,low,5.1,1.4
26.9,22.9,0,0,6,1,35.0,1.0,775.0,0.5,5,245,25,low,5.8,0.7
4.6,0.5,0,0,1,3,14.1,0.02,68.0,0.85,12,175,10,low,3.7,0.0
36.0,33.5,0,0,2,0,70.1,1.0,422.0,0.65,5,485,20,low,12.1,2.0
60.9,1.5,1,1,1,1,18.5,1.0,1117.0,0.35,5,145,25,low,4.2,1.2
31.1,3.1,0,0,7,1,100.0,0.269,68.0,0.85,9,175,27,low,3.7,0.1
52.3,2.8,1,1,5,2,31.7,1.0,1117.0,0.35,7,145,34,medium,4.2,1.2
35.1,1.3,1,1,7,0,82.1,0.516,797.0,0.4,7,74,29,low,2.1,0.6
26.7,13.6,0,0,9,3,100.0,0.67,688.0,0.6,9,210,35,medium,4.7,0.3
45.2,33.1,1,1,6,1,59.8,1.0,550.0,0.5,5,110,38,medium,3.8,1.5
62.0,59.3,1,1,2,0,100.0,1.0,550.0,0.5,7,110,53,medium,4.5,2.2
69.2,20.7,1,0,7,0,100.0,0.296,515.0,0.65,5,190,39,medium,6.1,2.1
62.1,1.7,1,1,8,1,43.4,0.678,961.0,0.35,10,390,35,medium,11.2,3.1
43.7,1.3,0,0,1,0,61.6,0.537,215.0,0.75,4,280,13,low,5.9,0.0
32.4,0.0,0,0,2,3,12.0,0.03,115.0,0.75,1,195,15,low,4.1,0.0
44.0,5.0,0,0,0,3,15.4,0.023,790.0,0.55,3,98,19,low,2.1,0.1
70.5,11.6,1,0,4,0,44.3,1.0,1197.0,0.3,5,180,28,low,5.5,1.7
36.5,0.4,0,0,0,0,3.0,0.172,750.0,0.5,12,340,5,low,7.1,0.0
31.9,1.8,0,0,1,0,14.5,0.021,202.0,0.7,3,330,5,low,6.9,0.1
39.2,0.5,0,0,8,2,100.0,0.507,408.0,0.6,6,240,31,medium,5.0,0.0
38.6,37.4,1,0,8,2,100.0,1.0,215.0,0.75,6,280,47,medium,9.8,4.0
46.6,11.7,0,0,1,2,4.9,0.181,1438.0,0.4,2,85,15,low,1.9,0.1
20.4,0.4,0,0,0,0,12.1,0.03,115.0,0.75,1,195,1,low,4.1,0.0
41.3,2.4,1,0,0,1,8.4,0.042,470.0,0.55,2,215,18,low,6.2,1.7
15.6,5.2,0,0,3,2,79.5,0.221,802.0,0.6,4,270,19,low,5.8,0.2
12.0,60.1,0,0,6,0,100.0,1.0,20.0,0.8,7,320,32,medium,9.5,2.9
41.3,5.5,0,0,8,1,100.0,0.569,688.0,0.6,7,210,30,low,4.5,0.1
26.0,7.5,0,0,3,1,96.6,0.154,40.0,0.75,4,310,16,low,6.7,0.3
19.4,4.1,0,0,2,1,100.0,0.276,35.0,0.85,9,550,17,low,11.7,0.2
37.1,0.8,0,0,0,3,8.1,0.041,797.0,0.4,11,74,11,low,1.5,0.0
55.3,6.1,1,1,0,1,6.7,0.184,1041.0,0.3,3,200,18,low,5.9,1.7
18.5,0.6,0,0,1,3,14.2,0.02,40.0,0.75,12,310,14,low,6.5,0.0
41.9,1.9,1,1,1,0,15.6,0.01,574.0,0.55,2,380,17,low,11.0,3.0
58.3,18.1,2,2,1,0,49.0,1.0,870.0,0.45,4,310,39,medium,22.7,16.3
33.7,1.1,1,0,0,0,14.3,0.021,502.0,0.6,11,270,16,low,7.8,2.1
31.4,8.9,0,1,1,1,98.9,0.159,594.0,0.5,4,440,23,low,9.6,0.4
58.6,5.5,1,1,0,0,6.7,0.182,1041.0,0.3,1,200,17,low,5.9,1.7
46.9,4.9,1,1,1,0,39.5,1.0,550.0,0.5,10,110,21,low,3.2,0.9
34.1,0.7,0,0,0,3,13.2,0.041,688.0,0.6,1,210,7,low,4.4,0.0
39.3,0.2,0,0,1,1,7.0,0.1,422.0,0.65,12,485,11,low,10.1,0.0
51.9,10.6,1,0,3,0,4.8,0.177,1238.0,0.35,2,190,20,low,5.7,1.8
32.5,7.0,0,0,1,1,11.4,0.094,215.0,0.75,2,280,14,low,6.0,0.2
50.1,0.9,0,0,0,0,4.1,0.143,1438.0,0.4,11,85,11,low,1.8,0.0
34.9,1.6,0,0,0,0,4.1,0.146,775.0,0.5,11,245,7,low,5.1,0.0
9.0,6.8,0,0,1,1,15.9,0.023,35.0,0.85,3,550,8,low,11.9,0.4
83.8,45.8,1,1,11,2,100.0,1.0,1041.0,0.3,9,200,61,high,7.4,3.2
36.1,1.3,0,0,1,0,3.1,0.176,750.0,0.5,12,340,4,low,7.1,0.0
59.6,4.7,0,0,5,1,87.5,0.559,797.0,0.4,6,74,28,low,1.6,0.0
8.1,39.6,0,1,9,2,100.0,0.498,40.0,0.75,8,310,45,medium,8.1,1.6
23.6,14.3,0,0,3,1,77.2,0.706,215.0,0.75,4,280,17,low,6.3,0.5
26.8,25.9,1,1,10,1,60.7,1.0,775.0,0.5,6,245,45,medium,8.0,2.9
26.4,6.7,1,0,0,1,13.6,0.035,762.0,0.55,2,265,21,low,7.8,2.3
35.0,3.7,0,0,5,2,19.3,1.0,750.0,0.5,5,340,19,low,7.2,0.1
51.7,59.7,1,0,9,2,87.8,1.0,1238.0,0.35,8,190,56,medium,7.7,3.8
45.1,0.9,0,0,1,0,8.1,0.041,797.0,0.4,12,74,10,low,1.5,0.0
38.7,9.0,0,0,3,2,99.1,0.159,790.0,0.55,10,98,18,low,2.1,0.1
36.0,17.5,1,0,9,2,100.0,0.719,688.0,0.6,6,210,42,medium,6.6,2.2
48.0,6.2,0,0,5,1,53.9,0.3,797.0,0.4,4,74,25,low,1.6,0.0
24.4,25.1,1,1,3,1,100.0,1.0,215.0,0.75,9,280,35,medium,9.1,3.3
15.6,4.0,0,0,1,0,8.6,0.044,115.0,0.75,11,195,1,low,4.1,0.1
23.1,3.8,1,0,4,0,100.0,0.274,35.0,0.85,9,550,17,low,16.0,4.6
36.5,4.9,1,0,0,2,13.2,0.034,515.0,0.65,3,190,15,low,5.6,1.6
61.8,7.2,1,1,0,1,14.9,0.047,578.0,0.45,2,168,17,low,5.0,1.5
9.7,2.5,0,0,0,1,14.7,0.021,35.0,0.85,1,550,2,low,11.6,0.1
44.4,0.1,0,0,0,1,8.0,0.04,797.0,0.4,11,74,9,low,1.5,0.0
21.2,2.0,0,0,0,0,13.5,0.042,20.0,0.8,1,320,3,low,6.7,0.1
17.7,0.1,0,0,2,3,14.0,0.02,102.0,0.7,1,270,6,low,5.6,0.0
46.5,4.1,0,0,1,1,14.1,0.044,408.0,0.6,11,240,16,low,5.1,0.1
41.6,14.2,0,0,9,0,100.0,0.339,202.0,0.7,8,330,33,medium,7.4,0.5
40.6,63.0,0,0,6,0,100.0,1.0,115.0,0.75,6,195,45,medium,5.9,1.9
43.5,6.3,1,1,2,0,67.5,1.0,550.0,0.5,9,110,32,medium,3.2,1.0
37.0,8.2,2,2,0,3,7.0,0.193,870.0,0.45,2,310,34,medium,21.6,15.1
45.4,6.0,1,1,1,0,16.8,0.011,574.0,0.55,2,380,18,low,11.2,3.3
35.8,14.0,1,0,6,0,100.0,0.676,488.0,0.55,9,140,34,medium,4.3,1.4
38.0,1.7,0,0,5,1,80.6,0.271,688.0,0.6,10,210,22,low,4.4,0.0
36.5,3.6,0,0,5,1,100.0,0.409,802.0,0.6,9,270,21,low,5.7,0.1
24.4,0.7,0,0,0,1,14.2,0.02,35.0,0.85,11,550,8,low,11.5,0.0
79.0,0.2,1,1,0,1,7.0,0.1,961.0,0.35,12,390,22,low,11.2,3.0
4.5,1.9,0,0,0,2,14.5,0.021,35.0,0.85,3,550,5,low,11.6,0.1
29.2,28.8,1,0,6,0,100.0,0.86,470.0,0.55,9,215,37,medium,7.2,2.7
32.4,1.7,1,0,7,2,31.0,1.0,750.0,0.5,6,340,33,medium,9.8,2.7
63.1,104.6,1,1,11,2,100.0,1.0,1041.0,0.3,6,200,68,high,12.0,7.8
76.7,40.6,1,1,0,0,65.2,1.0,1041.0,0.3,10,200,42,medium,7.2,3.0
20.6,8.4,1,0,11,3,100.0,0.605,408.0,0.6,7,240,39,medium,7.2,2.2
27.3,3.3,0,0,3,1,100.0,0.541,20.0,0.8,6,320,20,low,6.8,0.1
28.2,1.4,1,0,0,2,8.2,0.041,470.0,0.55,1,215,14,low,6.2,1.7
66.7,7.9,1,0,2,0,41.7,1.0,1197.0,0.3,10,180,22,low,5.4,1.6
39.3,10.9,1,0,2,0,87.7,0.248,515.0,0.65,5,190,25,low,5.7,1.8
41.1,5.6,1,0,6,2,86.7,0.296,488.0,0.55,4,140,31,medium,4.1,1.2
50.4,0.1,0,0,0,2,14.0,0.02,790.0,0.55,12,98,12,low,2.0,0.0
24.8,9.6,2,0,6,2,100.0,1.0,250.0,0.6,9,230,40,medium,16.1,11.3
16.9,0.1,0,0,1,1,14.0,0.02,35.0,0.85,1,550,6,low,11.5,0.0
3.3,1.5,0,0,0,0,12.4,0.031,115.0,0.75,3,195,0,low,4.1,0.0
42.4,12.2,0,0,5,0,97.0,0.339,688.0,0.6,4,210,26,low,4.7,0.3
65.9,1.9,2,2,0,1,6.2,0.168,870.0,0.45,2,310,30,low,20.9,14.4
12.5,1.2,0,0,1,0,13.3,0.041,408.0,0.6,12,240,5,low,5.0,0.0
91.0,3.0,2,1,6,3,63.6,1.0,1041.0,0.3,8,200,51,medium,13.5,9.4
10.9,6.4,0,0,3,1,94.8,0.151,35.0,0.85,10,550,19,low,11.8,0.4
22.5,0.9,0,0,1,2,14.2,0.02,40.0,0.75,12,310,9,low,6.5,0.0
54.4,0.1,0,0,1,2,8.0,0.04,797.0,0.4,2,74,14,low,1.5,0.0
66.9,15.5,0,0,6,1,52.4,1.0,1438.0,0.4,6,85,33,medium,1.9,0.1
30.4,0.4,0,1,2,2,84.6,0.131,594.0,0.5,4,440,22,low,9.2,0.0
21.4,0.1,0,0,2,2,14.0,0.02,68.0,0.85,11,175,11,low,3.6,0.0
58.6,0.9,0,0,1,0,8.1,0.041,797.0,0.4,1,74,13,low,1.5,0.0
10.1,4.7,1,0,10,0,100.0,0.279,40.0,0.75,6,310,28,low,9.1,2.6
49.5,0.5,1,0,0,0,10.1,0.081,250.0,0.6,12,230,10,low,6.6,1.8
45.5,0.1,1,0,2,2,14.0,0.02,502.0,0.6,11,270,21,low,7.7,2.1
23.1,13.9,1,0,4,2,100.0,0.673,470.0,0.55,8,215,33,medium,6.6,2.1
23.7,16.6,0,0,4,1,100.0,0.184,202.0,0.7,4,330,23,low,7.5,0.6
31.2,0.4,1,0,0,0,8.1,0.04,470.0,0.55,3,215,9,low,6.2,1.7
13.4,8.9,0,0,7,0,100.0,0.305,202.0,0.7,8,330,23,low,7.2,0.3
51.9,7.8,1,0,6,0,55.5,0.311,470.0,0.55,5,215,23,low,6.4,1.9
26.8,12.4,2,0,3,0,100.0,1.0,250.0,0.6,7,230,36,medium,16.3,11.6
38.2,31.5,1,0,6,1,100.0,0.671,515.0,0.65,8,190,37,medium,6.4,2.5
50.3,1.3,2,1,3,2,100.0,0.516,578.0,0.45,9,168,37,medium,11.3,7.8
27.2,12.3,0,0,5,0,97.2,0.34,688.0,0.6,4,210,27,low,4.7,0.3
60.2,13.4,1,1,8,2,38.0,1.0,1117.0,0.35,6,145,45,medium,4.4,1.4
55.7,0.2,0,1,0,1,14.1,0.02,594.0,0.5,11,440,20,low,9.2,0.0
46.9,39.0,1,0,4,1,71.2,1.0,1238.0,0.35,6,190,40,medium,6.7,2.8
39.4,6.3,0,0,10,0,94.5,0.15,790.0,0.55,5,98,27,low,2.1,0.1
46.5,2.3,0,0,3,2,25.1,0.963,775.0,0.5,10,245,20,low,5.2,0.1
44.6,1.2,0,0,3,0,18.4,1.0,750.0,0.5,10,340,20,low,7.1,0.0
15.6,4.2,0,0,5,0,91.0,0.144,40.0,0.75,4,310,16,low,6.6,0.1
47.2,0.2,1,0,0,2,4.0,0.141,1238.0,0.35,3,190,21,low,5.4,1.5
13.8,3.3,0,0,0,2,14.9,0.022,202.0,0.7,2,330,1,low,7.0,0.1
35.0,7.7,0,0,5,3,90.0,0.31,688.0,0.6,10,210,28,low,4.5,0.2
81.7,0.9,1,0,0,0,6.1,0.163,1197.0,0.3,1,180,22,low,5.2,1.4
47.6,26.0,0,1,6,1,100.0,0.214,594.0,0.5,5,440,32,medium,10.5,1.4
36.2,1.4,0,0,5,2,100.0,0.259,790.0,0.55,6,98,24,low,2.1,0.0
44.0,44.4,0,0,4,1,100.0,1.0,408.0,0.6,9,240,39,medium,6.4,1.4
27.5,3.7,0,0,5,2,45.1,0.71,422.0,0.65,10,485,25,low,10.3,0.2
19.8,1.4,0,0,0,1,12.3,0.031,115.0,0.75,12,195,4,low,4.1,0.0
41.3,18.7,0,0,8,2,100.0,0.367,790.0,0.55,7,98,37,medium,2.3,0.2
12.1,1.6,0,0,1,0,86.7,0.135,40.0,0.75,5,310,13,low,6.5,0.1
66.7,15.1,1,0,6,2,46.9,1.0,1197.0,0.3,4,180,35,medium,5.6,1.8
48.0,0.6,1,1,4,1,6.1,0.162,550.0,0.5,1,110,22,low,3.2,0.9
0.4,4.4,0,0,2,0,15.2,0.022,68.0,0.85,2,175,5,low,3.7,0.1
41.5,0.1,1,1,1,2,6.0,0.16,550.0,0.5,11,110,22,low,3.1,0.9
59.3,5.8,1,0,2,0,4.5,0.16,1238.0,0.35,2,190,22,low,5.6,1.6
46.2,14.1,0,0,5,3,61.5,0.352,797.0,0.4,4,74,28,low,1.7,0.1
29.5,0.8,1,0,0,0,10.2,0.082,250.0,0.6,12,230,12,low,6.6,1.8
65.4,5.9,2,1,12,2,67.1,1.0,1041.0,0.3,8,200,51,medium,13.7,9.6
42.1,14.3,0,0,0,1,92.6,0.265,802.0,0.6,4,270,22,low,6.1,0.4
81.4,1.9,1,1,5,0,72.7,1.0,961.0,0.35,9,390,37,medium,11.2,3.1
31.4,8.3,0,0,5,1,100.0,0.604,688.0,0.6,9,210,23,low,4.6,0.2
54.3,7.4,1,0,1,0,13.8,0.036,762.0,0.55,1,265,23,low,7.9,2.3
22.0,4.0,1,1,8,1,43.2,1.0,775.0,0.5,6,245,30,low,7.1,2.0
29.3,46.7,1,0,2,2,100.0,1.0,250.0,0.6,5,230,40,medium,8.6,3.8
0.1,12.4,1,0,10,3,100.0,0.656,20.0,0.8,7,320,38,medium,9.7,3.1
36.2,19.8,0,0,12,1,100.0,0.374,790.0,0.55,9,98,37,medium,2.3,0.2
60.2,49.8,0,0,4,0,79.8,1.0,1438.0,0.4,7,85,36,medium,2.4,0.6
48.2,9.0,0,1,4,2,94.4,0.612,797.0,0.4,9,74,39,medium,1.6,0.1
43.0,0.8,2,0,13,0,100.0,0.51,488.0,0.55,7,140,46,medium,9.4,6.5
50.7,3.6,2,2,3,0,38.6,1.0,870.0,0.45,10,310,36,medium,21.0,14.6
53.3,5.0,1,0,4,1,79.1,0.219,515.0,0.65,4,190,26,low,5.6,1.6
41.8,2.8,1,1,1,0,13.7,0.043,578.0,0.45,3,168,20,low,4.9,1.4
47.3,11.4,1,1,0,1,18.4,0.013,574.0,0.55,3,380,22,low,11.5,3.6
24.8,0.8,0,0,0,3,12.2,0.031,115.0,0.75,11,195,12,low,4.1,0.0
40.5,25.2,1,0,7,2,100.0,0.611,762.0,0.55,6,265,41,medium,8.7,3.1
46.6,22.6,0,1,0,0,20.3,0.031,594.0,0.5,3,440,16,low,10.3,1.2
16.9,0.6,0,0,2,0,12.2,0.03,115.0,0.75,12,195,9,low,4.1,0.0
67.2,16.6,2,1,6,1,79.9,1.0,1041.0,0.3,7,200,48,medium,14.5,10.4
46.8,3.1,1,1,1,2,6.4,0.172,550.0,0.5,3,110,22,low,3.2,0.9
3.6,6.2,0,0,1,0,15.7,0.023,35.0,0.85,3,550,0,low,11.8,0.4
39.8,4.7,1,1,6,1,39.4,1.0,550.0,0.5,10,110,33,medium,3.2,0.9
36.1,1.2,1,0,7,0,79.9,0.268,488.0,0.55,10,140,22,low,4.0,1.1
11.7,10.1,0,0,7,2,100.0,0.313,790.0,0.55,6,98,26,low,2.2,0.1
45.3,5.1,1,0,8,1,100.0,0.422,515.0,0.65,9,190,34,medium,5.6,1.6
63.5,10.5,1,0,0,2,4.8,0.177,1238.0,0.35,3,190,22,low,5.7,1.8
27.1,19.3,0,1,9,0,100.0,1.0,215.0,0.75,8,280,27,low,6.5,0.6
26.7,9.4,0,0,4,0,100.0,0.309,40.0,0.75,7,310,20,low,6.8,0.3
21.2,47.2,1,1,11,2,100.0,1.0,550.0,0.5,7,110,51,medium,4.1,1.8
43.0,3.5,1,1,9,0,83.4,0.283,578.0,0.45,4,168,33,medium,4.9,1.4
51.1,1.7,0,0,5,1,18.6,1.0,750.0,0.5,10,340,23,low,7.1,0.1
69.1,20.0,1,1,8,1,84.0,1.0,1041.0,0.3,8,200,50,medium,6.3,2.2
31.5,5.5,0,0,9,2,93.2,0.148,40.0,0.75,10,310,27,low,6.6,0.2
49.7,0.4,0,0,1,0,8.1,0.04,797.0,0.4,12,74,5,low,1.5,0.0
46.4,2.4,1,1,0,2,15.7,0.011,574.0,0.55,11,380,24,low,11.0,3.1
8.6,10.4,1,0,8,1,100.0,0.315,40.0,0.75,9,310,33,medium,9.3,2.9
9.9,18.5,0,0,1,1,100.0,0.19,40.0,0.75,4,310,22,low,7.1,0.7
31.6,1.2,1,0,0,0,8.2,0.041,470.0,0.55,12,215,12,low,6.2,1.7
59.7,37.0,0,0,6,3,100.0,0.963,797.0,0.4,9,74,43,medium,1.9,0.4
52.1,80.1,1,1,0,1,100.0,0.781,578.0,0.45,5,168,46,medium,8.0,4.5
80.8,43.0,2,2,4,1,66.9,1.0,870.0,0.45,5,310,59,medium,26.3,19.9
54.1,10.6,1,1,4,1,21.8,1.0,1117.0,0.35,5,145,32,medium,4.4,1.4
33.1,0.9,1,0,0,1,14.2,0.02,502.0,0.6,12,270,10,low,7.7,2.1
7.2,46.2,0,0,8,1,100.0,0.808,115.0,0.75,8,195,34,medium,5.3,1.2
29.0,7.6,1,0,1,0,11.5,0.095,250.0,0.6,2,230,16,low,6.8,2.0
30.4,12.1,1,0,7,1,100.0,0.488,515.0,0.65,7,190,33,medium,5.8,1.8
59.3,24.1,1,0,7,2,100.0,0.601,802.0,0.6,8,270,45,medium,8.8,3.1
45.7,17.5,1,1,8,1,100.0,0.718,578.0,0.45,8,168,46,medium,5.3,1.8
49.9,0.7,1,0,0,2,12.2,0.03,762.0,0.55,12,265,21,low,7.6,2.1
25.2,1.2,0,0,1,2,14.3,0.021,202.0,0.7,2,330,13,low,6.9,0.0
65.2,1.1,1,0,0,1,4.1,0.144,1238.0,0.35,2,190,17,low,5.5,1.5
63.0,2.7,0,0,2,2,8.4,0.043,797.0,0.4,12,74,16,low,1.6,0.0
33.5,2.4,1,0,6,3,62.8,0.551,250.0,0.6,10,230,31,medium,6.7,1.9
34.2,7.1,0,1,2,2,91.4,0.589,797.0,0.4,9,74,33,medium,1.6,0.1
46.5,3.3,0,0,5,2,25.6,0.985,1438.0,0.4,10,85,23,low,1.8,0.0
33.8,2.4,0,0,1,2,12.6,0.032,115.0,0.75,3,195,13,low,4.1,0.0
49.8,0.2,0,0,0,0,12.0,0.03,802.0,0.6,12,270,7,low,5.6,0.0
51.2,4.6,2,2,8,2,39.3,1.0,870.0,0.45,5,310,43,medium,21.2,14.7
33.4,8.4,0,0,7,1,21.0,1.0,750.0,0.5,5,340,26,low,7.4,0.3
54.6,0.2,0,1,1,3,14.1,0.02,594.0,0.5,3,440,23,low,9.2,0.0
11.4,1.2,0,0,5,2,86.0,0.134,68.0,0.85,10,175,17,low,3.7,0.0
15.5,0.7,0,0,10,1,100.0,0.254,68.0,0.85,8,175,27,low,3.7,0.0
14.2,0.9,0,0,0,2,85.6,0.133,68.0,0.85,10,175,12,low,3.7,0.0
28.3,1.9,0,0,1,1,81.0,0.273,688.0,0.6,4,210,15,low,4.4,0.0
39.7,9.9,0,1,6,0,83.9,1.0,422.0,0.65,8,485,32,medium,10.6,0.5
7.5,12.0,0,0,8,2,100.0,0.169,68.0,0.85,4,175,31,medium,3.9,0.2
43.1,1.0,1,1,3,1,36.7,1.0,550.0,0.5,10,110,25,low,3.2,0.9
29.9,3.1,0,0,0,0,13.8,0.043,408.0,0.6,1,240,9,low,5.1,0.1
35.3,0.8,1,0,0,0,14.2,0.02,502.0,0.6,11,270,11,low,7.7,2.1
2.7,0.6,0,0,1,1,12.1,0.03,115.0,0.75,1,195,0,low,4.1,0.0
50.9,24.6,2,2,10,0,89.5,1.0,870.0,0.45,6,310,56,medium,23.6,17.1
37.3,34.2,0,0,0,0,13.5,0.074,115.0,0.75,3,195,11,low,4.9,0.8
62.4,0.3,1,0,5,1,36.2,1.0,1197.0,0.3,10,180,29,low,5.2,1.4
48.3,11.3,0,0,9,1,100.0,0.481,802.0,0.6,8,270,31,medium,6.0,0.3
3.8,1.9,0,0,1,2,14.5,0.021,40.0,0.75,2,310,10,low,6.5,0.1
62.9,22.9,1,1,8,3,87.5,1.0,1041.0,0.3,6,200,49,medium,6.5,2.3
48.8,25.4,2,1,8,1,45.3,1.0,1117.0,0.35,9,145,50,medium,11.1,8.1
45.4,1.5,0,1,0,2,14.4,0.021,594.0,0.5,12,440,18,low,9.2,0.1
68.4,8.8,0,1,7,1,47.1,1.0,1438.0,0.4,9,85,35,medium,1.9,0.1
37.4,0.6,0,0,5,0,78.9,0.264,408.0,0.6,10,240,20,low,5.0,0.0
38.3,0.5,1,1,0,1,15.2,0.01,574.0,0.55,2,380,17,low,10.9,3.0
63.9,36.8,2,0,5,1,100.0,1.0,1197.0,0.3,7,180,49,medium,14.7,11.0
41.9,0.3,1,1,2,3,90.5,0.065,574.0,0.55,10,380,34,medium,10.9,3.0
32.9,2.7,0,0,0,1,4.2,0.149,775.0,0.5,3,245,15,low,5.2,0.1
23.6,28.4,1,0,8,1,100.0,1.0,215.0,0.75,9,280,40,medium,9.3,3.5
28.1,1.1,0,0,4,0,73.5,0.2,802.0,0.6,10,270,15,low,5.7,0.0
56.5,18.1,1,0,2,0,49.1,1.0,1197.0,0.3,4,180,30,low,5.7,1.9
39.2,22.0,0,1,6,0,100.0,0.387,790.0,0.55,8,98,29,low,2.3,0.3
29.1,12.9,0,0,4,3,98.1,0.344,408.0,0.6,10,240,35,medium,5.3,0.3
16.2,0.0,0,0,0,0,8.0,0.04,115.0,0.75,1,195,4,low,4.1,0.0
41.9,2.7,0,0,2,1,13.7,0.043,408.0,0.6,1,240,11,low,5.1,0.1
77.3,48.8,1,0,4,2,71.1,1.0,1197.0,0.3,5,180,51,medium,6.8,3.1
77.7,5.0,2,2,4,1,39.6,1.0,870.0,0.45,5,310,43,medium,21.2,14.7
66.0,0.9,1,1,0,0,6.1,0.164,1041.0,0.3,1,200,10,low,5.7,1.6
71.3,4.5,1,0,7,2,43.6,1.0,1438.0,0.4,6,85,40,medium,2.5,0.7
38.7,3.2,0,0,0,0,14.9,0.022,790.0,0.55,3,98,5,low,2.1,0.0
49.6,1.6,0,0,0,1,4.1,0.146,1438.0,0.4,11,85,16,low,1.8,0.0
34.8,0.1,0,0,0,1,7.0,0.1,422.0,0.65,1,485,8,low,10.1,0.0
23.0,1.8,0,0,2,1,7.2,0.104,422.0,0.65,3,485,7,low,10.2,0.1
78.8,17.9,0,0,9,1,54.3,1.0,1438.0,0.4,8,85,41,medium,1.9,0.2
64.0,26.6,2,0,6,2,100.0,0.416,502.0,0.6,9,270,53,medium,20.8,15.1
65.9,33.2,1,1,8,1,99.9,1.0,1041.0,0.3,9,200,48,medium,6.9,2.7
57.7,15.5,0,0,5,0,52.4,1.0,1438.0,0.4,6,85,28,low,1.9,0.1
19.4,28.1,0,0,10,2,100.0,0.426,790.0,0.55,6,98,37,medium,2.4,0.3
29.0,0.4,1,0,0,1,72.6,0.197,762.0,0.55,10,265,20,low,7.6,2.1
18.9,7.1,0,0,4,0,82.2,0.23,802.0,0.6,10,270,20,low,5.8,0.2
74.3,1.7,2,2,2,2,6.2,0.167,870.0,0.45,12,310,28,low,20.8,14.4
20.2,14.8,0,0,5,1,100.0,0.178,40.0,0.75,5,310,26,low,7.0,0.5
27.4,3.0,0,0,2,0,63.6,0.559,215.0,0.75,4,280,15,low,5.9,0.1
64.2,23.7,2,2,3,1,53.1,1.0,870.0,0.45,4,310,46,medium,23.5,17.0
42.6,2.2,0,0,2,0,12.5,0.032,802.0,0.6,2,270,8,low,5.7,0.1
12.6,7.3,0,0,4,3,96.2,0.154,40.0,0.75,4,310,25,low,6.7,0.2
42.3,17.1,0,0,3,1,40.3,1.0,750.0,0.5,9,340,26,low,7.7,0.7
24.5,1.8,1,0,0,0,10.4,0.084,250.0,0.6,3,230,15,low,6.6,1.8
38.9,0.4,0,0,1,2,7.1,0.101,422.0,0.65,12,485,14,low,10.1,0.0
79.7,68.8,2,2,6,3,100.0,1.0,870.0,0.45,6,310,71,high,31.5,25.1
40.4,1.1,1,1,0,3,15.3,0.01,574.0,0.55,11,380,23,low,10.9,3.0
49.0,0.7,0,0,0,0,13.2,0.041,408.0,0.6,12,240,11,low,5.0,0.0
57.2,1.0,0,0,1,2,8.2,0.041,797.0,0.4,12,74,17,low,1.5,0.0
40.2,0.0,0,1,2,0,14.0,0.02,594.0,0.5,1,440,14,low,9.2,0.0
7.4,1.1,0,0,1,2,14.3,0.021,40.0,0.75,11,310,6,low,6.5,0.0
20.5,32.7,0,0,9,0,100.0,0.455,202.0,0.7,6,330,34,medium,8.2,1.3
32.4,0.8,1,1,0,2,15.2,0.01,574.0,0.55,11,380,22,low,10.9,3.0
37.2,11.6,0,0,4,2,100.0,0.168,790.0,0.55,10,98,31,medium,2.2,0.1
11.9,9.4,0,0,11,1,100.0,0.618,408.0,0.6,6,240,30,low,5.2,0.2
70.5,25.0,1,1,8,1,90.0,1.0,1041.0,0.3,8,200,45,medium,6.5,2.4
53.6,0.3,1,0,4,0,72.4,0.196,762.0,0.55,5,265,24,low,7.6,2.1
41.0,3.5,1,0,2,0,10.7,0.087,250.0,0.6,2,230,14,low,6.7,1.9
42.0,1.2,0,1,11,0,41.0,1.0,775.0,0.5,9,245,35,medium,5.1,0.0
80.5,5.2,1,0,3,0,39.7,1.0,1197.0,0.3,10,180,27,low,5.3,1.5
14.7,0.3,0,0,4,1,84.6,0.131,102.0,0.7,5,270,20,low,5.6,0.0
59.3,30.7,0,0,7,0,64.6,1.0,1438.0,0.4,9,85,36,medium,2.1,0.3
29.4,0.9,0,0,1,0,7.1,0.102,422.0,0.65,11,485,5,low,10.2,0.0
48.7,0.2,0,0,2,0,8.0,0.04,797.0,0.4,1,74,14,low,1.5,0.0
28.7,4.3,1,0,1,2,8.7,0.044,470.0,0.55,3,215,17,low,6.3,1.8
45.5,1.9,0,0,5,0,18.7,1.0,750.0,0.5,10,340,19,low,7.2,0.1
66.1,12.2,0,0,2,2,29.9,1.0,1438.0,0.4,4,85,30,low,1.9,0.1
25.6,7.3,1,1,11,0,100.0,0.295,202.0,0.7,8,330,40,medium,9.8,2.9
42.3,0.4,1,1,0,1,7.1,0.101,961.0,0.35,2,390,18,low,11.2,3.0
64.4,34.8,2,1,9,1,100.0,1.0,961.0,0.35,8,390,61,high,31.5,23.3
3.7,12.2,1,1,8,2,100.0,0.653,20.0,0.8,6,320,35,medium,9.7,3.1
51.6,82.3,0,0,9,0,100.0,1.0,1438.0,0.4,6,85,48,medium,3.0,1.2
27.1,1.8,0,0,2,0,7.2,0.104,422.0,0.65,2,485,10,low,10.2,0.1
74.2,6.1,1,1,1,0,7.9,0.115,961.0,0.35,3,390,22,low,11.5,3.4
46.4,13.8,0,0,3,1,30.6,1.0,775.0,0.5,10,245,19,low,5.5,0.4
28.8,2.9,1,0,0,1,10.6,0.086,250.0,0.6,2,230,13,low,6.7,1.9
15.1,12.2,0,0,7,0,100.0,0.326,35.0,0.85,6,550,25,low,12.2,0.7
65.1,5.1,2,2,7,2,66.2,1.0,870.0,0.45,9,310,47,medium,21.2,14.8
48.2,5.2,0,0,1,0,86.1,0.294,688.0,0.6,10,210,19,low,4.5,0.1
44.0,21.6,2,0,7,1,100.0,0.578,762.0,0.55,8,265,42,medium,19.8,14.3
67.4,63.2,2,1,8,1,67.9,1.0,1117.0,0.35,7,145,64,high,14.1,11.1
38.2,2.0,0,0,0,1,13.5,0.042,688.0,0.6,3,210,17,low,4.4,0.0
14.5,0.2,0,0,0,3,14.1,0.02,102.0,0.7,12,270,10,low,5.6,0.0
22.0,3.1,0,0,1,1,10.6,0.086,215.0,0.75,2,280,8,low,5.9,0.1
55.6,22.1,1,1,6,3,100.0,1.0,961.0,0.35,6,390,53,medium,12.5,4.4
42.0,18.3,0,0,4,3,98.3,0.284,802.0,0.6,5,270,29,low,6.2,0.6
10.8,3.0,0,0,7,0,89.1,0.14,102.0,0.7,10,270,22,low,5.7,0.1
60.3,6.6,0,0,4,2,90.6,0.583,797.0,0.4,6,74,29,low,1.6,0.1
22.8,7.2,0,0,1,2,96.1,0.153,202.0,0.7,4,330,17,low,7.1,0.3
18.2,4.3,0,0,1,1,15.2,0.022,68.0,0.85,3,175,5,low,3.7,0.1
33.2,3.7,0,0,7,2,32.2,1.0,750.0,0.5,9,340,26,low,7.2,0.1
57.2,5.4,0,0,5,0,20.0,1.0,750.0,0.5,4,340,19,low,7.3,0.2
75.5,3.0,1,1,3,1,38.2,1.0,1041.0,0.3,5,200,32,medium,5.8,1.6
57.3,10.1,2,2,6,3,72.1,1.0,870.0,0.45,7,310,48,medium,21.8,15.3
27.4,6.8,0,0,4,0,95.4,0.152,202.0,0.7,10,330,17,low,7.1,0.2
35.6,24.6,2,0,6,3,100.0,1.0,250.0,0.6,7,230,50,medium,17.5,12.7
41.1,16.5,1,0,10,3,100.0,0.353,502.0,0.6,6,270,43,medium,8.4,2.8
0.7,1.0,0,0,0,1,14.3,0.02,68.0,0.85,12,175,3,low,3.7,0.0
34.6,1.1,0,0,1,2,4.1,0.144,775.0,0.5,2,245,13,low,5.1,0.0
33.4,0.8,0,0,4,1,85.3,0.133,790.0,0.55,4,98,18,low,2.0,0.0
34.0,0.6,1,0,0,0,8.1,0.041,470.0,0.55,11,215,13,low,6.2,1.7
52.4,12.3,0,0,2,2,99.7,0.654,797.0,0.4,7,74,35,medium,1.6,0.1
35.0,7.1,1,0,6,2,100.0,0.441,802.0,0.6,8,270,32,medium,8.0,2.4
62.7,8.9,1,0,4,3,47.1,1.0,1238.0,0.35,7,190,41,medium,5.7,1.7
31.4,0.9,1,0,0,0,12.2,0.031,515.0,0.65,3,190,9,low,5.5,1.5
27.0,12.2,0,0,2,2,17.4,0.026,790.0,0.55,3,98,13,low,2.2,0.1
24.3,0.7,0,0,1,1,10.1,0.081,215.0,0.75,11,280,12,low,5.9,0.0
43.3,6.7,1,0,0,0,13.6,0.035,515.0,0.65,2,190,15,low,5.6,1.7
17.4,37.2,1,0,5,2,100.0,0.965,115.0,0.75,8,195,40,medium,6.8,2.8
55.8,2.6,1,1,3,0,19.0,1.0,1117.0,0.35,10,145,27,low,4.2,1.2
38.7,4.4,2,0,8,1,100.0,1.0,250.0,0.6,7,230,37,medium,15.7,10.9
42.4,7.3,0,0,2,0,27.5,1.0,775.0,0.5,4,245,19,low,5.3,0.2
17.0,1.7,0,0,5,1,86.8,0.135,68.0,0.85,10,175,23,low,3.7,0.0
39.2,1.3,0,0,1,1,13.3,0.041,688.0,0.6,12,210,13,low,4.4,0.0
16.3,2.1,0,0,13,0,83.3,0.526,115.0,0.75,9,195,28,low,4.1,0.0
31.8,7.4,0,0,1,1,96.4,0.154,40.0,0.75,10,310,20,low,6.7,0.2
58.5,0.2,1,0,0,1,4.0,0.141,1238.0,0.35,2,190,13,low,5.4,1.5
21.3,1.8,0,0,0,2,14.5,0.021,202.0,0.7,3,330,9,low,6.9,0.1
44.4,23.1,1,1,5,1,100.0,0.103,574.0,0.55,5,380,37,medium,12.3,4.4
26.2,16.4,0,0,11,0,100.0,0.352,202.0,0.7,9,330,35,medium,7.5,0.6
27.4,1.5,0,0,1,2,7.2,0.104,422.0,0.65,11,485,14,low,10.2,0.1
33.6,2.6,0,0,0,1,14.7,0.021,102.0,0.7,11,270,10,low,5.7,0.1
70.9,13.8,2,2,4,0,45.9,1.0,870.0,0.45,10,310,44,medium,22.2,15.7
48.5,2.1,1,1,4,1,41.7,1.0,1438.0,0.4,9,85,30,low,2.5,0.7
37.5,84.6,1,0,4,1,100.0,1.0,250.0,0.6,8,230,46,medium,11.4,6.6
20.6,4.3,0,0,10,0,26.1,1.0,775.0,0.5,5,245,24,low,5.2,0.1
0.0,0.6,0,0,2,3,14.2,0.02,40.0,0.75,12,310,10,low,6.5,0.0
54.0,1.9,2,2,0,2,6.2,0.168,870.0,0.45,12,310,29,low,20.9,14.4
27.2,0.1,0,0,0,1,13.0,0.04,20.0,0.8,1,320,7,low,6.7,0.0
28.6,2.1,1,0,6,0,75.0,0.205,762.0,0.55,10,265,22,low,7.7,2.1
72.6,0.3,1,0,0,1,6.0,0.161,1197.0,0.3,12,180,22,low,5.2,1.4
100.0,60.4,1,0,8,2,100.0,1.0,1197.0,0.3,8,180,65,high,7.4,3.6
31.4,39.3,1,1,5,0,64.3,1.0,550.0,0.5,5,110,38,medium,3.9,1.6
64.8,6.2,1,1,3,2,40.4,1.0,550.0,0.5,5,110,41,medium,3.2,1.0
5.8,0.7,0,0,1,0,14.2,0.02,68.0,0.85,12,175,1,low,3.7,0.0
21.9,9.2,0,0,4,2,85.2,0.24,802.0,0.6,10,270,17,low,5.9,0.3
50.4,59.7,0,0,8,1,65.8,1.0,750.0,0.5,6,340,46,medium,10.1,3.0
27.5,58.1,0,0,7,2,100.0,1.0,688.0,0.6,8,210,48,medium,6.2,1.8
28.0,29.8,0,0,8,3,100.0,0.437,40.0,0.75,6,310,40,medium,7.6,1.1
0.0,7.4,0,1,9,1,100.0,0.444,115.0,0.75,8,195,28,low,4.2,0.2
44.1,0.3,0,0,4,1,48.3,0.262,797.0,0.4,4,74,20,low,1.5,0.0
41.7,11.3,1,0,3,1,88.2,0.25,762.0,0.55,4,265,30,low,8.0,2.5
13.9,1.1,0,0,1,1,4.1,0.144,775.0,0.5,1,245,11,low,5.1,0.0
42.2,1.0,0,1,0,0,14.3,0.02,594.0,0.5,1,440,9,low,9.2,0.0
32.8,27.2,1,0,11,2,100.0,0.84,470.0,0.55,8,215,52,medium,7.1,2.6
43.1,5.3,1,0,8,1,100.0,0.567,488.0,0.55,7,140,31,medium,4.1,1.2
2.9,9.2,0,0,1,1,15.4,0.049,20.0,0.8,3,320,6,low,7.0,0.3
48.7,4.5,1,1,0,0,3.3,0.189,1117.0,0.35,1,145,15,low,4.2,1.2
31.3,23.7,0,0,8,3,44.2,1.0,750.0,0.5,7,340,41,medium,8.0,1.0
7.7,1.9,0,0,0,3,14.5,0.021,40.0,0.75,2,310,8,low,6.5,0.1
27.4,24.8,0,0,5,2,59.9,1.0,775.0,0.5,7,245,33,medium,5.8,0.7
48.3,5.7,1,1,7,3,66.8,1.0,550.0,0.5,6,110,43,medium,3.2,0.9
22.1,3.0,0,0,0,1,13.8,0.043,20.0,0.8,11,320,10,low,6.8,0.1
40.3,0.0,1,1,1,2,7.0,0.1,961.0,0.35,11,390,22,low,11.1,3.0
47.9,0.2,1,1,8,2,100.0,0.502,578.0,0.45,9,168,39,medium,4.8,1.3
34.6,19.9,1,0,5,2,100.0,0.561,802.0,0.6,6,270,36,medium,8.6,2.9
13.9,1.2,0,0,0,1,14.3,0.021,102.0,0.7,1,270,4,low,5.7,0.0
47.9,2.3,1,1,1,1,15.7,0.011,574.0,0.55,2,380,28,low,11.0,3.1
37.5,4.7,0,0,0,2,26.2,1.0,775.0,0.5,4,245,17,low,5.2,0.1
4.7,10.6,0,0,3,0,94.5,0.329,20.0,0.8,4,320,12,low,7.0,0.4
27.1,2.9,0,0,0,3,14.8,0.021,202.0,0.7,1,330,15,low,7.0,0.1
44.3,14.9,0,0,4,1,100.0,0.357,408.0,0.6,10,240,26,low,5.4,0.4
56.6,4.1,0,1,1,2,15.1,0.022,594.0,0.5,2,440,22,low,9.4,0.2
40.9,27.7,1,0,9,3,100.0,0.635,515.0,0.65,7,190,48,medium,6.3,2.3
43.8,0.8,0,0,0,1,12.2,0.031,802.0,0.6,2,270,12,low,5.6,0.0
25.7,18.8,0,0,4,1,100.0,0.382,20.0,0.8,5,320,28,low,7.4,0.7
12.6,5.0,0,0,3,1,15.4,0.022,102.0,0.7,11,270,11,low,5.8,0.1
42.7,0.7,1,1,7,2,60.8,1.0,550.0,0.5,7,110,38,medium,3.2,0.9
59.9,1.2,1,1,3,0,36.9,1.0,1041.0,0.3,5,200,31,medium,5.7,1.6
26.6,4.2,0,0,3,2,91.1,0.144,102.0,0.7,5,270,15,low,5.7,0.1
39.5,15.6,0,0,8,0,100.0,0.696,797.0,0.4,7,74,25,low,1.7,0.1
9.4,2.1,0,0,0,1,13.5,0.042,20.0,0.8,3,320,2,low,6.7,0.1
8.6,1.5,0,0,5,1,61.8,0.54,215.0,0.75,4,280,15,low,5.9,0.0
28.4,1.5,0,0,0,1,12.4,0.031,802.0,0.6,11,270,4,low,5.7,0.0
16.6,27.0,0,0,10,1,100.0,0.628,115.0,0.75,9,195,34,medium,4.7,0.6
30.7,11.4,0,1,11,0,100.0,0.322,35.0,0.85,8,550,35,medium,12.2,0.7
34.2,2.1,0,0,1,1,14.6,0.021,102.0,0.7,2,270,9,low,5.7,0.1
4.0,4.2,0,0,7,1,100.0,0.553,20.0,0.8,8,320,23,low,6.8,0.1
21.3,1.3,0,0,2,1,14.4,0.021,68.0,0.85,1,175,12,low,3.7,0.0
34.6,1.3,1,1,2,2,6.2,0.165,550.0,0.5,3,110,18,low,3.2,0.9
56.7,3.8,1,0,5,0,51.6,0.284,470.0,0.55,10,215,26,low,6.3,1.8
26.2,12.1,0,0,7,3,100.0,1.0,215.0,0.75,8,280,34,medium,6.2,0.4
27.9,44.7,1,0,7,1,100.0,0.529,102.0,0.7,9,270,45,medium,9.9,4.3
12.5,0.5,0,0,0,1,7.1,0.101,422.0,0.65,2,485,7,low,10.1,0.0
49.2,13.3,0,0,8,1,50.7,1.0,775.0,0.5,6,245,32,medium,5.5,0.4
29.5,34.7,1,0,10,3,100.0,0.467,202.0,0.7,6,330,40,medium,11.4,4.5
32.1,40.6,0,0,2,1,100.0,0.504,202.0,0.7,8,330,29,low,8.6,1.8
40.5,11.2,1,1,1,1,15.9,0.051,578.0,0.45,3,168,23,low,5.1,1.6
51.4,3.7,0,0,1,0,8.6,0.044,797.0,0.4,11,74,7,low,1.6,0.0
30.5,17.0,0,0,1,1,10.7,0.057,797.0,0.4,2,74,16,low,1.7,0.1
55.4,10.1,1,0,7,2,48.1,1.0,775.0,0.5,8,245,34,medium,7.4,2.3
40.7,7.0,1,1,0,0,14.8,0.047,578.0,0.45,3,168,26,low,5.0,1.5
27.6,1.4,0,0,1,3,14.4,0.021,790.0,0.55,12,98,15,low,2.1,0.0
59.8,2.0,0,1,9,2,100.0,0.525,688.0,0.6,8,210,38,medium,4.4,0.0
66.1,85.7,2,2,9,3,100.0,1.0,870.0,0.45,8,310,76,high,36.2,29.7
65.5,0.1,0,0,0,0,3.0,0.17,750.0,0.5,1,340,14,low,7.1,0.0
48.0,49.3,1,0,11,0,100.0,0.558,502.0,0.6,6,270,49,medium,10.2,4.6
47.9,1.9,0,1,7,2,87.2,0.136,594.0,0.5,4,440,35,medium,9.3,0.1
55.5,5.6,1,1,13,3,100.0,0.143,574.0,0.55,8,380,49,medium,11.2,3.3
20.0,0.6,0,0,1,1,12.1,0.03,115.0,0.75,12,195,5,low,4.1,0.0
27.8,5.6,0,0,1,2,15.6,0.023,102.0,0.7,1,270,13,low,5.8,0.2
18.4,0.4,0,0,0,0,10.1,0.081,215.0,0.75,11,280,2,low,5.8,0.0
33.6,15.8,0,0,6,2,100.0,0.182,40.0,0.75,4,310,31,medium,7.0,0.6
51.6,4.0,1,0,0,0,13.0,0.033,515.0,0.65,1,190,18,low,5.5,1.6
36.6,5.1,1,0,3,2,92.5,0.147,502.0,0.6,5,270,28,low,7.9,2.3
0.0,2.5,0,1,5,3,100.0,0.266,35.0,0.85,8,550,26,low,11.6,0.1
30.3,3.5,0,0,0,0,15.0,0.022,102.0,0.7,2,270,7,low,5.7,0.1
58.6,0.1,1,0,3,2,13.0,0.04,488.0,0.55,2,140,26,low,4.0,1.1
67.3,23.7,1,1,9,3,44.2,1.0,1117.0,0.35,6,145,55,medium,4.7,1.7
32.1,10.4,1,0,9,2,96.6,0.63,470.0,0.55,6,215,41,medium,6.5,2.0
40.7,18.2,2,0,10,2,100.0,0.545,515.0,0.65,6,190,52,medium,13.9,10.0
20.6,4.0,0,0,0,0,90.7,0.143,40.0,0.75,10,310,7,low,6.6,0.1
23.8,2.9,0,0,0,0,14.8,0.021,102.0,0.7,2,270,8,low,5.7,0.1
25.7,7.9,0,0,0,1,9.3,0.048,115.0,0.75,3,195,8,low,4.2,0.2
40.7,8.2,1,0,5,2,100.0,0.452,762.0,0.55,8,265,30,low,7.9,2.4
39.9,1.5,1,0,0,2,12.4,0.031,515.0,0.65,2,190,15,low,5.5,1.5
37.8,5.3,0,0,1,0,8.8,0.045,797.0,0.4,3,74,10,low,1.6,0.0
25.7,5.5,0,0,1,0,11.1,0.091,215.0,0.75,2,280,7,low,6.0,0.2
33.3,0.7,0,0,0,2,12.2,0.031,802.0,0.6,2,270,7,low,5.6,0.0
67.9,40.8,2,0,6,2,100.0,1.0,1197.0,0.3,7,180,59,medium,15.1,11.3
33.2,2.9,0,0,0,0,7.4,0.107,422.0,0.65,12,485,6,low,10.3,0.1
15.7,3.7,0,0,2,0,12.9,0.033,115.0,0.75,11,195,5,low,4.1,0.1
49.3,41.7,0,0,9,0,55.0,1.0,750.0,0.5,7,340,41,medium,8.9,1.9
26.3,2.4,0,0,3,0,88.0,0.138,40.0,0.75,10,310,17,low,6.5,0.1
17.0,15.2,0,0,3,3,78.3,0.718,215.0,0.75,10,280,24,low,6.3,0.5
55.2,10.5,2,2,15,2,72.6,1.0,870.0,0.45,6,310,54,medium,21.8,15.4
40.3,4.1,1,1,1,3,14.1,0.044,578.0,0.45,2,168,24,low,4.9,1.4
7.1,0.1,0,0,6,0,84.2,0.13,35.0,0.85,10,550,9,low,11.5,0.0
12.9,21.7,1,0,3,1,86.0,0.802,250.0,0.6,4,230,27,low,7.4,2.6
34.6,11.0,0,0,3,0,95.1,0.331,408.0,0.6,5,240,21,low,5.3,0.3
61.0,11.1,0,1,0,1,17.1,0.026,594.0,0.5,3,440,24,low,9.7,0.5
33.2,1.6,1,1,6,2,72.2,1.0,422.0,0.65,8,485,33,medium,14.0,3.9
22.0,0.1,0,0,1,1,14.0,0.02,40.0,0.75,1,310,9,low,6.5,0.0
73.2,17.2,1,0,5,1,48.4,1.0,1197.0,0.3,4,180,38,medium,5.6,1.9
51.9,3.1,0,0,5,2,25.5,0.98,1438.0,0.4,10,85,25,low,1.8,0.0
76.9,2.4,1,1,0,0,7.3,0.106,961.0,0.35,1,390,22,low,11.3,3.2
44.2,1.3,1,0,6,2,100.0,0.258,502.0,0.6,9,270,33,medium,7.8,2.1
30.3,17.3,0,1,12,3,100.0,1.0,215.0,0.75,9,280,47,medium,6.4,0.6
23.6,1.4,0,0,4,1,18.5,1.0,750.0,0.5,10,340,18,low,7.1,0.1
15.6,4.2,0,0,6,2,52.1,0.287,115.0,0.75,4,195,18,low,4.2,0.1
87.8,20.2,1,1,8,2,50.5,1.0,1041.0,0.3,4,200,51,medium,6.4,2.2
59.9,8.8,1,1,8,0,42.3,1.0,1041.0,0.3,4,200,36,medium,6.0,1.8
41.1,7.1,0,0,8,0,54.8,0.306,115.0,0.75,4,195,25,low,4.2,0.1
23.8,4.7,1,0,2,1,14.2,0.045,488.0,0.55,2,140,14,low,4.1,1.2
8.6,0.6,0,0,0,2,10.1,0.081,215.0,0.75,1,280,6,low,5.9,0.0
26.0,3.7,0,0,3,3,77.3,0.213,115.0,0.75,4,195,20,low,4.1,0.1
53.3,5.9,1,1,1,0,7.8,0.115,961.0,0.35,3,390,20,low,11.5,3.4
21.6,1.9,1,0,8,2,100.0,0.393,515.0,0.65,8,190,29,low,5.5,1.5
29.3,0.4,1,1,6,0,36.3,1.0,550.0,0.5,4,110,31,medium,3.1,0.9
6.1,0.8,0,0,1,1,14.2,0.02,40.0,0.75,12,310,6,low,6.5,0.0
52.7,6.8,1,1,0,0,6.8,0.187,550.0,0.5,3,110,21,low,3.3,1.0
76.3,50.6,2,1,4,2,100.0,1.0,961.0,0.35,8,390,58,medium,34.8,26.7
47.6,51.9,1,0,3,1,100.0,0.597,488.0,0.55,5,140,43,medium,5.4,2.5
56.9,0.1,1,0,8,3,72.2,0.196,762.0,0.55,10,265,38,medium,7.6,2.1
45.9,1.3,1,0,0,1,13.3,0.041,488.0,0.55,2,140,10,low,4.0,1.1
53.1,17.1,1,1,7,1,100.0,0.178,574.0,0.55,8,380,40,medium,11.9,4.0
24.7,11.5,0,0,14,2,86.1,1.0,422.0,0.65,8,485,41,medium,10.7,0.6
45.3,10.0,0,0,7,0,93.5,0.325,688.0,0.6,4,210,21,low,4.6,0.2
38.0,4.6,1,0,5,3,85.2,0.29,488.0,0.55,10,140,33,medium,4.1,1.2
2.1,53.0,1,0,2,0,100.0,0.581,68.0,0.85,7,175,32,medium,6.8,3.2
40.9,0.2,0,0,0,2,7.0,0.101,422.0,0.65,12,485,14,low,10.1,0.0
7.6,26.9,0,1,7,1,100.0,0.418,40.0,0.75,7,310,37,medium,7.5,1.0
15.2,16.5,1,0,9,0,100.0,0.353,35.0,0.85,8,550,35,medium,17.1,5.7
2.0,1.5,0,0,0,2,14.4,0.021,68.0,0.85,12,175,9,low,3.7,0.0
39.3,1.5,0,0,1,0,13.4,0.042,408.0,0.6,3,240,8,low,5.0,0.0
39.1,0.9,0,0,1,3,13.2,0.041,688.0,0.6,11,210,11,low,4.4,0.0
48.7,5.3,0,0,10,0,100.0,0.283,790.0,0.55,8,98,29,low,2.1,0.1
70.0,5.0,1,1,2,2,46.2,0.731,961.0,0.35,10,390,36,medium,11.4,3.3
17.3,8.5,1,0,8,0,100.0,0.303,790.0,0.55,8,98,28,low,2.9,0.9
36.9,0.1,1,0,0,2,8.0,0.04,470.0,0.55,3,215,17,low,6.1,1.7
63.8,12.1,1,0,1,1,5.0,0.182,1238.0,0.35,11,190,22,low,5.8,1.8
13.1,0.9,0,0,1,0,14.3,0.02,68.0,0.85,11,175,2,low,3.7,0.0
58.1,19.5,0,1,5,1,55.6,1.0,1438.0,0.4,9,85,36,medium,2.0,0.2
35.8,0.5,1,1,0,3,6.1,0.162,550.0,0.5,12,110,22,low,3.2,0.9
32.6,0.1,0,0,0,0,13.0,0.04,408.0,0.6,11,240,7,low,5.0,0.0
53.4,1.1,0,0,0,3,4.1,0.144,1438.0,0.4,12,85,15,low,1.8,0.0
55.6,1.3,1,0,0,0,10.3,0.083,250.0,0.6,11,230,12,low,6.6,1.8
31.6,1.7,1,0,0,0,14.5,0.021,502.0,0.6,2,270,14,low,7.8,2.2
70.7,5.3,1,1,4,0,46.4,0.736,961.0,0.35,10,390,31,medium,11.4,3.3
56.0,3.3,1,0,0,1,4.3,0.152,1238.0,0.35,3,190,20,low,5.5,1.6
19.6,8.8,0,0,9,1,100.0,0.305,102.0,0.7,9,270,22,low,5.9,0.3
50.3,8.7,0,0,8,1,28.2,1.0,1438.0,0.4,4,85,28,low,1.9,0.1
27.2,0.6,0,0,3,3,7.1,0.102,422.0,0.65,12,485,17,low,10.1,0.0
21.9,0.7,0,0,3,2,13.2,0.041,408.0,0.6,12,240,18,low,5.0,0.0
73.0,41.5,1,1,11,2,100.0,1.0,1041.0,0.3,6,200,54,medium,7.2,3.0
50.1,15.6,1,1,4,0,23.6,1.0,1117.0,0.35,5,145,30,low,4.5,1.5
66.7,26.2,1,0,7,2,61.0,1.0,1238.0,0.35,6,190,49,medium,6.2,2.3
43.6,9.1,1,1,8,2,100.0,0.307,594.0,0.5,8,440,46,medium,13.2,4.0
71.9,33.8,2,1,6,2,100.0,1.0,1197.0,0.3,8,180,56,medium,14.4,10.7
11.5,5.8,0,0,2,2,93.7,0.149,102.0,0.7,4,270,17,low,5.8,0.2
75.4,1.0,1,1,1,0,7.1,0.103,961.0,0.35,2,390,20,low,11.2,3.1
51.2,35.8,0,0,1,3,100.0,0.37,802.0,0.6,5,270,28,low,6.9,1.2
24.0,12.4,0,0,0,0,17.5,0.026,102.0,0.7,2,270,8,low,6.0,0.4
65.0,0.7,0,1,2,0,14.2,0.02,594.0,0.5,12,440,15,low,9.2,0.0
0.0,8.7,0,0,2,1,84.5,0.237,115.0,0.75,4,195,13,low,4.2,0.2
33.0,21.8,0,0,3,1,100.0,0.201,790.0,0.55,5,98,21,low,2.3,0.2
42.1,8.0,1,0,7,1,100.0,0.45,515.0,0.65,8,190,33,medium,5.7,1.7
33.3,7.5,0,0,6,0,96.6,0.154,790.0,0.55,5,98,24,low,2.1,0.1
30.2,11.2,0,0,4,2,100.0,0.166,790.0,0.55,4,98,25,low,2.2,0.1
43.7,0.7,1,1,0,0,15.2,0.01,574.0,0.55,11,380,14,low,10.9,3.0
64.9,0.3,0,0,2,1,4.0,0.141,1438.0,0.4,11,85,18,low,1.8,0.0
74.5,40.9,2,1,8,2,100.0,1.0,1041.0,0.3,8,200,64,high,16.8,12.6
38.3,31.1,0,0,4,0,48.7,1.0,750.0,0.5,8,340,24,low,8.4,1.3
63.8,4.8,2,2,0,2,6.6,0.179,870.0,0.45,3,310,33,medium,21.2,14.7
28.2,9.6,2,0,8,1,100.0,0.62,488.0,0.55,8,140,36,medium,9.8,6.9
34.4,4.1,1,0,0,0,15.2,0.022,502.0,0.6,3,270,19,low,7.9,2.3
83.7,2.1,1,1,1,1,7.3,0.105,961.0,0.35,3,390,25,low,11.3,3.1
30.1,0.4,1,0,0,1,12.1,0.03,762.0,0.55,12,265,10,low,7.6,2.1
44.2,1.9,0,0,0,2,12.4,0.031,802.0,0.6,3,270,14,low,5.7,0.1
16.8,5.7,0,0,0,0,13.4,0.034,115.0,0.75,3,195,2,low,4.2,0.1
0.0,2.5,0,0,7,1,100.0,0.266,40.0,0.75,6,310,25,low,6.5,0.1
54.8,9.3,1,0,2,0,4.7,0.173,1238.0,0.35,3,190,23,low,5.7,1.7
23.0,0.0,0,0,0,0,14.0,0.02,40.0,0.75,11,310,6,low,6.5,0.0
33.7,4.6,0,0,0,0,4.4,0.156,775.0,0.5,3,245,7,low,5.2,0.1
36.5,12.7,2,0,8,3,100.0,0.494,762.0,0.55,9,265,45,medium,18.9,13.3
23.1,21.6,2,0,5,3,100.0,0.77,470.0,0.55,8,215,43,medium,16.1,11.6
92.6,11.8,1,1,0,0,7.4,0.207,1041.0,0.3,3,200,25,low,6.1,1.9
26.9,28.6,1,1,6,1,100.0,1.0,250.0,0.6,6,230,43,medium,7.7,2.9
67.3,4.2,1,0,1,1,39.0,1.0,1197.0,0.3,10,180,27,low,5.3,1.5
55.0,26.3,0,1,12,2,45.8,1.0,750.0,0.5,6,340,45,medium,8.2,1.1
15.1,5.4,0,0,0,1,15.5,0.023,40.0,0.75,3,310,7,low,6.6,0.2
50.3,2.3,0,1,3,0,87.9,0.137,594.0,0.5,5,440,22,low,9.3,0.1
39.1,17.5,1,1,9,1,100.0,0.718,488.0,0.55,8,140,41,medium,4.4,1.5
45.7,7.0,1,1,3,1,89.0,0.306,578.0,0.45,10,168,35,medium,5.0,1.5
51.9,5.5,1,1,5,0,39.9,1.0,550.0,0.5,4,110,33,medium,3.2,0.9
41.5,0.9,0,0,0,1,3.1,0.174,750.0,0.5,11,340,13,low,7.1,0.0
34.0,0.3,0,0,5,1,100.0,0.252,202.0,0.7,9,330,21,low,6.9,0.0
39.7,0.3,1,0,0,3,10.1,0.081,250.0,0.6,1,230,20,low,6.6,1.8
71.7,8.6,1,1,7,3,46.9,1.0,1238.0,0.35,7,190,44,medium,5.7,1.7
64.3,20.0,1,1,13,1,56.0,1.0,1238.0,0.35,7,190,51,medium,6.0,2.1
20.4,22.0,0,0,2,3,34.6,1.0,775.0,0.5,5,245,24,low,5.7,0.6
29.1,3.5,0,0,3,2,89.9,0.141,202.0,0.7,4,330,22,low,7.0,0.1
40.7,0.4,0,0,0,3,3.0,0.172,750.0,0.5,12,340,14,low,7.1,0.0
45.7,6.8,0,0,2,0,20.5,1.0,750.0,0.5,5,340,18,low,7.3,0.3
54.4,1.3,1,1,0,2,3.1,0.175,1117.0,0.35,12,145,23,low,4.2,1.1
41.8,1.0,1,0,4,1,73.5,0.2,515.0,0.65,10,190,21,low,5.5,1.5
25.9,5.5,0,0,3,0,80.0,0.222,115.0,0.75,4,195,13,low,4.2,0.1
48.7,0.4,1,1,14,3,100.0,0.126,574.0,0.55,6,380,45,medium,10.9,3.0
53.0,0.6,0,0,1,0,8.1,0.041,797.0,0.4,2,74,12,low,1.5,0.0
41.8,2.0,1,1,18,1,62.4,1.0,550.0,0.5,7,110,44,medium,3.2,0.9
38.6,0.5,1,0,4,0,72.8,0.198,515.0,0.65,4,190,25,low,5.4,1.5
52.3,13.8,0,0,4,1,61.3,0.35,797.0,0.4,5,74,26,low,1.7,0.1
6.8,28.0,0,0,11,2,100.0,0.221,40.0,0.75,5,310,35,medium,7.5,1.1
41.7,1.6,2,2,8,1,61.9,1.0,870.0,0.45,8,310,48,medium,20.8,14.4
34.2,0.2,0,0,0,0,14.1,0.02,790.0,0.55,1,98,7,low,2.0,0.0
74.4,0.1,2,2,1,2,6.0,0.16,870.0,0.45,11,310,40,medium,20.7,14.2
20.3,0.1,0,0,0,1,7.0,0.1,422.0,0.65,2,485,7,low,10.1,0.0
58.9,11.7,1,0,4,3,74.1,1.0,1197.0,0.3,7,180,40,medium,5.5,1.7
37.4,5.4,0,0,2,0,14.4,0.045,688.0,0.6,1,210,8,low,4.5,0.1
28.9,5.5,1,1,12,0,66.6,1.0,550.0,0.5,8,110,42,medium,3.2,0.9
71.1,2.4,1,0,1,1,25.2,0.965,1238.0,0.35,10,190,24,low,5.5,1.5
50.7,13.2,1,1,5,1,22.8,1.0,1117.0,0.35,5,145,38,medium,4.4,1.4
48.1,0.0,0,0,0,2,7.0,0.1,422.0,0.65,12,485,11,low,10.1,0.0
66.8,21.7,1,0,9,0,57.4,1.0,1238.0,0.35,9,190,44,medium,6.1,2.1
5.1,5.9,0,0,0,1,14.5,0.046,20.0,0.8,3,320,1,low,6.9,0.2
13.9,1.3,0,0,12,2,100.0,0.387,115.0,0.75,6,195,30,low,4.1,0.0
35.4,4.7,0,0,1,0,4.4,0.156,775.0,0.5,3,245,8,low,5.2,0.1
53.0,5.6,2,0,5,3,44.5,1.0,1238.0,0.35,7,190,44,medium,13.0,9.1
53.0,22.5,1,0,6,0,100.0,0.203,502.0,0.6,5,270,31,medium,8.7,3.1
22.2,18.2,0,1,6,2,100.0,0.364,102.0,0.7,9,270,28,low,6.2,0.6
19.7,0.6,0,0,2,2,84.9,0.132,35.0,0.85,10,550,13,low,11.5,0.0
65.7,48.9,2,1,7,2,100.0,1.0,1041.0,0.3,6,200,67,high,17.6,13.5
63.7,12.6,2,2,2,1,45.1,1.0,870.0,0.45,5,310,44,medium,22.1,15.6
78.0,5.0,1,0,1,1,4.4,0.158,1238.0,0.35,2,190,19,low,5.6,1.6
32.4,0.2,0,0,2,0,4.0,0.141,775.0,0.5,3,245,5,low,5.1,0.0
41.0,28.6,1,1,4,0,100.0,0.111,574.0,0.55,5,380,31,medium,12.7,4.7
26.6,13.4,0,0,6,3,100.0,1.0,215.0,0.75,7,280,37,medium,6.3,0.4
11.4,4.9,0,0,5,0,92.2,0.146,35.0,0.85,4,550,16,low,11.7,0.3
40.5,2.6,1,0,5,2,82.1,0.277,488.0,0.55,4,140,34,medium,4.1,1.1
49.2,23.8,2,1,7,2,100.0,0.199,574.0,0.55,9,380,45,medium,28.8,20.8
23.7,72.4,0,1,14,0,100.0,0.703,594.0,0.5,7,440,47,medium,14.4,5.2
30.0,1.2,1,0,0,1,12.3,0.031,515.0,0.65,1,190,14,low,5.5,1.5
43.1,0.1,2,2,0,0,6.0,0.161,870.0,0.45,12,310,26,low,20.7,14.2
29.5,10.4,0,0,8,1,21.8,1.0,750.0,0.5,10,340,22,low,7.5,0.4
52.5,1.4,0,0,1,2,4.1,0.145,1438.0,0.4,3,85,15,low,1.8,0.0
46.9,0.7,0,0,0,2,14.2,0.02,790.0,0.55,12,98,11,low,2.0,0.0
50.5,1.0,1,0,1,2,13.3,0.041,488.0,0.55,3,140,23,low,4.0,1.1
10.0,0.8,0,0,0,0,12.2,0.031,115.0,0.75,12,195,2,low,4.1,0.0
50.5,0.1,1,0,4,0,72.1,0.195,515.0,0.65,4,190,22,low,5.4,1.5
21.6,21.7,0,0,12,2,100.0,0.385,202.0,0.7,7,330,41,medium,7.7,0.8
33.7,0.8,0,0,0,2,14.2,0.02,102.0,0.7,1,270,6,low,5.6,0.0
67.8,0.0,1,1,0,0,3.0,0.17,1117.0,0.35,1,145,22,low,4.1,1.1
5.2,2.7,0,0,0,1,14.8,0.021,40.0,0.75,11,310,11,low,6.5,0.1
46.6,3.1,1,0,5,1,100.0,0.269,502.0,0.6,8,270,27,low,7.8,2.2
16.4,3.2,0,0,3,1,89.4,0.14,102.0,0.7,5,270,17,low,5.7,0.1
14.7,0.4,0,0,0,3,14.1,0.02,35.0,0.85,2,550,14,low,11.5,0.0
36.9,0.8,0,0,4,3,79.2,0.265,408.0,0.6,10,240,29,low,5.0,0.0
43.7,1.5,0,0,1,0,12.4,0.031,802.0,0.6,11,270,8,low,5.7,0.0
39.3,2.3,0,0,3,2,14.6,0.021,202.0,0.7,3,330,22,low,7.0,0.1
31.6,2.7,1,1,5,0,38.0,1.0,550.0,0.5,10,110,27,low,3.2,0.9
52.5,58.2,2,1,9,2,100.0,0.92,762.0,0.55,9,265,64,high,24.9,19.4
44.1,4.3,1,0,6,0,65.1,0.576,250.0,0.6,10,230,21,low,6.7,1.9
7.9,5.4,0,0,6,0,100.0,0.284,68.0,0.85,9,175,18,low,3.7,0.1
65.1,2.5,1,0,1,3,6.3,0.17,1197.0,0.3,3,180,21,low,5.2,1.5
23.8,1.4,0,0,1,0,14.4,0.021,68.0,0.85,12,175,3,low,3.7,0.0
18.4,18.7,0,0,8,1,100.0,0.734,408.0,0.6,9,240,34,medium,5.5,0.5
52.0,50.9,0,0,8,0,100.0,0.852,802.0,0.6,8,270,44,medium,7.5,1.9
28.0,35.5,1,0,6,2,68.4,1.0,775.0,0.5,7,245,39,medium,8.5,3.4
25.2,0.5,0,0,1,2,8.1,0.04,115.0,0.75,2,195,12,low,4.1,0.0
62.5,0.6,1,1,0,1,6.1,0.163,1041.0,0.3,2,200,23,low,5.7,1.6
53.5,7.0,1,1,1,1,17.1,0.012,574.0,0.55,3,380,21,low,11.3,3.3
50.7,0.9,1,0,0,0,4.1,0.143,1238.0,0.35,12,190,10,low,5.5,1.5
1.2,2.7,0,0,1,0,14.8,0.021,40.0,0.75,2,310,6,low,6.5,0.1
44.0,57.7,1,1,11,2,100.0,0.61,594.0,0.5,7,440,60,medium,17.7,8.5
52.1,0.6,2,2,3,3,6.1,0.162,870.0,0.45,11,310,36,medium,20.7,14.3
49.8,3.3,0,0,8,1,19.2,1.0,750.0,0.5,4,340,30,low,7.2,0.1
67.1,8.8,1,1,14,0,70.6,1.0,1197.0,0.3,7,180,49,medium,5.4,1.6
32.1,1.4,0,0,3,0,7.2,0.104,422.0,0.65,11,485,6,low,10.2,0.1
13.3,3.4,0,0,0,1,15.0,0.022,68.0,0.85,11,175,7,low,3.7,0.1
15.3,66.1,0,0,5,2,100.0,0.663,35.0,0.85,7,550,40,medium,17.1,5.7
19.1,1.7,0,0,0,0,14.5,0.021,202.0,0.7,2,330,5,low,6.9,0.1
55.5,0.9,1,0,0,1,8.1,0.041,470.0,0.55,12,215,18,low,6.2,1.7
0.0,1.8,0,0,0,3,14.5,0.021,35.0,0.85,12,550,6,low,11.6,0.1
51.3,1.1,1,0,1,0,12.3,0.031,762.0,0.55,2,265,12,low,7.6,2.1
45.3,11.8,1,1,9,3,100.0,0.647,578.0,0.45,6,168,47,medium,5.1,1.6
40.0,6.3,1,0,3,0,9.0,0.046,470.0,0.55,2,215,17,low,6.3,1.9
58.7,0.7,1,1,2,1,3.0,0.173,1117.0,0.35,12,145,22,low,4.2,1.1
45.0,5.5,1,1,0,3,6.7,0.182,550.0,0.5,11,110,27,low,3.2,0.9
40.7,11.9,0,0,4,3,49.5,1.0,775.0,0.5,8,245,29,low,5.4,0.3
16.8,24.4,1,0,5,2,100.0,1.0,215.0,0.75,9,280,36,medium,9.1,3.3
27.7,0.0,0,0,0,0,14.0,0.02,35.0,0.85,2,550,8,low,11.5,0.0
8.9,24.8,0,0,8,1,89.7,0.842,215.0,0.75,4,280,28,low,6.7,0.8
51.0,0.4,1,0,2,0,12.1,0.03,515.0,0.65,1,190,14,low,5.4,1.5
24.7,0.3,1,0,2,1,14.1,0.02,502.0,0.6,2,270,14,low,7.7,2.1
33.2,4.1,0,0,3,0,15.1,0.022,790.0,0.55,3,98,11,low,2.1,0.0
87.3,13.8,1,1,2,0,7.7,0.215,1041.0,0.3,3,200,31,medium,6.1,2.0
7.3,1.5,0,0,0,1,14.4,0.021,35.0,0.85,2,550,8,low,11.5,0.1
46.0,74.2,2,1,4,1,100.0,0.357,574.0,0.55,8,380,59,medium,40.3,32.4
23.2,57.9,0,0,11,2,100.0,1.0,215.0,0.75,8,280,44,medium,8.2,2.4
35.2,1.9,0,0,2,3,14.5,0.021,790.0,0.55,1,98,19,low,2.1,0.0
42.0,10.9,0,1,6,3,100.0,0.318,594.0,0.5,7,440,32,medium,9.7,0.5
33.5,5.6,0,1,4,0,33.4,1.0,750.0,0.5,8,340,23,low,7.3,0.2
52.5,0.0,2,2,0,0,6.0,0.16,870.0,0.45,12,310,23,low,20.7,14.2
45.4,8.6,1,1,1,0,3.5,0.207,1117.0,0.35,3,145,23,low,4.3,1.3
48.3,1.7,0,0,8,2,82.8,0.521,797.0,0.4,8,74,31,medium,1.6,0.0
35.7,1.5,0,0,0,1,10.3,0.083,215.0,0.75,11,280,9,low,5.9,0.0
43.8,25.0,0,0,11,0,100.0,1.0,422.0,0.65,8,485,38,medium,11.5,1.4
35.7,6.5,1,0,7,2,100.0,0.291,502.0,0.6,7,270,35,medium,8.0,2.3
55.5,11.3,0,0,1,1,58.8,0.333,797.0,0.4,10,74,23,low,1.6,0.1
61.1,14.5,1,0,9,2,77.4,1.0,1197.0,0.3,6,180,45,medium,5.5,1.8
38.4,31.5,1,0,6,2,100.0,0.67,515.0,0.65,6,190,44,medium,6.4,2.5
35.3,1.2,0,0,0,0,14.3,0.021,790.0,0.55,11,98,2,low,2.1,0.0
18.1,27.4,0,0,3,1,100.0,0.421,35.0,0.85,7,550,22,low,13.3,1.8
38.6,0.3,0,0,0,1,4.0,0.141,775.0,0.5,1,245,10,low,5.1,0.0
51.4,21.7,0,0,2,1,100.0,0.401,688.0,0.6,4,210,31,medium,4.9,0.5
24.6,2.1,0,0,0,0,14.6,0.021,202.0,0.7,12,330,5,low,6.9,0.1
50.0,1.8,2,2,1,0,6.2,0.167,870.0,0.45,2,310,22,low,20.9,14.4
34.6,7.9,0,0,5,1,100.0,0.3,790.0,0.55,9,98,24,low,2.1,0.1
50.1,0.6,1,1,6,1,18.2,1.0,1117.0,0.35,10,145,31,medium,4.2,1.1
20.9,29.3,0,0,4,0,76.1,0.45,115.0,0.75,5,195,25,low,4.8,0.7
21.0,0.9,0,0,3,0,42.8,0.665,422.0,0.65,10,485,17,low,10.1,0.0
53.6,11.9,2,1,11,1,74.3,1.0,1041.0,0.3,7,200,46,medium,14.2,10.0
0.4,3.6,0,0,8,2,100.0,0.273,35.0,0.85,8,550,24,low,11.7,0.2
63.1,62.3,0,1,6,2,89.9,1.0,1438.0,0.4,8,85,50,medium,2.6,0.8
41.6,6.0,0,0,1,1,4.5,0.161,1438.0,0.4,3,85,14,low,1.8,0.1
66.0,4.8,1,0,6,2,43.9,1.0,1238.0,0.35,7,190,37,medium,5.6,1.6
26.1,6.5,0,0,5,1,100.0,0.29,102.0,0.7,9,270,16,low,5.8,0.2
60.9,19.9,2,2,4,1,50.3,1.0,870.0,0.45,10,310,48,medium,22.9,16.5
56.2,2.4,1,0,2,2,81.7,0.276,488.0,0.55,10,140,25,low,4.0,1.1
32.0,0.1,0,0,0,2,14.0,0.02,202.0,0.7,12,330,16,low,6.9,0.0
16.1,1.0,0,0,4,0,85.7,0.133,35.0,0.85,10,550,13,low,11.5,0.1
9.2,0.7,0,0,4,2,85.3,0.132,102.0,0.7,10,270,16,low,5.6,0.0
36.9,0.4,0,1,8,2,70.6,1.0,422.0,0.65,7,485,35,medium,10.1,0.0
61.1,33.1,2,2,13,1,99.7,1.0,870.0,0.45,9,310,67,high,24.8,18.3
74.7,2.3,1,1,1,1,37.7,1.0,1041.0,0.3,4,200,25,low,5.8,1.6
28.1,20.2,0,0,3,1,100.0,0.391,20.0,0.8,10,320,23,low,7.4,0.7
42.5,0.5,0,0,0,1,12.1,0.03,802.0,0.6,1,270,13,low,5.6,0.0
54.6,0.9,1,1,0,1,15.3,0.01,574.0,0.55,3,380,15,low,10.9,3.0
34.1,1.5,0,0,0,3,13.4,0.042,408.0,0.6,11,240,10,low,5.0,0.0
54.5,2.2,1,1,5,3,43.8,0.685,961.0,0.35,5,390,41,medium,11.3,3.1
82.0,29.8,1,1,6,2,28.7,1.0,1117.0,0.35,10,145,49,medium,4.9,1.8
34.5,2.1,1,0,3,1,100.0,0.263,502.0,0.6,9,270,20,low,7.8,2.2
46.6,8.0,0,0,0,2,15.1,0.048,688.0,0.6,3,210,19,low,4.6,0.2
52.1,18.7,2,2,9,3,82.4,1.0,870.0,0.45,7,310,53,medium,22.8,16.3
22.3,2.4,0,0,4,0,14.7,0.021,102.0,0.7,11,270,11,low,5.7,0.1
47.0,4.5,0,0,7,2,52.3,0.289,115.0,0.75,5,195,27,low,4.2,0.1
54.5,9.4,1,0,4,1,85.5,0.241,762.0,0.55,5,265,31,medium,7.9,2.4
38.9,91.3,0,1,4,0,100.0,1.0,688.0,0.6,7,210,46,medium,8.0,3.7
28.6,17.7,0,0,9,2,100.0,0.187,790.0,0.55,4,98,32,medium,2.2,0.2
63.4,5.8,2,2,5,3,67.0,1.0,870.0,0.45,8,310,51,medium,21.3,14.8
72.0,3.5,1,1,2,3,3.2,0.185,1117.0,0.35,11,145,29,low,4.2,1.2
51.0,6.6,1,1,0,0,14.7,0.047,578.0,0.45,3,168,20,low,5.0,1.5
38.0,0.8,0,0,2,2,85.4,0.133,790.0,0.55,5,98,20,low,2.1,0.0
36.7,3.2,1,1,1,1,6.4,0.173,550.0,0.5,11,110,23,low,3.2,0.9
19.2,0.3,0,0,1,1,14.1,0.02,40.0,0.75,12,310,12,low,6.5,0.0
44.3,3.9,0,0,0,2,15.1,0.022,790.0,0.55,1,98,14,low,2.1,0.0
0.0,11.8,0,0,11,3,100.0,0.324,202.0,0.7,6,330,34,medium,7.3,0.4
12.7,2.8,1,0,6,3,84.5,0.535,115.0,0.75,6,195,34,medium,5.7,1.6
42.7,0.2,1,0,2,2,8.0,0.04,470.0,0.55,12,215,19,low,6.1,1.7
8.1,0.0,0,0,0,1,13.0,0.04,688.0,0.6,2,210,3,low,4.4,0.0
47.1,9.6,1,0,0,1,11.9,0.099,250.0,0.6,2,230,15,low,6.9,2.1
35.3,8.9,1,1,2,1,100.0,0.08,574.0,0.55,5,380,22,low,11.4,3.4
32.4,6.5,0,0,3,1,94.9,0.151,202.0,0.7,4,330,21,low,7.1,0.2
77.4,20.3,2,1,6,2,84.3,1.0,1041.0,0.3,6,200,53,medium,14.8,10.7
36.3,40.8,0,0,8,0,100.0,1.0,688.0,0.6,7,210,36,medium,5.5,1.1
21.2,1.2,0,0,1,1,79.9,0.268,408.0,0.6,5,240,11,low,5.0,0.0
20.2,2.7,0,0,3,0,82.3,0.278,20.0,0.8,10,320,13,low,6.8,0.1
60.5,0.3,1,0,3,3,4.0,0.141,1238.0,0.35,12,190,22,low,5.4,1.5
55.5,41.5,1,1,6,2,100.0,1.0,1041.0,0.3,9,200,50,medium,7.2,3.0
46.7,21.8,1,1,1,0,8.6,0.247,550.0,0.5,3,110,24,low,3.5,1.2
77.1,17.7,1,0,1,0,32.5,1.0,1238.0,0.35,5,190,32,medium,6.0,2.0
21.7,2.0,0,0,1,1,14.6,0.021,40.0,0.75,12,310,5,low,6.5,0.1
51.9,1.2,1,0,1,3,14.3,0.021,502.0,0.6,12,270,20,low,7.8,2.1
40.0,24.1,0,0,3,1,100.0,0.416,688.0,0.6,5,210,30,low,5.0,0.6
28.2,3.5,2,2,0,3,6.4,0.174,870.0,0.45,11,310,34,medium,21.0,14.6
50.8,0.5,1,0,1,0,4.0,0.142,1238.0,0.35,11,190,15,low,5.4,1.5
25.6,52.5,0,0,6,3,100.0,1.0,688.0,0.6,8,210,50,medium,5.9,1.6
29.5,4.8,1,0,1,0,52.7,0.292,470.0,0.55,5,215,21,low,6.3,1.8
33.5,34.3,0,0,3,0,100.0,0.483,688.0,0.6,5,210,24,low,5.3,0.9
46.7,35.0,1,0,5,3,100.0,0.703,762.0,0.55,8,265,45,medium,9.2,3.7
36.6,1.2,0,0,0,0,8.2,0.041,115.0,0.75,1,195,6,low,4.1,0.0
33.4,46.3,0,0,4,1,100.0,0.539,202.0,0.7,8,330,35,medium,8.9,2.1
58.6,0.6,0,0,1,1,4.0,0.142,1438.0,0.4,12,85,13,low,1.8,0.0
28.4,28.6,0,0,0,1,22.0,0.034,35.0,0.85,3,550,16,low,13.4,1.9
30.0,4.0,1,0,1,0,10.8,0.088,250.0,0.6,2,230,15,low,6.7,1.9
83.6,5.2,1,1,9,2,66.3,1.0,1041.0,0.3,8,200,46,medium,5.9,1.7
45.8,0.9,0,0,0,1,12.2,0.031,802.0,0.6,11,270,14,low,5.7,0.0
40.2,0.9,1,0,1,1,12.2,0.031,515.0,0.65,1,190,18,low,5.5,1.5
54.9,7.1,2,2,8,0,68.5,1.0,870.0,0.45,6,310,42,medium,21.4,15.0
58.5,4.6,0,0,6,2,100.0,0.557,688.0,0.6,9,210,32,medium,4.5,0.1
53.9,5.1,1,0,2,1,79.3,0.22,515.0,0.65,10,190,21,low,5.6,1.6
81.8,25.0,2,1,8,2,90.0,1.0,1041.0,0.3,8,200,62,high,15.2,11.1
0.0,2.9,0,0,1,1,13.8,0.043,20.0,0.8,3,320,6,low,6.8,0.1
69.0,22.2,1,1,4,0,52.0,1.0,1041.0,0.3,5,200,36,medium,6.4,2.3
16.5,7.2,0,0,6,3,91.6,0.59,115.0,0.75,6,195,34,medium,4.2,0.2
40.2,1.1,1,0,0,3,13.3,0.041,488.0,0.55,1,140,20,low,4.0,1.1
23.9,2.2,1,0,0,3,13.6,0.042,488.0,0.55,2,140,19,low,4.0,1.1
55.7,2.1,1,1,3,2,81.2,0.274,578.0,0.45,5,168,30,low,4.9,1.4
39.8,1.0,1,0,0,1,12.2,0.031,762.0,0.55,1,265,5,low,7.6,2.1
93.8,6.7,1,1,5,0,20.4,1.0,1117.0,0.35,10,145,36,medium,4.3,1.3
29.3,45.3,0,0,7,2,100.0,0.533,202.0,0.7,6,330,41,medium,8.9,2.0
35.2,0.3,0,0,3,1,14.1,0.02,68.0,0.85,12,175,13,low,3.7,0.0
51.6,0.8,1,1,0,1,7.1,0.102,961.0,0.35,11,390,15,low,11.2,3.1
34.8,2.3,1,0,1,0,13.6,0.042,488.0,0.55,12,140,17,low,4.0,1.1
21.0,12.8,1,1,2,2,45.2,1.0,550.0,0.5,5,110,31,medium,3.4,1.1
33.1,0.1,0,0,1,1,8.0,0.04,797.0,0.4,3,74,11,low,1.5,0.0
26.6,14.8,0,0,3,0,100.0,0.356,408.0,0.6,10,240,20,low,5.4,0.4
69.0,2.1,1,0,1,1,6.2,0.168,1197.0,0.3,12,180,19,low,5.2,1.4
16.1,11.7,0,0,0,1,9.9,0.052,115.0,0.75,3,195,11,low,4.3,0.3
45.3,0.5,0,0,1,0,12.1,0.03,115.0,0.75,1,195,8,low,4.1,0.0
13.5,7.4,0,0,5,1,89.6,0.308,20.0,0.8,4,320,20,low,6.9,0.3
50.4,16.7,0,0,11,2,100.0,0.709,688.0,0.6,6,210,39,medium,4.8,0.4
26.4,0.9,0,0,0,1,14.2,0.02,202.0,0.7,1,330,4,low,6.9,0.0
84.6,2.4,1,1,1,0,6.3,0.17,1041.0,0.3,12,200,25,low,5.8,1.6
20.0,0.1,0,0,0,0,13.0,0.04,408.0,0.6,12,240,2,low,5.0,0.0
68.6,0.0,1,1,3,1,3.0,0.17,1117.0,0.35,12,145,23,low,4.1,1.1
10.2,2.1,0,0,1,1,14.6,0.021,102.0,0.7,2,270,11,low,5.7,0.1
33.7,8.7,1,0,4,1,100.0,0.304,502.0,0.6,6,270,29,low,8.1,2.4
28.8,6.1,0,0,6,3,26.9,1.0,775.0,0.5,10,245,29,low,5.3,0.2
8.8,0.2,0,0,1,0,14.1,0.02,40.0,0.75,1,310,4,low,6.5,0.0
54.5,4.3,0,0,2,3,52.1,0.288,797.0,0.4,5,74,25,low,1.6,0.0
41.7,6.7,1,0,2,3,4.5,0.164,1238.0,0.35,3,190,22,low,5.6,1.7
18.0,2.4,0,0,3,0,88.1,0.138,40.0,0.75,10,310,12,low,6.5,0.1
30.3,11.0,1,1,12,1,100.0,0.479,762.0,0.55,9,265,38,medium,8.0,2.5
52.0,0.4,1,1,2,0,7.1,0.101,961.0,0.35,3,390,18,low,11.2,3.0
55.2,8.6,2,1,12,0,100.0,0.152,574.0,0.55,7,380,39,medium,26.5,18.6
21.2,0.8,0,0,0,1,14.2,0.02,40.0,0.75,3,310,7,low,6.5,0.0
36.1,1.2,1,1,1,0,6.1,0.165,550.0,0.5,12,110,19,low,3.2,0.9
62.1,27.0,1,1,2,3,27.7,1.0,1117.0,0.35,5,145,45,medium,4.8,1.8
9.9,3.9,0,0,6,2,84.0,0.285,20.0,0.8,10,320,22,low,6.8,0.1
6.3,49.0,0,0,5,3,100.0,1.0,20.0,0.8,9,320,41,medium,8.8,2.2
57.4,1.6,1,1,0,3,6.2,0.167,1041.0,0.3,12,200,25,low,5.8,1.6
33.1,8.4,0,0,4,2,100.0,0.454,115.0,0.75,9,195,23,low,4.2,0.2
37.0,0.8,0,0,3,0,3.0,0.173,750.0,0.5,1,340,8,low,7.1,0.0
30.8,3.5,1,0,4,0,89.8,0.141,502.0,0.6,4,270,19,low,7.9,2.2
33.0,1.3,0,0,3,0,43.1,0.67,422.0,0.65,5,485,14,low,10.2,0.1
47.7,42.2,2,1,6,3,100.0,1.0,961.0,0.35,7,390,60,medium,33.0,24.8
36.4,0.1,0,0,1,1,10.0,0.08,215.0,0.75,1,280,10,low,5.8,0.0
43.2,85.4,1,1,13,3,100.0,1.0,215.0,0.75,8,280,68,high,14.0,8.1
39.2,4.1,0,0,0,0,13.0,0.033,115.0,0.75,2,195,7,low,4.1,0.1
31.0,23.8,0,0,5,0,100.0,0.414,408.0,0.6,5,240,22,low,5.7,0.7
27.9,0.1,1,0,0,1,12.0,0.03,762.0,0.55,12,265,13,low,7.6,2.1
63.8,10.2,1,1,7,2,43.4,1.0,550.0,0.5,10,110,42,medium,3.3,1.0
22.9,6.5,0,0,7,3,88.1,0.302,408.0,0.6,10,240,26,low,5.2,0.2
19.3,12.0,0,0,9,0,100.0,0.325,68.0,0.85,9,175,31,medium,3.9,0.2
28.1,3.3,0,0,2,2,89.6,0.141,102.0,0.7,4,270,16,low,5.7,0.1
2.8,29.5,0,0,9,2,100.0,0.434,35.0,0.85,6,550,32,medium,13.4,2.0
30.0,4.7,0,1,10,3,100.0,0.28,594.0,0.5,7,440,39,medium,9.4,0.2
6.5,2.8,0,1,9,0,100.0,0.267,35.0,0.85,6,550,21,low,11.6,0.2
32.3,17.0,0,0,7,1,93.7,1.0,422.0,0.65,8,485,30,low,11.0,0.9
22.8,22.0,0,0,5,2,100.0,0.388,68.0,0.85,6,175,27,low,4.1,0.5
37.3,32.1,0,0,10,3,49.3,1.0,750.0,0.5,6,340,47,medium,8.4,1.4
45.2,2.8,1,0,0,2,76.0,0.209,515.0,0.65,4,190,26,low,5.5,1.5
62.4,9.2,1,0,10,2,71.1,1.0,1197.0,0.3,6,180,47,medium,5.4,1.6
68.1,0.2,0,0,1,0,8.0,0.04,797.0,0.4,2,74,9,low,1.5,0.0
47.4,17.1,0,0,3,3,96.6,0.278,802.0,0.6,4,270,31,medium,6.1,0.5
20.4,1.5,1,0,0,0,8.2,0.041,470.0,0.55,2,215,12,low,6.2,1.7
46.1,5.0,0,0,2,0,14.3,0.045,408.0,0.6,3,240,10,low,5.1,0.1
29.0,20.8,1,0,1,1,67.9,0.395,470.0,0.55,5,215,21,low,6.9,2.4
22.6,0.7,0,0,0,0,12.2,0.03,115.0,0.75,2,195,6,low,4.1,0.0
54.9,1.7,1,1,2,2,3.1,0.177,1117.0,0.35,12,145,20,low,4.2,1.2
54.9,0.4,2,2,1,1,6.1,0.162,870.0,0.45,11,310,30,low,20.7,14.3
31.7,2.3,0,0,0,0,4.2,0.148,775.0,0.5,11,245,8,low,5.2,0.1
75.2,7.6,2,0,6,1,46.1,1.0,1238.0,0.35,9,190,44,medium,13.2,9.2
54.5,2.4,0,0,8,2,83.9,0.53,797.0,0.4,8,74,35,medium,1.6,0.0
32.3,32.6,0,0,8,2,100.0,0.454,202.0,0.7,7,330,34,medium,8.2,1.3
61.9,0.9,1,1,0,1,3.1,0.174,1117.0,0.35,11,145,24,low,4.2,1.1
15.4,4.5,0,0,11,1,100.0,0.278,40.0,0.75,9,310,30,low,6.6,0.1
40.1,1.0,1,0,0,1,13.3,0.041,488.0,0.55,11,140,15,low,4.0,1.1
33.6,10.8,0,0,9,2,100.0,0.476,115.0,0.75,8,195,32,medium,4.3,0.2
27.4,31.8,0,0,1,1,100.0,0.233,202.0,0.7,5,330,26,low,8.2,1.3
16.1,10.7,0,0,12,3,100.0,0.317,202.0,0.7,8,330,36,medium,7.3,0.4
81.1,2.9,2,2,9,1,38.1,1.0,870.0,0.45,4,310,49,medium,21.0,14.5
61.6,0.5,1,0,0,0,36.4,1.0,1197.0,0.3,10,180,22,low,5.2,1.4
16.7,1.1,0,0,1,1,14.3,0.021,102.0,0.7,1,270,10,low,5.7,0.0
17.0,51.6,2,1,6,1,100.0,1.0,250.0,0.6,7,230,53,medium,20.7,15.9
13.3,61.7,0,0,9,0,100.0,1.0,20.0,0.8,6,320,37,medium,9.6,3.0
26.9,9.0,1,0,0,0,11.8,0.098,250.0,0.6,1,230,12,low,6.9,2.1
67.4,2.5,1,1,0,2,7.3,0.106,961.0,0.35,3,390,24,low,11.3,3.2
28.5,0.4,1,0,0,0,8.1,0.04,470.0,0.55,1,215,9,low,6.2,1.7
70.9,24.2,2,2,10,1,89.1,1.0,870.0,0.45,6,310,57,medium,23.5,17.1
42.5,7.3,0,0,2,2,20.6,1.0,750.0,0.5,10,340,20,low,7.4,0.3
41.9,3.1,0,0,0,0,4.2,0.151,1438.0,0.4,3,85,10,low,1.8,0.0
25.8,0.5,0,0,1,3,14.1,0.02,202.0,0.7,12,330,11,low,6.9,0.0
7.7,0.6,0,0,0,0,13.2,0.041,20.0,0.8,11,320,0,low,6.7,0.0
44.9,0.9,0,0,0,0,14.3,0.02,790.0,0.55,1,98,13,low,2.1,0.0
0.0,6.6,0,0,0,1,15.9,0.023,68.0,0.85,3,175,5,low,3.8,0.1
69.1,0.1,1,1,3,1,7.0,0.1,961.0,0.35,12,390,27,low,11.1,3.0
32.4,8.8,0,0,3,1,70.5,0.634,215.0,0.75,5,280,17,low,6.1,0.3
67.3,0.1,1,0,1,1,4.0,0.14,1238.0,0.35,12,190,24,low,5.4,1.5
51.5,17.4,1,0,3,0,64.7,0.373,470.0,0.55,5,215,29,low,6.7,2.2
33.9,1.4,1,0,0,0,12.3,0.031,515.0,0.65,1,190,11,low,5.5,1.5
28.6,1.0,0,0,0,3,14.3,0.021,790.0,0.55,12,98,17,low,2.1,0.0
34.0,14.2,0,0,5,1,100.0,0.176,790.0,0.55,4,98,23,low,2.2,0.2
12.0,0.0,0,0,2,0,12.0,0.03,115.0,0.75,11,195,6,low,4.1,0.0
53.2,2.3,1,1,2,0,13.6,0.042,578.0,0.45,2,168,23,low,4.9,1.4
51.1,2.3,1,1,1,1,7.3,0.106,961.0,0.35,3,390,19,low,11.3,3.1
43.3,2.0,0,0,0,0,14.5,0.021,790.0,0.55,2,98,7,low,2.1,0.0
19.7,1.0,0,0,0,2,12.2,0.031,115.0,0.75,12,195,12,low,4.1,0.0
23.9,17.3,0,0,7,1,100.0,1.0,215.0,0.75,8,280,28,low,6.4,0.6
43.6,5.0,0,0,4,0,85.8,0.292,688.0,0.6,4,210,23,low,4.5,0.1
25.9,1.1,1,0,1,0,8.2,0.041,470.0,0.55,1,215,3,low,6.2,1.7
1.1,0.1,0,0,5,2,14.0,0.02,35.0,0.85,11,550,17,low,11.5,0.0
63.2,3.4,1,1,5,2,32.1,1.0,1117.0,0.35,7,145,40,medium,4.2,1.2
65.6,4.5,1,0,0,1,6.5,0.178,1197.0,0.3,1,180,19,low,5.3,1.5
36.7,17.9,0,0,8,2,100.0,1.0,215.0,0.75,9,280,41,medium,6.4,0.6
49.6,5.4,0,0,2,2,66.5,0.591,215.0,0.75,4,280,22,low,6.0,0.2
49.2,0.3,1,1,0,1,15.1,0.01,574.0,0.55,1,380,17,low,10.9,3.0
67.5,0.8,2,1,12,3,60.9,1.0,1041.0,0.3,9,200,52,medium,13.4,9.2
5.5,19.2,0,0,13,2,100.0,0.739,115.0,0.75,8,195,34,medium,4.5,0.4
39.0,2.8,0,0,8,0,42.2,1.0,775.0,0.5,8,245,23,low,5.2,0.1
67.5,3.8,1,0,0,0,6.5,0.175,1197.0,0.3,12,180,18,low,5.2,1.5
10.8,9.9,0,0,7,1,47.9,1.0,775.0,0.5,8,245,19,low,5.4,0.3
53.7,4.2,0,0,5,2,26.0,1.0,1438.0,0.4,10,85,23,low,1.8,0.0
70.8,6.9,1,1,1,2,8.0,0.117,961.0,0.35,3,390,28,low,11.5,3.4
46.9,27.9,0,0,7,2,100.0,0.849,797.0,0.4,7,74,36,medium,1.8,0.2
52.6,30.1,1,0,5,3,64.1,1.0,1238.0,0.35,8,190,37,medium,6.4,2.4
27.2,31.6,0,0,3,1,100.0,0.465,408.0,0.6,5,240,30,low,5.9,0.9
35.1,4.9,0,0,0,1,15.4,0.022,202.0,0.7,11,330,12,low,7.0,0.2
43.9,6.3,0,0,1,0,81.1,0.226,802.0,0.6,4,270,21,low,5.8,0.2
30.6,0.7,0,0,2,2,10.1,0.081,215.0,0.75,2,280,8,low,5.9,0.0
25.4,13.2,0,0,0,0,75.8,0.691,215.0,0.75,5,280,20,low,6.2,0.4
28.9,2.1,1,0,0,0,14.6,0.021,502.0,0.6,1,270,10,low,7.8,2.2
9.9,5.7,0,1,13,0,100.0,0.571,20.0,0.8,6,320,25,low,6.9,0.2
20.3,3.3,1,0,1,2,10.7,0.087,250.0,0.6,1,230,12,low,6.7,1.9
53.8,160.4,0,0,6,1,100.0,1.0,1438.0,0.4,7,85,52,medium,9.0,7.2
44.6,15.2,1,0,8,1,100.0,0.69,488.0,0.55,8,140,32,medium,4.3,1.4
57.8,1.8,0,0,0,2,4.1,0.146,775.0,0.5,1,245,15,low,5.2,0.0
43.2,2.5,1,1,1,2,6.3,0.17,550.0,0.5,3,110,23,low,3.2,0.9
42.7,9.9,1,0,2,1,71.9,0.649,250.0,0.6,10,230,23,low,6.9,2.1
36.1,35.4,1,0,6,3,100.0,0.471,502.0,0.6,8,270,47,medium,9.4,3.7
40.8,2.1,0,1,3,2,14.6,0.021,594.0,0.5,2,440,20,low,9.3,0.1
1.6,1.6,0,0,7,0,100.0,0.26,35.0,0.85,9,550,23,low,11.6,0.1
45.0,2.4,0,1,4,3,88.1,0.138,594.0,0.5,4,440,31,medium,9.3,0.1
54.3,0.9,1,0,1,0,12.2,0.031,762.0,0.55,12,265,21,low,7.6,2.1
38.2,2.4,1,0,13,3,31.4,1.0,750.0,0.5,9,340,39,medium,9.8,2.7
24.9,2.0,0,0,1,0,12.5,0.032,115.0,0.75,11,195,6,low,4.1,0.0
48.9,0.4,1,0,1,2,12.1,0.03,515.0,0.65,2,190,18,low,5.4,1.5
38.8,29.9,0,0,9,0,47.9,1.0,750.0,0.5,7,340,34,medium,8.3,1.2
34.1,27.0,1,0,7,0,100.0,1.0,422.0,0.65,6,485,37,medium,16.0,5.9
33.2,47.7,1,1,8,1,100.0,1.0,550.0,0.5,6,110,49,medium,4.1,1.8
27.0,9.6,0,0,0,2,15.5,0.05,688.0,0.6,3,210,17,low,4.6,0.2
35.3,25.9,1,1,11,0,100.0,0.206,574.0,0.55,7,380,39,medium,12.5,4.6
55.7,0.4,2,1,13,3,30.2,1.0,1117.0,0.35,7,145,53,medium,9.7,6.7
26.6,1.7,1,1,0,0,15.5,0.01,574.0,0.55,11,380,14,low,11.0,3.0
48.1,63.8,0,0,8,0,100.0,0.649,790.0,0.55,8,98,50,medium,3.0,1.0
51.0,0.4,1,1,0,0,15.1,0.01,574.0,0.55,2,380,12,low,10.9,3.0
77.5,2.0,1,1,10,0,62.4,1.0,1041.0,0.3,7,200,38,medium,5.8,1.6
37.1,54.6,2,0,5,2,100.0,0.591,502.0,0.6,7,270,47,medium,24.8,19.1
13.1,0.7,0,0,5,0,73.1,0.199,115.0,0.75,10,195,15,low,4.1,0.0
35.3,0.1,1,1,3,1,90.2,0.065,574.0,0.55,5,380,27,low,10.9,2.9
45.0,0.3,2,2,0,2,6.0,0.161,870.0,0.45,12,310,33,medium,20.7,14.2
41.5,4.1,0,0,0,2,4.3,0.154,775.0,0.5,1,245,14,low,5.2,0.1
35.3,8.4,1,1,1,3,100.0,0.079,574.0,0.55,10,380,34,medium,11.3,3.4
57.3,21.3,2,0,4,3,100.0,0.766,470.0,0.55,8,215,45,medium,16.0,11.6
43.3,0.9,0,0,1,0,3.1,0.174,750.0,0.5,12,340,5,low,7.1,0.0
46.8,21.1,1,0,7,2,68.3,0.397,470.0,0.55,4,215,35,medium,6.9,2.4
19.9,1.8,0,0,0,1,14.5,0.021,202.0,0.7,1,330,8,low,6.9,0.1
32.8,1.6,0,0,2,2,8.3,0.042,797.0,0.4,12,74,12,low,1.6,0.0
39.7,57.6,1,1,6,1,100.0,0.915,515.0,0.65,9,190,50,medium,7.6,3.7
17.4,9.6,1,0,10,2,100.0,0.31,202.0,0.7,9,330,35,medium,9.9,3.0
43.1,3.4,1,0,1,0,12.8,0.033,762.0,0.55,1,265,13,low,7.7,2.2
15.7,14.1,0,0,1,2,100.0,0.351,20.0,0.8,4,320,19,low,7.2,0.5
73.3,1.5,2,2,1,1,6.2,0.166,870.0,0.45,12,310,26,low,20.8,14.4
35.8,14.3,1,0,2,2,12.9,0.109,250.0,0.6,2,230,21,low,7.1,2.3
66.2,17.5,1,0,3,1,32.4,1.0,1238.0,0.35,5,190,34,medium,5.9,2.0
39.5,1.9,0,0,0,0,4.2,0.147,775.0,0.5,2,245,5,low,5.2,0.0
51.5,25.6,1,1,4,2,100.0,0.41,594.0,0.5,8,440,43,medium,14.4,5.2
69.1,46.7,2,1,3,3,100.0,1.0,961.0,0.35,6,390,59,medium,33.9,25.8
25.3,2.3,1,0,8,2,100.0,0.529,488.0,0.55,6,140,35,medium,4.0,1.1
38.7,0.2,1,0,1,0,12.0,0.03,515.0,0.65,12,190,23,low,5.4,1.5
37.7,2.6,0,0,1,0,13.7,0.043,688.0,0.6,2,210,8,low,4.4,0.1
39.7,30.1,1,1,8,0,100.0,0.876,578.0,0.45,6,168,40,medium,5.7,2.2
65.2,7.7,1,1,8,0,34.6,1.0,1117.0,0.35,7,145,35,medium,4.3,1.3
42.1,38.9,1,0,7,0,100.0,0.74,515.0,0.65,8,190,45,medium,6.7,2.8
44.7,31.4,1,1,10,2,100.0,0.223,574.0,0.55,7,380,48,medium,12.9,5.0
38.0,2.4,1,0,8,1,50.3,0.275,470.0,0.55,5,215,27,low,6.2,1.7
65.9,58.0,2,1,6,3,64.8,1.0,1117.0,0.35,8,145,59,medium,13.6,10.6
7.1,2.4,0,0,0,0,8.4,0.042,115.0,0.75,3,195,0,low,4.1,0.0
55.1,21.0,2,0,5,0,100.0,0.572,515.0,0.65,8,190,41,medium,14.2,10.2
40.2,44.3,2,0,5,1,100.0,1.0,250.0,0.6,9,230,52,medium,19.7,14.9
16.0,2.0,0,0,0,2,7.3,0.105,422.0,0.65,1,485,9,low,10.2,0.1
63.3,5.9,1,0,0,1,4.5,0.161,1238.0,0.35,2,190,20,low,5.6,1.6
24.7,1.8,0,0,1,0,8.3,0.042,115.0,0.75,2,195,8,low,4.1,0.0
49.1,9.0,1,0,3,1,7.1,0.196,1197.0,0.3,1,180,23,low,5.4,1.6
40.6,26.1,0,1,4,1,100.0,0.413,594.0,0.5,6,440,34,medium,10.5,1.4
61.4,18.3,1,0,9,0,81.9,1.0,1197.0,0.3,8,180,43,medium,5.7,1.9
23.3,2.6,0,0,0,3,8.4,0.043,115.0,0.75,1,195,7,low,4.1,0.1
56.4,1.3,2,2,5,0,36.9,1.0,870.0,0.45,5,310,33,medium,20.8,14.3
24.3,4.9,0,0,1,0,11.0,0.09,215.0,0.75,1,280,10,low,6.0,0.1
41.6,0.1,0,0,0,2,4.0,0.14,775.0,0.5,2,245,15,low,5.1,0.0
34.2,24.2,0,0,6,2,100.0,0.802,115.0,0.75,8,195,38,medium,4.6,0.6
53.6,1.9,0,0,4,2,41.5,1.0,1438.0,0.4,7,85,26,low,1.8,0.0
36.2,0.9,1,0,0,1,12.2,0.031,515.0,0.65,3,190,9,low,5.5,1.5
68.1,45.6,1,1,12,0,100.0,1.0,961.0,0.35,8,390,58,medium,14.4,6.3
71.5,0.0,1,1,1,2,6.0,0.16,1041.0,0.3,2,200,25,low,5.7,1.5
23.5,21.9,0,1,6,1,100.0,0.774,115.0,0.75,7,195,35,medium,4.6,0.5
13.1,1.5,0,0,0,2,14.4,0.021,40.0,0.75,11,310,8,low,6.5,0.1
55.8,0.1,1,1,1,0,6.0,0.16,550.0,0.5,11,110,20,low,3.1,0.9
39.1,2.1,1,0,0,0,12.5,0.032,762.0,0.55,12,265,11,low,7.7,2.1
58.8,0.7,2,2,13,2,60.9,1.0,870.0,0.45,9,310,56,medium,20.7,14.3
8.9,1.2,0,0,4,3,86.0,0.134,202.0,0.7,4,330,19,low,6.9,0.0
28.8,0.8,1,0,5,1,85.4,0.133,502.0,0.6,10,270,25,low,7.7,2.1
24.7,6.3,0,1,5,0,78.9,1.0,422.0,0.65,9,485,32,medium,10.4,0.3
49.5,1.5,0,0,0,0,12.4,0.031,802.0,0.6,1,270,12,low,5.7,0.0
28.0,10.3,0,0,10,2,94.1,0.327,408.0,0.6,4,240,33,medium,5.3,0.3
54.6,1.1,0,0,0,2,3.1,0.175,750.0,0.5,2,340,14,low,7.1,0.0
75.1,2.9,1,1,3,1,63.4,1.0,1041.0,0.3,7,200,36,medium,5.8,1.6
24.3,4.3,0,0,10,1,100.0,0.277,790.0,0.55,6,98,28,low,2.1,0.0
27.2,15.9,2,1,6,0,100.0,0.175,574.0,0.55,6,380,39,medium,27.5,19.6
17.0,1.2,0,1,6,0,100.0,0.258,35.0,0.85,9,550,19,low,11.5,0.1
2.3,1.5,0,0,0,0,13.4,0.041,20.0,0.8,2,320,3,low,6.7,0.0
36.3,1.3,0,0,0,0,8.2,0.041,115.0,0.75,11,195,9,low,4.1,0.0
85.2,0.4,1,1,2,0,6.0,0.162,1041.0,0.3,3,200,24,low,5.7,1.6
26.6,41.4,1,0,5,0,100.0,0.265,502.0,0.6,5,270,32,medium,9.7,4.1
79.6,2.7,1,1,1,1,6.3,0.171,1041.0,0.3,3,200,26,low,5.8,1.6
82.5,24.4,1,1,7,0,53.6,1.0,1041.0,0.3,5,200,42,medium,6.5,2.3
37.0,0.6,0,1,0,0,14.2,0.02,594.0,0.5,1,440,11,low,9.2,0.0
50.3,19.0,0,0,12,2,100.0,0.738,688.0,0.6,8,210,35,medium,4.8,0.5
55.5,3.3,0,1,1,0,89.5,0.141,594.0,0.5,5,440,16,low,9.3,0.2
54.6,9.0,2,1,4,1,82.6,1.0,961.0,0.35,9,390,37,medium,27.2,19.1
35.8,0.3,0,0,0,0,8.1,0.04,115.0,0.75,11,195,7,low,4.1,0.0
37.8,6.3,0,0,7,1,94.5,0.15,790.0,0.55,5,98,25,low,2.1,0.1
5.6,0.1,0,0,4,2,84.2,0.13,35.0,0.85,4,550,23,low,11.5,0.0
46.6,67.5,1,0,8,1,100.0,0.524,515.0,0.65,5,190,51,medium,8.2,4.2
48.3,6.7,0,0,0,2,3.4,0.198,750.0,0.5,2,340,13,low,7.3,0.2
25.4,10.5,1,0,4,2,72.6,0.656,250.0,0.6,4,230,35,medium,6.9,2.1
16.0,0.2,1,0,7,0,100.0,0.377,115.0,0.75,6,195,24,low,5.6,1.5
33.3,1.1,1,0,11,3,100.0,0.514,688.0,0.6,9,210,45,medium,6.0,1.7
38.5,1.0,0,0,1,0,3.1,0.174,750.0,0.5,1,340,1,low,7.1,0.0
72.4,8.7,1,1,2,0,49.3,0.791,961.0,0.35,10,390,29,low,11.6,3.5
36.4,0.1,1,0,1,0,12.0,0.03,762.0,0.55,1,265,13,low,7.6,2.1
35.6,1.6,0,0,4,1,43.3,0.676,422.0,0.65,5,485,20,low,10.2,0.1
55.5,13.0,0,0,6,1,100.0,0.662,797.0,0.4,6,74,32,medium,1.6,0.1
24.2,18.5,1,0,6,0,82.1,0.76,250.0,0.6,5,230,30,low,7.2,2.4
16.5,13.4,0,0,4,0,100.0,0.174,102.0,0.7,5,270,15,low,6.0,0.4
55.9,0.3,0,1,0,2,14.1,0.02,594.0,0.5,3,440,20,low,9.2,0.0
30.4,61.5,1,1,8,2,100.0,1.0,550.0,0.5,7,110,56,medium,4.5,2.2
64.5,3.3,1,1,2,3,6.4,0.173,1041.0,0.3,11,200,35,medium,5.8,1.6
16.6,0.7,0,0,0,1,13.2,0.041,20.0,0.8,12,320,5,low,6.7,0.0
29.2,0.1,0,0,1,3,13.0,0.04,688.0,0.6,11,210,17,low,4.4,0.0
67.3,23.9,0,0,0,1,35.5,1.0,1438.0,0.4,4,85,23,low,2.0,0.2
68.2,0.5,0,0,0,3,4.0,0.142,1438.0,0.4,1,85,21,low,1.8,0.0
42.1,3.2,1,0,0,3,12.8,0.032,515.0,0.65,11,190,19,low,5.5,1.6
36.5,0.6,0,0,1,3,7.1,0.102,422.0,0.65,1,485,17,low,10.1,0.0
35.9,20.6,0,0,11,2,100.0,0.568,802.0,0.6,7,270,41,medium,6.3,0.6
39.2,97.5,0,0,11,2,100.0,1.0,215.0,0.75,7,280,58,medium,11.4,5.5
15.2,12.0,0,0,10,3,100.0,0.325,102.0,0.7,9,270,30,low,6.0,0.4
52.1,2.9,0,0,0,0,3.2,0.182,750.0,0.5,11,340,12,low,7.2,0.1
62.0,4.8,0,0,8,0,52.6,0.291,797.0,0.4,10,74,25,low,1.6,0.0
45.4,1.4,0,0,0,3,12.3,0.031,802.0,0.6,12,270,9,low,5.7,0.0
38.4,13.2,0,1,7,0,100.0,0.332,594.0,0.5,8,440,34,medium,9.8,0.6
15.4,1.6,0,0,7,2,86.7,0.135,68.0,0.85,4,175,29,low,3.7,0.0
41.9,5.5,1,1,0,3,6.7,0.182,550.0,0.5,11,110,23,low,3.2,0.9
30.3,7.0,0,0,5,0,27.3,1.0,775.0,0.5,4,245,21,low,5.3,0.2
46.7,0.6,2,2,0,0,6.1,0.162,870.0,0.45,12,310,30,low,20.7,14.3
38.8,8.1,0,0,5,1,100.0,1.0,215.0,0.75,6,280,32,medium,6.1,0.2
30.2,1.2,0,0,0,0,13.3,0.041,408.0,0.6,1,240,8,low,5.0,0.0
33.2,5.3,1,0,1,2,8.9,0.045,470.0,0.55,2,215,21,low,6.3,1.8
21.1,24.8,1,0,11,0,100.0,1.0,250.0,0.6,8,230,38,medium,7.5,2.7
38.9,0.2,0,0,0,1,12.1,0.03,802.0,0.6,2,270,7,low,5.6,0.0
18.9,4.8,0,0,0,0,15.3,0.022,102.0,0.7,3,270,3,low,5.8,0.1
47.8,9.6,1,0,10,1,100.0,0.62,488.0,0.55,9,140,39,medium,4.2,1.3
8.3,1.6,0,0,0,1,14.5,0.021,790.0,0.55,12,98,5,low,2.1,0.0
0.0,0.9,0,0,0,1,13.2,0.041,20.0,0.8,11,320,0,low,6.7,0.0
57.0,1.5,1,1,1,3,7.2,0.104,961.0,0.35,1,390,25,low,11.2,3.1
30.2,35.1,1,0,12,3,100.0,0.469,502.0,0.6,6,270,49,medium,9.4,3.7
36.6,0.5,1,1,0,1,6.1,0.162,550.0,0.5,2,110,22,low,3.2,0.9
48.2,45.3,2,1,5,2,100.0,1.0,961.0,0.35,8,390,56,medium,33.6,25.5
47.7,0.9,1,0,0,0,13.2,0.041,488.0,0.55,1,140,17,low,4.0,1.1
18.4,32.0,0,0,9,0,100.0,0.9,115.0,0.75,9,195,34,medium,4.8,0.8
37.8,26.0,2,1,4,2,100.0,0.825,578.0,0.45,6,168,45,medium,12.9,9.4
38.1,0.1,0,0,0,0,14.0,0.02,790.0,0.55,12,98,9,low,2.0,0.0
65.8,2.1,1,1,0,3,3.1,0.179,1117.0,0.35,2,145,22,low,4.2,1.2
38.4,7.5,1,1,2,0,14.9,0.047,578.0,0.45,3,168,18,low,5.0,1.5
27.4,5.3,0,0,0,1,15.5,0.023,102.0,0.7,11,270,12,low,5.8,0.2
19.1,29.0,0,0,6,0,100.0,0.431,790.0,0.55,8,98,31,medium,2.4,0.3
65.8,37.4,0,0,6,0,42.0,1.0,1438.0,0.4,5,85,35,medium,2.2,0.4
32.6,12.9,0,0,3,3,52.8,0.86,422.0,0.65,4,485,25,low,10.8,0.7
53.9,2.2,2,0,6,1,100.0,0.264,502.0,0.6,6,270,40,medium,18.2,12.6
23.1,5.7,0,0,5,1,93.5,0.148,102.0,0.7,10,270,26,low,5.8,0.2
0.0,10.5,0,0,1,1,16.9,0.025,35.0,0.85,11,550,9,low,12.1,0.6
23.0,5.9,0,1,0,3,15.7,0.023,594.0,0.5,2,440,21,low,9.4,0.3
18.6,39.1,0,0,5,3,100.0,0.495,40.0,0.75,7,310,37,medium,8.0,1.6
23.3,5.6,0,0,0,0,15.6,0.023,102.0,0.7,3,270,4,low,5.8,0.2
36.3,3.0,0,0,0,0,3.2,0.183,750.0,0.5,1,340,9,low,7.2,0.1
52.6,1.2,1,1,1,0,3.1,0.175,1117.0,0.35,2,145,23,low,4.2,1.1
38.9,7.6,1,1,9,3,100.0,0.298,502.0,0.6,9,270,44,medium,8.0,2.4
48.0,2.0,1,0,1,1,8.3,0.042,470.0,0.55,2,215,23,low,6.2,1.7
16.0,4.3,0,0,8,2,52.1,0.288,115.0,0.75,4,195,25,low,4.2,0.1
34.1,6.0,1,1,9,2,100.0,0.287,68.0,0.85,8,175,38,medium,5.2,1.5
19.0,29.9,0,0,6,2,100.0,0.437,35.0,0.85,6,550,27,low,13.5,2.0
33.3,40.2,0,0,6,2,100.0,0.501,790.0,0.55,8,98,40,medium,2.6,0.5
15.5,0.8,0,0,1,0,14.2,0.02,35.0,0.85,2,550,1,low,11.5,0.0
18.5,3.6,0,0,4,2,90.1,0.142,102.0,0.7,10,270,20,low,5.7,0.1
47.1,1.1,1,1,2,0,79.7,0.267,578.0,0.45,10,168,26,low,4.8,1.3
22.1,16.9,1,0,3,0,80.3,0.74,250.0,0.6,5,230,23,low,7.2,2.4
36.9,0.1,0,0,2,1,7.0,0.1,422.0,0.65,12,485,11,low,10.1,0.0
30.6,23.9,0,0,2,0,100.0,0.311,802.0,0.6,4,270,22,low,6.4,0.8
16.3,1.7,0,0,0,0,14.5,0.021,40.0,0.75,1,310,2,low,6.5,0.1
63.1,10.3,2,1,9,2,36.2,1.0,1117.0,0.35,9,145,43,medium,10.2,7.2
55.5,1.4,2,2,6,2,37.0,1.0,870.0,0.45,10,310,44,medium,20.8,14.4
24.7,1.4,0,0,3,1,12.3,0.031,115.0,0.75,3,195,15,low,4.1,0.0
62.1,6.3,0,0,2,0,27.0,1.0,1438.0,0.4,5,85,21,low,1.8,0.1
12.7,14.1,0,0,9,2,100.0,0.338,68.0,0.85,9,175,31,medium,3.9,0.3
50.4,25.5,1,0,8,1,100.0,0.213,502.0,0.6,4,270,44,medium,8.8,3.2
37.2,12.3,2,0,11,3,100.0,0.327,502.0,0.6,7,270,50,medium,19.2,13.6
43.2,5.1,1,1,0,0,14.3,0.045,578.0,0.45,2,168,19,low,4.9,1.4
28.6,0.1,0,0,0,1,7.0,0.1,422.0,0.65,12,485,12,low,10.1,0.0
77.2,0.3,1,1,7,1,42.3,0.656,961.0,0.35,10,390,35,medium,11.2,3.0
72.1,2.7,0,0,2,0,25.3,0.971,1438.0,0.4,10,85,22,low,1.8,0.0
54.2,3.3,0,0,4,0,4.3,0.152,1438.0,0.4,3,85,16,low,1.8,0.0
3.7,8.6,0,0,8,0,100.0,0.303,40.0,0.75,8,310,26,low,6.7,0.3
44.9,0.9,1,0,1,0,13.2,0.041,488.0,0.55,12,140,16,low,4.0,1.1
18.8,45.7,0,0,4,1,100.0,0.557,408.0,0.6,4,240,30,low,6.5,1.5
55.0,0.8,0,0,1,0,4.1,0.143,1438.0,0.4,12,85,16,low,1.8,0.0
38.7,3.3,1,0,1,2,8.5,0.043,470.0,0.55,3,215,18,low,6.2,1.8
0.0,76.8,0,0,8,1,100.0,0.73,68.0,0.85,6,175,41,medium,5.9,2.3
47.6,16.8,0,1,2,0,18.7,0.028,594.0,0.5,3,440,22,low,10.0,0.8
46.7,2.7,1,1,1,1,13.7,0.043,578.0,0.45,11,168,16,low,4.9,1.4
44.1,4.6,1,0,0,3,4.4,0.156,1238.0,0.35,1,190,21,low,5.6,1.6
34.4,4.8,1,1,3,0,85.6,0.292,578.0,0.45,4,168,28,low,4.9,1.4
63.9,6.1,1,0,6,2,87.5,0.3,488.0,0.55,5,140,37,medium,4.1,1.2
72.2,2.4,0,1,5,0,41.9,1.0,1438.0,0.4,9,85,27,low,1.8,0.0
27.4,0.7,0,0,4,3,73.1,0.199,802.0,0.6,5,270,28,low,5.6,0.0
26.9,0.2,0,0,0,0,14.1,0.02,790.0,0.55,11,98,2,low,2.0,0.0
43.6,26.8,0,1,9,1,100.0,0.418,594.0,0.5,6,440,40,medium,10.6,1.4
16.8,7.9,0,0,8,2,100.0,0.599,688.0,0.6,6,210,29,low,4.6,0.2
57.4,37.0,1,1,6,2,100.0,0.125,574.0,0.55,10,380,46,medium,13.3,5.4
28.4,15.6,0,0,1,0,18.4,0.028,102.0,0.7,2,270,13,low,6.1,0.5
19.6,1.9,1,0,5,0,74.7,0.204,515.0,0.65,4,190,24,low,5.5,1.5
46.1,0.2,0,0,0,0,8.0,0.04,797.0,0.4,12,74,7,low,1.5,0.0
73.9,1.6,1,1,0,0,3.1,0.177,1117.0,0.35,11,145,15,low,4.2,1.2
27.7,9.5,0,0,2,1,99.9,0.161,40.0,0.75,10,310,16,low,6.8,0.3
66.5,1.1,1,0,0,0,6.1,0.164,1197.0,0.3,3,180,13,low,5.2,1.4
45.7,0.1,1,0,1,2,14.0,0.02,502.0,0.6,11,270,16,low,7.7,2.1
33.2,13.9,1,0,13,3,100.0,0.505,515.0,0.65,9,190,47,medium,5.8,1.9
47.5,2.7,0,0,3,0,13.7,0.043,408.0,0.6,12,240,15,low,5.1,0.1
8.6,0.9,0,0,0,1,7.1,0.102,422.0,0.65,11,485,9,low,10.1,0.0
40.2,24.7,1,0,6,3,100.0,0.607,762.0,0.55,9,265,45,medium,8.6,3.1
22.2,25.7,1,0,8,1,100.0,1.0,250.0,0.6,6,230,37,medium,7.5,2.7
63.3,0.0,1,1,1,0,6.0,0.16,1041.0,0.3,12,200,22,low,5.7,1.5
36.7,0.6,0,0,0,3,7.1,0.101,422.0,0.65,12,485,14,low,10.1,0.0
20.8,16.7,0,0,2,1,56.0,0.922,422.0,0.65,5,485,17,low,11.0,0.9
0.0,9.5,0,0,4,0,100.0,0.161,40.0,0.75,4,310,9,low,6.8,0.3
54.7,33.4,2,1,9,1,100.0,0.918,578.0,0.45,8,168,60,medium,13.4,9.9
50.5,111.6,2,2,8,2,100.0,1.0,870.0,0.45,7,310,70,high,46.7,40.3
68.0,6.8,1,0,3,1,27.3,1.0,1238.0,0.35,5,190,25,low,5.6,1.7
31.9,0.5,1,0,0,0,12.1,0.03,515.0,0.65,2,190,17,low,5.4,1.5
35.0,18.3,1,1,9,0,100.0,0.182,574.0,0.55,6,380,36,medium,11.9,4.0
43.4,5.0,1,0,6,0,66.0,0.585,250.0,0.6,10,230,31,medium,6.7,1.9
36.7,22.2,1,0,3,1,43.3,1.0,750.0,0.5,8,340,31,medium,10.9,3.8
19.0,27.2,0,0,7,0,100.0,1.0,215.0,0.75,6,280,31,medium,6.8,0.9
36.7,11.0,0,0,7,0,21.9,1.0,750.0,0.5,4,340,27,low,7.5,0.4
7.9,11.3,1,0,10,1,100.0,0.321,102.0,0.7,6,270,29,low,8.2,2.6
15.5,15.2,1,0,10,0,100.0,1.0,250.0,0.6,9,230,33,medium,7.1,2.3
30.1,4.2,1,1,1,0,39.0,1.0,550.0,0.5,4,110,22,low,3.2,0.9
20.3,17.6,0,1,7,1,100.0,0.36,102.0,0.7,6,270,30,low,6.2,0.5
62.3,8.4,1,1,1,0,15.2,0.048,578.0,0.45,11,168,24,low,5.0,1.5
67.3,1.6,2,2,2,2,6.2,0.167,870.0,0.45,12,310,36,medium,20.8,14.4
46.3,3.6,1,1,2,2,38.6,1.0,550.0,0.5,4,110,30,low,3.2,0.9
43.7,0.0,1,0,0,2,12.0,0.03,515.0,0.65,12,190,15,low,5.4,1.5
6.4,4.1,0,0,2,2,14.1,0.044,20.0,0.8,1,320,10,low,6.8,0.1
54.0,9.1,1,0,9,1,70.9,1.0,1197.0,0.3,6,180,39,medium,5.4,1.6
45.5,2.7,1,0,3,2,50.6,0.278,470.0,0.55,10,215,24,low,6.2,1.7
4.4,9.5,0,0,3,3,100.0,0.309,68.0,0.85,8,175,21,low,3.8,0.2
13.0,11.2,1,0,10,2,100.0,0.48,115.0,0.75,7,195,36,medium,5.9,1.8
8.8,64.3,0,0,7,2,100.0,1.0,408.0,0.6,8,240,44,medium,7.4,2.4
90.7,0.3,1,1,1,2,7.0,0.101,961.0,0.35,12,390,32,medium,11.2,3.0
59.0,0.2,0,0,1,0,4.0,0.141,1438.0,0.4,2,85,7,low,1.8,0.0
36.5,14.0,1,1,11,2,100.0,0.675,578.0,0.45,7,168,51,medium,5.2,1.7
45.7,17.4,0,1,6,2,100.0,0.718,408.0,0.6,8,240,36,medium,5.5,0.5
80.0,1.6,1,0,1,1,4.1,0.146,1238.0,0.35,3,190,21,low,5.5,1.5
56.5,21.0,1,0,4,3,100.0,0.297,515.0,0.65,5,190,37,medium,6.1,2.1
34.6,24.6,0,0,3,3,100.0,0.403,68.0,0.85,8,175,33,medium,4.2,0.5
50.5,4.3,0,0,4,1,26.0,1.0,1438.0,0.4,4,85,22,low,1.8,0.0
24.4,1.5,1,0,0,1,8.2,0.041,470.0,0.55,12,215,13,low,6.2,1.7
67.2,3.7,1,1,5,0,38.7,1.0,1041.0,0.3,10,200,34,medium,5.8,1.7
15.7,6.8,0,0,0,0,15.9,0.023,40.0,0.75,3,310,6,low,6.7,0.2
32.6,8.0,0,0,4,1,27.8,1.0,1438.0,0.4,10,85,24,low,1.8,0.1
35.8,32.3,1,0,12,1,100.0,0.903,470.0,0.55,7,215,49,medium,7.3,2.8
44.9,7.3,0,0,2,1,55.0,0.307,797.0,0.4,4,74,24,low,1.6,0.1
59.4,12.5,0,0,1,3,30.0,1.0,1438.0,0.4,10,85,25,low,1.9,0.1
74.3,0.6,2,2,0,0,6.1,0.163,870.0,0.45,2,310,26,low,20.7,14.3
29.7,0.4,0,0,0,2,12.1,0.03,802.0,0.6,1,270,6,low,5.6,0.0
34.7,0.2,0,0,1,0,10.0,0.08,215.0,0.75,1,280,12,low,5.8,0.0
16.9,29.1,0,0,8,1,100.0,0.432,102.0,0.7,7,270,32,medium,6.6,1.0
39.5,0.0,1,1,1,1,15.0,0.01,574.0,0.55,2,380,25,low,10.9,2.9
53.1,4.1,2,0,3,1,43.3,1.0,1238.0,0.35,9,190,33,medium,12.9,9.0
7.4,13.8,0,0,11,0,100.0,0.673,115.0,0.75,7,195,30,low,4.4,0.3
29.0,6.9,0,1,5,1,91.0,0.586,115.0,0.75,8,195,27,low,4.2,0.1
37.8,20.9,0,0,0,2,18.4,0.061,408.0,0.6,3,240,14,low,5.6,0.6
44.3,42.7,2,2,7,2,100.0,1.0,870.0,0.45,7,310,58,medium,26.3,19.8
48.1,4.0,1,0,3,1,77.7,0.214,762.0,0.55,10,265,31,medium,7.7,2.2
59.3,1.0,2,2,6,0,36.7,1.0,870.0,0.45,10,310,42,medium,20.8,14.3
62.2,10.7,1,1,0,0,51.0,0.824,961.0,0.35,5,390,30,low,11.8,3.6
11.4,1.8,1,0,8,1,100.0,0.392,115.0,0.75,8,195,26,low,5.6,1.6
50.1,13.4,1,0,6,2,100.0,0.667,688.0,0.6,9,210,43,medium,6.4,2.1
16.0,12.8,0,0,12,0,100.0,1.0,215.0,0.75,8,280,38,medium,6.2,0.4
13.5,4.8,0,0,4,1,92.0,0.146,202.0,0.7,5,330,16,low,7.0,0.2
65.4,4.5,2,1,5,2,76.2,1.0,961.0,0.35,6,390,50,medium,26.6,18.5
49.3,45.5,2,2,9,3,100.0,1.0,870.0,0.45,7,310,65,high,26.8,20.3
27.4,27.6,0,0,7,3,100.0,0.634,802.0,0.6,7,270,40,medium,6.5,0.9
60.7,5.5,1,1,12,2,33.3,1.0,1117.0,0.35,8,145,50,medium,4.3,1.2
8.7,35.2,0,0,4,0,100.0,0.47,35.0,0.85,7,550,22,low,13.9,2.4
58.7,0.8,1,0,3,2,73.1,0.199,762.0,0.55,5,265,29,low,7.6,2.1
69.4,8.8,1,0,4,3,7.1,0.195,1197.0,0.3,11,180,30,low,5.4,1.6
8.7,41.2,1,1,6,2,100.0,1.0,408.0,0.6,8,240,46,medium,8.6,3.6
51.4,32.3,1,1,6,0,100.0,0.452,594.0,0.5,6,440,39,medium,15.0,5.8
91.0,65.6,1,1,5,1,100.0,1.0,1041.0,0.3,7,200,57,medium,8.5,4.3
49.8,6.1,1,0,0,1,11.2,0.092,250.0,0.6,1,230,22,low,6.8,2.0
13.9,0.8,0,0,1,1,14.2,0.02,102.0,0.7,11,270,2,low,5.6,0.0
69.4,48.1,1,1,10,1,100.0,1.0,961.0,0.35,7,390,59,medium,14.7,6.5
26.4,1.2,1,1,9,1,100.0,0.516,578.0,0.45,7,168,39,medium,4.8,1.3
65.2,10.4,1,0,2,1,100.0,0.472,515.0,0.65,6,190,30,low,5.7,1.8
54.8,12.5,1,1,0,0,8.8,0.131,961.0,0.35,2,390,18,low,11.9,3.8
48.1,1.2,0,0,0,3,13.3,0.041,688.0,0.6,12,210,17,low,4.4,0.0
58.9,64.1,1,0,7,3,100.0,0.976,515.0,0.65,8,190,53,medium,8.0,4.0
25.5,7.4,1,0,1,1,13.8,0.036,762.0,0.55,1,265,12,low,7.9,2.3
32.5,13.1,0,0,4,0,90.9,0.259,802.0,0.6,5,270,23,low,6.0,0.4
41.0,2.4,1,0,2,0,8.4,0.042,470.0,0.55,3,215,15,low,6.2,1.7
30.5,1.3,0,0,0,0,14.4,0.021,68.0,0.85,11,175,2,low,3.7,0.0
61.3,1.9,0,0,8,2,31.1,1.0,750.0,0.5,6,340,28,low,7.2,0.1
33.5,10.4,0,0,8,3,100.0,0.629,408.0,0.6,8,240,35,medium,5.3,0.3
54.4,0.2,1,1,0,1,15.1,0.01,574.0,0.55,11,380,24,low,10.9,3.0
0.0,37.5,0,0,9,1,100.0,0.484,35.0,0.85,7,550,26,low,14.1,2.6
35.6,5.4,0,0,0,2,15.5,0.023,68.0,0.85,1,175,7,low,3.7,0.1
46.8,3.1,1,1,2,0,82.8,0.28,578.0,0.45,4,168,27,low,4.9,1.4
38.6,49.0,0,0,4,0,100.0,0.579,688.0,0.6,4,210,32,medium,5.8,1.4
43.2,1.2,0,0,1,3,8.2,0.041,115.0,0.75,1,195,13,low,4.1,0.0
70.0,8.3,0,0,1,1,28.0,1.0,1438.0,0.4,4,85,21,low,1.8,0.1
28.6,6.5,0,0,1,3,95.0,0.151,102.0,0.7,4,270,23,low,5.8,0.2
9.0,2.7,0,0,2,0,14.8,0.021,35.0,0.85,11,550,12,low,11.6,0.2
25.6,1.1,1,0,1,1,12.3,0.031,762.0,0.55,1,265,12,low,7.6,2.1
0.0,5.0,1,1,7,2,100.0,0.281,35.0,0.85,6,550,35,medium,16.1,4.7
49.4,22.1,0,0,9,1,100.0,0.776,408.0,0.6,9,240,37,medium,5.6,0.6
43.1,7.4,1,0,5,0,89.5,0.308,488.0,0.55,4,140,28,low,4.2,1.2
72.7,1.2,1,1,0,0,6.1,0.165,1041.0,0.3,3,200,18,low,5.8,1.6
66.7,2.1,1,1,0,0,6.3,0.168,1041.0,0.3,1,200,22,low,5.8,1.6
60.5,3.9,1,1,8,0,45.3,0.714,961.0,0.35,4,390,33,medium,11.4,3.2
45.4,0.8,1,1,0,1,6.1,0.163,550.0,0.5,11,110,23,low,3.2,0.9
9.9,0.6,0,0,0,2,14.2,0.02,40.0,0.75,2,310,6,low,6.5,0.0
31.5,2.3,0,0,3,2,50.2,0.275,115.0,0.75,5,195,20,low,4.1,0.0
25.6,1.3,0,0,0,2,10.3,0.083,215.0,0.75,2,280,10,low,5.9,0.0
34.7,61.6,1,0,4,3,100.0,0.495,762.0,0.55,5,265,45,medium,10.9,5.4
66.5,0.5,1,1,0,1,6.1,0.162,1041.0,0.3,11,200,24,low,5.7,1.6
24.1,20.9,2,0,11,2,100.0,0.571,515.0,0.65,6,190,52,medium,14.1,10.2
57.5,1.4,1,1,0,1,6.2,0.166,1041.0,0.3,11,200,21,low,5.8,1.6
48.9,3.8,0,0,0,1,4.3,0.153,1438.0,0.4,1,85,13,low,1.8,0.0
56.0,23.3,0,0,7,2,44.0,1.0,750.0,0.5,7,340,35,medium,8.0,0.9
36.0,4.9,1,0,4,2,65.9,0.583,250.0,0.6,10,230,22,low,6.7,1.9
23.4,4.3,0,0,3,0,91.2,0.144,68.0,0.85,4,175,17,low,3.7,0.1
48.6,13.9,0,1,4,0,100.0,0.175,594.0,0.5,5,440,28,low,9.9,0.7
59.5,8.4,1,1,5,1,21.0,1.0,1117.0,0.35,4,145,34,medium,4.3,1.3
41.8,1.7,1,0,0,0,14.5,0.021,502.0,0.6,3,270,14,low,7.8,2.2
76.9,22.3,1,0,3,0,52.0,1.0,1197.0,0.3,4,180,33,medium,5.8,2.0
42.6,0.4,0,0,1,0,13.1,0.04,408.0,0.6,11,240,12,low,5.0,0.0
38.8,0.1,0,0,0,2,3.0,0.17,750.0,0.5,12,340,8,low,7.1,0.0
50.1,18.7,1,0,6,0,99.0,0.286,515.0,0.65,5,190,32,medium,6.0,2.0
30.3,6.6,0,0,9,1,100.0,0.291,40.0,0.75,9,310,31,medium,6.7,0.2
82.5,2.7,1,0,2,0,6.3,0.171,1197.0,0.3,1,180,17,low,5.2,1.5
55.8,3.6,0,0,8,2,42.8,1.0,1438.0,0.4,6,85,31,medium,1.8,0.0
24.0,2.7,0,0,1,1,13.7,0.043,688.0,0.6,11,210,10,low,4.4,0.1
50.4,4.8,1,0,3,2,85.6,0.292,488.0,0.55,10,140,29,low,4.1,1.2
41.0,35.1,2,1,7,2,100.0,0.235,574.0,0.55,6,380,50,medium,30.7,22.8
33.1,23.7,0,0,10,0,100.0,0.398,102.0,0.7,8,270,33,medium,6.4,0.8
5.9,17.7,0,0,2,0,97.5,0.281,115.0,0.75,4,195,15,low,4.5,0.4
24.2,23.3,0,0,5,1,100.0,0.308,802.0,0.6,10,270,29,low,6.4,0.7
34.1,20.5,0,0,2,1,100.0,0.393,408.0,0.6,4,240,24,low,5.6,0.6
49.0,0.4,1,1,0,1,3.0,0.172,1117.0,0.35,12,145,20,low,4.2,1.1
26.7,0.3,1,0,0,0,12.1,0.03,762.0,0.55,12,265,13,low,7.6,2.1
47.1,15.6,1,1,0,1,3.9,0.236,1117.0,0.35,3,145,22,low,4.5,1.5
56.1,8.3,2,2,4,1,42.0,1.0,870.0,0.45,5,310,43,medium,21.6,15.1
66.2,9.2,1,1,2,2,92.4,0.32,578.0,0.45,5,168,32,medium,5.0,1.5
40.8,0.6,0,0,0,3,7.1,0.101,422.0,0.65,2,485,15,low,10.1,0.0
52.5,5.9,1,0,9,1,44.7,1.0,1238.0,0.35,7,190,39,medium,5.6,1.6
57.5,0.7,1,1,8,1,30.4,1.0,1117.0,0.35,9,145,33,medium,4.2,1.1
20.6,10.8,1,0,6,1,100.0,0.476,115.0,0.75,8,195,26,low,5.9,1.8
22.2,16.9,0,0,5,1,100.0,0.185,202.0,0.7,5,330,25,low,7.5,0.6
24.6,8.9,0,1,4,1,100.0,0.459,115.0,0.75,9,195,25,low,4.3,0.2
71.2,1.9,1,1,2,1,43.6,0.681,961.0,0.35,5,390,28,low,11.2,3.1
50.2,1.4,1,0,10,0,82.2,0.518,797.0,0.4,9,74,34,medium,2.1,0.6
46.0,0.8,1,0,0,1,12.2,0.031,515.0,0.65,12,190,11,low,5.5,1.5
4.0,11.7,0,0,2,0,88.8,0.252,115.0,0.75,4,195,18,low,4.3,0.3
45.7,0.3,1,0,0,2,10.1,0.081,250.0,0.6,12,230,20,low,6.6,1.8
20.7,23.5,0,0,7,3,100.0,1.0,215.0,0.75,7,280,35,medium,6.6,0.8
62.7,11.8,1,1,10,2,49.5,1.0,1238.0,0.35,7,190,46,medium,5.8,1.8
15.1,28.1,1,1,6,3,100.0,0.425,102.0,0.7,7,270,38,medium,9.0,3.3
34.7,61.6,0,1,6,0,100.0,0.635,594.0,0.5,7,440,42,medium,13.2,4.1
60.8,9.8,1,1,8,2,21.5,1.0,1117.0,0.35,5,145,42,medium,4.4,1.3
49.2,9.7,1,0,8,2,47.8,1.0,775.0,0.5,9,245,34,medium,7.4,2.3
59.2,1.2,1,0,0,0,4.1,0.144,1238.0,0.35,12,190,17,low,5.5,1.5
42.9,80.0,0,0,7,1,100.0,1.0,797.0,0.4,7,74,51,medium,2.6,1.0
19.7,16.9,0,0,11,2,100.0,0.355,40.0,0.75,6,310,34,medium,7.1,0.6
15.7,2.2,0,0,4,1,75.1,0.206,115.0,0.75,5,195,13,low,4.1,0.0
21.4,7.2,0,0,3,0,82.4,0.23,115.0,0.75,5,195,17,low,4.2,0.2
65.1,2.4,1,0,0,0,12.6,0.032,762.0,0.55,1,265,23,low,7.7,2.1
32.0,5.9,0,0,0,2,15.6,0.023,202.0,0.7,11,330,17,low,7.1,0.2
61.5,1.8,0,1,9,3,82.8,0.522,797.0,0.4,7,74,43,medium,1.6,0.0
25.1,8.8,1,0,5,3,100.0,0.305,202.0,0.7,9,330,34,medium,9.9,3.0
60.4,1.4,1,0,8,1,100.0,0.388,762.0,0.55,7,265,40,medium,7.6,2.1
51.3,3.1,0,0,5,0,51.0,0.28,797.0,0.4,10,74,25,low,1.6,0.0
5.2,0.1,0,0,0,2,8.0,0.04,115.0,0.75,12,195,7,low,4.1,0.0
4.6,2.0,0,0,0,1,14.6,0.021,35.0,0.85,11,550,9,low,11.6,0.1
19.1,2.7,0,0,0,0,4.2,0.149,775.0,0.5,3,245,3,low,5.2,0.1
25.7,0.1,0,0,1,0,13.0,0.04,408.0,0.6,12,240,7,low,5.0,0.0
46.0,1.3,2,2,2,3,6.2,0.165,870.0,0.45,1,310,32,medium,20.8,14.3
29.2,0.6,0,0,0,0,10.1,0.081,215.0,0.75,1,280,4,low,5.9,0.0
26.0,12.6,0,0,11,1,100.0,0.657,115.0,0.75,9,195,32,medium,4.3,0.3
67.9,0.9,1,1,0,0,3.1,0.174,1117.0,0.35,3,145,25,low,4.2,1.1
30.4,0.2,0,0,2,0,12.0,0.03,802.0,0.6,12,270,9,low,5.6,0.0
36.5,10.7,0,0,2,1,12.1,0.101,215.0,0.75,3,280,21,low,6.2,0.3
39.7,1.4,0,1,8,1,100.0,0.259,594.0,0.5,8,440,30,low,9.2,0.1
51.8,1.4,1,1,0,2,13.4,0.041,578.0,0.45,1,168,21,low,4.8,1.3
54.3,15.8,1,1,7,3,100.0,0.363,578.0,0.45,5,168,48,medium,5.2,1.7
8.6,40.8,0,1,13,2,100.0,1.0,115.0,0.75,8,195,46,medium,5.1,1.0
70.9,7.3,1,0,0,0,13.8,0.035,762.0,0.55,2,265,19,low,7.9,2.3
56.1,2.2,0,0,0,0,8.4,0.042,797.0,0.4,2,74,11,low,1.6,0.0
60.6,2.8,0,0,0,1,4.2,0.15,1438.0,0.4,1,85,12,low,1.8,0.0
21.3,2.9,0,0,4,0,74.0,1.0,422.0,0.65,8,485,25,low,10.3,0.1
43.5,7.3,1,0,1,2,96.3,0.154,502.0,0.6,5,270,26,low,8.0,2.4
23.0,0.8,0,0,0,1,14.2,0.02,68.0,0.85,11,175,5,low,3.7,0.0
27.3,0.1,0,0,1,0,14.0,0.02,40.0,0.75,2,310,0,low,6.5,0.0
22.2,9.4,0,0,10,3,100.0,0.309,68.0,0.85,7,175,39,medium,3.8,0.2
53.3,19.3,1,1,9,1,83.2,1.0,550.0,0.5,8,110,47,medium,3.5,1.2
56.8,30.5,2,1,9,3,48.3,1.0,1117.0,0.35,6,145,55,medium,11.4,8.4
72.4,5.7,1,1,4,3,40.1,1.0,1041.0,0.3,4,200,44,medium,5.9,1.7
43.5,36.6,1,0,7,3,100.0,0.958,470.0,0.55,7,215,49,medium,7.5,3.0
57.1,6.4,0,0,0,0,4.5,0.162,1438.0,0.4,2,85,12,low,1.8,0.1
33.5,0.8,1,0,0,2,8.1,0.041,470.0,0.55,12,215,11,low,6.2,1.7
33.4,2.9,1,0,0,1,12.7,0.032,515.0,0.65,1,190,18,low,5.5,1.5
29.8,23.3,1,1,3,3,100.0,0.103,574.0,0.55,5,380,40,medium,12.3,4.4
25.5,16.5,1,0,12,2,100.0,0.706,688.0,0.6,6,210,47,medium,6.5,2.2
29.7,5.7,0,0,5,0,78.0,1.0,422.0,0.65,9,485,22,low,10.4,0.3
68.5,5.7,1,1,0,1,6.7,0.183,1041.0,0.3,1,200,22,low,5.9,1.7
4.6,0.0,0,0,1,0,14.0,0.02,40.0,0.75,12,310,6,low,6.5,0.0
58.5,21.9,0,0,6,1,25.9,1.0,750.0,0.5,4,340,27,low,8.0,0.9
34.4,0.6,1,0,2,1,8.1,0.041,470.0,0.55,12,215,24,low,6.2,1.7
36.0,14.5,0,0,6,3,100.0,0.341,202.0,0.7,6,330,24,low,7.4,0.5
22.7,0.1,0,0,1,2,7.0,0.1,422.0,0.65,11,485,5,low,10.1,0.0
9.7,0.2,0,0,1,0,14.1,0.02,35.0,0.85,12,550,1,low,11.5,0.0
53.8,0.5,1,1,0,0,13.1,0.041,578.0,0.45,12,168,17,low,4.8,1.3
41.3,1.3,1,1,3,2,92.3,0.067,574.0,0.55,10,380,24,low,10.9,3.0
27.5,2.1,1,0,0,0,10.4,0.084,250.0,0.6,1,230,8,low,6.6,1.8
30.8,1.3,0,0,2,2,86.2,0.134,202.0,0.7,5,330,21,low,6.9,0.0
58.3,3.6,1,1,1,2,7.5,0.109,961.0,0.35,3,390,24,low,11.3,3.2
43.2,2.0,1,1,9,1,100.0,0.263,594.0,0.5,8,440,38,medium,12.7,3.5
39.2,5.1,0,0,0,2,14.3,0.045,408.0,0.6,3,240,4,low,5.1,0.1
20.2,3.1,0,0,2,1,14.9,0.022,202.0,0.7,2,330,1,low,7.0,0.1
25.6,1.7,0,0,0,3,14.5,0.021,790.0,0.55,3,98,11,low,2.1,0.0
74.1,59.5,2,1,7,1,100.0,1.0,1041.0,0.3,7,200,64,high,19.0,14.8
17.5,2.4,0,0,0,1,13.6,0.042,20.0,0.8,11,320,8,low,6.7,0.1
52.8,1.8,0,1,1,0,14.5,0.021,594.0,0.5,11,440,16,low,9.2,0.1
29.1,1.1,0,0,0,2,10.2,0.082,215.0,0.75,2,280,7,low,5.9,0.0
57.1,18.2,0,0,1,3,32.7,1.0,1438.0,0.4,4,85,28,low,1.9,0.2
0.1,1.2,0,0,0,0,14.3,0.021,102.0,0.7,11,270,0,low,5.7,0.0
56.1,5.1,0,0,0,1,8.8,0.045,797.0,0.4,11,74,14,low,1.6,0.0
54.1,6.6,1,1,2,0,20.4,1.0,1117.0,0.35,4,145,27,low,4.3,1.3
72.8,44.9,0,1,3,0,100.0,0.276,594.0,0.5,5,440,43,medium,11.8,2.7
34.0,18.6,1,0,9,3,100.0,0.366,202.0,0.7,6,330,46,medium,10.4,3.5
36.5,1.8,0,1,5,0,87.0,0.136,594.0,0.5,10,440,18,low,9.2,0.1
70.1,5.1,2,1,10,0,66.1,1.0,1041.0,0.3,7,200,47,medium,13.7,9.5
32.4,1.0,1,0,3,1,85.6,0.133,502.0,0.6,10,270,27,low,7.8,2.1
40.8,44.1,0,0,11,1,100.0,1.0,797.0,0.4,7,74,50,medium,2.0,0.4
22.5,6.2,1,0,7,2,100.0,0.433,515.0,0.65,9,190,37,medium,5.6,1.6
0.0,12.7,1,0,6,3,100.0,0.329,35.0,0.85,7,550,35,medium,16.8,5.3
81.9,5.3,1,1,1,2,6.6,0.181,1041.0,0.3,3,200,31,medium,5.9,1.7
72.8,12.3,1,0,0,1,44.8,1.0,1197.0,0.3,4,180,28,low,5.5,1.7
71.9,0.1,1,1,0,1,7.0,0.1,961.0,0.35,3,390,21,low,11.1,3.0
24.5,2.0,0,0,0,1,12.5,0.031,115.0,0.75,12,195,7,low,4.1,0.0
0.0,1.5,0,0,4,0,86.5,0.135,40.0,0.75,10,310,14,low,6.5,0.0
58.8,1.6,1,0,0,0,10.3,0.083,250.0,0.6,12,230,17,low,6.6,1.8
36.8,6.1,0,0,0,2,7.9,0.115,422.0,0.65,11,485,8,low,10.4,0.3
24.3,7.5,0,0,3,2,69.0,0.617,215.0,0.75,5,280,22,low,6.1,0.2
38.5,0.2,0,0,0,3,8.0,0.04,797.0,0.4,1,74,16,low,1.5,0.0
54.0,1.4,0,0,0,2,4.1,0.145,1438.0,0.4,3,85,15,low,1.8,0.0
34.8,1.4,0,0,1,3,13.4,0.041,408.0,0.6,12,240,16,low,5.0,0.0
31.4,0.6,1,0,1,2,13.1,0.041,488.0,0.55,12,140,18,low,4.0,1.1
41.5,1.6,1,0,7,1,100.0,0.39,802.0,0.6,8,270,35,medium,7.8,2.2
44.6,1.2,1,0,1,1,12.3,0.031,762.0,0.55,1,265,15,low,7.6,2.1
54.8,114.3,0,1,6,3,100.0,1.0,1438.0,0.4,7,85,63,high,4.1,2.4
53.2,6.2,1,0,6,2,89.9,0.577,470.0,0.55,7,215,37,medium,6.3,1.9
72.3,0.6,1,0,1,3,6.1,0.162,1197.0,0.3,12,180,26,low,5.2,1.4
36.6,1.2,1,0,2,0,8.2,0.041,470.0,0.55,2,215,8,low,6.2,1.7
34.0,0.9,1,0,0,0,14.2,0.02,502.0,0.6,12,270,12,low,7.7,2.1
39.9,5.8,1,0,3,0,80.4,0.223,762.0,0.55,10,265,26,low,7.8,2.3
32.0,7.3,0,0,5,2,48.2,0.769,422.0,0.65,5,485,23,low,10.5,0.4
39.5,5.5,0,0,5,2,86.6,0.296,408.0,0.6,4,240,28,low,5.1,0.1
45.2,1.4,1,1,3,1,13.4,0.041,578.0,0.45,12,168,21,low,4.8,1.3
61.5,3.7,1,0,0,2,4.3,0.153,1238.0,0.35,12,190,19,low,5.5,1.6
2.4,0.1,0,0,1,2,14.0,0.02,35.0,0.85,11,550,4,low,11.5,0.0
15.0,1.2,0,0,7,1,100.0,0.386,115.0,0.75,7,195,23,low,4.1,0.0
28.2,4.1,1,0,0,0,13.0,0.033,762.0,0.55,1,265,5,low,7.7,2.2
34.0,4.5,0,0,2,3,7.6,0.111,422.0,0.65,3,485,12,low,10.3,0.2
29.1,8.1,0,1,4,2,100.0,0.301,594.0,0.5,9,440,29,low,9.6,0.4
3.2,1.7,0,0,0,2,12.4,0.031,115.0,0.75,11,195,3,low,4.1,0.0
31.9,0.7,0,0,1,0,13.2,0.041,688.0,0.6,1,210,14,low,4.4,0.0
35.8,12.7,2,1,9,2,100.0,0.658,470.0,0.55,8,215,50,medium,15.3,10.8
40.7,0.8,0,0,1,2,12.2,0.031,802.0,0.6,11,270,11,low,5.6,0.0
38.9,64.5,0,0,12,2,100.0,0.653,202.0,0.7,8,330,48,medium,10.1,3.3
54.3,2.4,1,1,1,1,6.3,0.17,550.0,0.5,11,110,22,low,3.2,0.9
62.1,0.1,1,0,2,0,4.0,0.14,1238.0,0.35,1,190,20,low,5.4,1.5
34.0,0.0,0,0,1,1,14.0,0.02,202.0,0.7,2,330,10,low,6.9,0.0
44.8,0.6,1,0,1,0,60.7,0.528,250.0,0.6,4,230,16,low,6.6,1.8
31.4,5.0,0,0,8,1,46.2,0.731,422.0,0.65,5,485,19,low,10.4,0.3
9.5,15.8,0,0,3,0,100.0,0.181,35.0,0.85,10,550,14,low,12.4,1.0
37.3,0.7,0,0,1,2,7.1,0.102,422.0,0.65,11,485,12,low,10.1,0.0
71.6,14.7,2,2,0,0,46.6,1.0,870.0,0.45,10,310,42,medium,22.3,15.9
64.3,11.2,1,1,0,2,7.3,0.205,1041.0,0.3,2,200,25,low,6.1,1.9
35.4,16.0,0,0,10,0,100.0,0.525,802.0,0.6,7,270,30,low,6.1,0.5
47.0,6.0,1,1,8,3,100.0,0.144,574.0,0.55,8,380,44,medium,11.2,3.3
51.0,5.6,0,1,6,3,93.5,0.148,594.0,0.5,4,440,36,medium,9.4,0.3
51.9,16.8,0,1,0,2,18.7,0.028,594.0,0.5,3,440,21,low,10.0,0.8
40.9,0.9,0,0,0,1,12.2,0.031,802.0,0.6,1,270,6,low,5.7,0.0
81.0,6.0,1,1,0,0,6.7,0.184,1041.0,0.3,2,200,21,low,5.9,1.7
59.2,0.5,0,0,0,0,13.1,0.041,408.0,0.6,11,240,7,low,5.0,0.0
12.9,0.9,0,0,1,0,13.2,0.041,20.0,0.8,1,320,3,low,6.7,0.0
50.7,1.0,1,1,14,3,100.0,0.256,594.0,0.5,9,440,43,medium,12.6,3.5
40.5,61.1,1,0,7,2,100.0,0.948,762.0,0.55,7,265,49,medium,10.9,5.4
32.5,12.0,0,0,4,0,96.7,0.338,688.0,0.6,5,210,17,low,4.7,0.3
30.4,38.7,1,1,3,1,100.0,0.128,574.0,0.55,5,380,39,medium,13.5,5.5
22.5,1.4,0,0,1,1,3.1,0.176,750.0,0.5,3,340,9,low,7.1,0.1
70.7,3.5,2,1,9,3,64.2,1.0,1041.0,0.3,9,200,52,medium,13.6,9.4
13.1,7.3,1,0,1,1,68.8,0.615,250.0,0.6,4,230,22,low,6.8,2.0
21.9,13.3,0,0,2,0,100.0,0.173,40.0,0.75,4,310,14,low,6.9,0.5
27.5,11.1,0,0,3,2,88.0,0.249,115.0,0.75,5,195,21,low,4.3,0.2
46.3,4.5,0,0,0,1,14.2,0.045,408.0,0.6,3,240,8,low,5.1,0.1
32.2,8.9,0,0,6,0,91.9,0.318,408.0,0.6,10,240,23,low,5.2,0.2
44.6,0.7,1,0,0,1,12.2,0.031,515.0,0.65,12,190,16,low,5.4,1.5
14.8,1.5,0,1,6,1,100.0,0.259,102.0,0.7,9,270,22,low,5.7,0.0
41.3,0.9,1,0,12,3,100.0,0.384,762.0,0.55,7,265,41,medium,7.6,2.1
49.4,0.2,1,1,0,0,3.0,0.171,1117.0,0.35,12,145,18,low,4.1,1.1
41.1,3.7,0,0,1,1,14.0,0.044,408.0,0.6,2,240,13,low,5.1,0.1
25.8,0.6,1,1,0,1,6.1,0.162,550.0,0.5,11,110,17,low,3.2,0.9
35.7,1.8,1,1,1,0,13.5,0.042,578.0,0.45,12,168,21,low,4.8,1.3
42.0,6.0,1,0,3,0,67.2,0.598,250.0,0.6,10,230,25,low,6.8,2.0
24.0,3.8,1,0,9,1,100.0,0.411,115.0,0.75,6,195,35,medium,5.7,1.6
38.7,2.5,0,0,7,0,88.1,0.138,790.0,0.55,10,98,22,low,2.1,0.0
55.9,1.7,1,1,0,1,6.2,0.167,550.0,0.5,2,110,23,low,3.2,0.9
18.6,2.5,0,0,0,0,8.4,0.043,115.0,0.75,2,195,6,low,4.1,0.1
38.5,9.7,0,0,7,2,100.0,0.311,202.0,0.7,6,330,29,low,7.2,0.4
32.2,4.4,0,0,1,0,78.3,0.216,115.0,0.75,4,195,9,low,4.2,0.1
25.6,7.4,1,0,9,1,100.0,0.296,35.0,0.85,7,550,32,medium,16.3,4.9
17.9,1.4,0,0,1,0,14.4,0.021,35.0,0.85,2,550,8,low,11.5,0.1
64.4,1.5,2,2,4,2,37.1,1.0,870.0,0.45,10,310,45,medium,20.8,14.4
42.8,5.3,0,0,0,1,11.1,0.091,215.0,0.75,2,280,12,low,6.0,0.2
79.0,7.2,1,0,3,0,68.6,1.0,1197.0,0.3,9,180,33,medium,5.3,1.6
36.0,0.4,1,0,1,0,14.1,0.02,502.0,0.6,3,270,12,low,7.7,2.1
47.8,2.5,0,0,0,0,8.4,0.042,797.0,0.4,3,74,10,low,1.6,0.0
32.9,2.4,1,0,9,1,83.9,0.53,470.0,0.55,8,215,39,medium,6.2,1.7
15.1,1.6,1,0,0,0,10.3,0.083,250.0,0.6,12,230,11,low,6.6,1.8
20.9,4.0,1,0,1,0,13.0,0.033,515.0,0.65,3,190,9,low,5.5,1.6
27.6,4.0,1,1,0,3,6.5,0.176,550.0,0.5,1,110,26,low,3.2,0.9
52.6,0.6,1,0,1,2,4.0,0.142,1238.0,0.35,12,190,18,low,5.4,1.5
23.0,0.1,0,0,1,1,8.0,0.04,115.0,0.75,12,195,7,low,4.1,0.0
25.1,2.2,0,0,10,2,31.3,1.0,750.0,0.5,6,340,33,medium,7.2,0.1
46.2,25.2,2,1,9,2,90.2,1.0,550.0,0.5,7,110,55,medium,8.4,6.1
30.0,6.2,1,0,4,1,87.6,0.3,488.0,0.55,5,140,23,low,4.1,1.2
42.5,3.0,0,0,1,1,89.0,0.14,202.0,0.7,5,330,21,low,7.0,0.1
66.9,0.3,1,1,2,1,6.0,0.161,1041.0,0.3,2,200,23,low,5.7,1.6
17.7,1.0,0,0,2,0,14.3,0.02,102.0,0.7,12,270,6,low,5.7,0.0
20.0,2.4,0,0,2,1,14.7,0.021,202.0,0.7,3,330,8,low,7.0,0.1
36.2,0.5,0,0,0,0,14.2,0.02,202.0,0.7,12,330,6,low,6.9,0.0
22.4,0.1,0,0,0,3,10.0,0.08,215.0,0.75,1,280,14,low,5.8,0.0
75.3,0.6,1,1,2,1,3.0,0.172,1117.0,0.35,11,145,30,low,4.2,1.1
54.0,26.2,2,0,4,2,100.0,0.62,515.0,0.65,8,190,47,medium,14.6,10.6
42.5,29.5,0,1,8,0,100.0,0.435,594.0,0.5,7,440,33,medium,10.8,1.6
0.0,0.5,0,0,0,1,14.1,0.02,68.0,0.85,12,175,5,low,3.7,0.0
32.5,11.3,0,0,6,3,29.4,1.0,775.0,0.5,4,245,24,low,5.4,0.3
40.2,4.5,1,1,3,1,16.3,0.011,574.0,0.55,11,380,23,low,11.1,3.2
34.1,8.0,0,0,0,1,3.5,0.204,750.0,0.5,3,340,9,low,7.4,0.3
40.5,6.6,1,1,2,0,100.0,0.076,574.0,0.55,4,380,22,low,11.2,3.3
58.6,8.6,1,0,1,1,4.7,0.17,1238.0,0.35,3,190,27,low,5.7,1.7
39.3,85.6,1,0,6,0,100.0,0.785,502.0,0.6,7,270,49,medium,13.5,7.9
53.5,13.7,0,1,7,1,100.0,0.335,594.0,0.5,6,440,33,medium,9.8,0.7
45.0,6.3,0,1,4,0,94.5,0.15,594.0,0.5,5,440,28,low,9.5,0.3
60.5,3.0,1,0,3,0,38.2,1.0,1197.0,0.3,5,180,25,low,5.2,1.5
20.3,12.4,1,0,1,3,59.9,0.341,470.0,0.55,4,215,24,low,6.5,2.1
21.6,0.7,1,0,0,3,10.1,0.081,250.0,0.6,1,230,17,low,6.6,1.8
30.1,1.6,0,0,1,0,10.3,0.083,215.0,0.75,1,280,6,low,5.9,0.0
46.2,6.1,1,1,7,0,78.5,1.0,961.0,0.35,6,390,37,medium,11.5,3.4
37.9,3.0,0,0,0,0,4.2,0.151,775.0,0.5,12,245,10,low,5.2,0.1
39.9,1.0,0,0,0,0,4.1,0.144,775.0,0.5,1,245,9,low,5.1,0.0
31.5,5.1,0,0,3,0,66.2,0.587,215.0,0.75,4,280,21,low,6.0,0.2
30.4,2.5,1,0,0,1,10.5,0.085,250.0,0.6,3,230,16,low,6.7,1.9
25.7,2.3,0,0,1,0,10.5,0.085,215.0,0.75,1,280,7,low,5.9,0.1
9.8,11.8,0,0,3,1,96.4,0.337,20.0,0.8,4,320,23,low,7.1,0.4
56.0,7.7,1,0,5,0,27.7,1.0,1238.0,0.35,5,190,30,low,5.6,1.7
22.4,16.9,0,0,13,0,100.0,0.533,802.0,0.6,9,270,28,low,6.1,0.5
48.1,1.0,0,0,1,2,3.1,0.174,750.0,0.5,11,340,13,low,7.1,0.0
45.5,1.3,1,0,0,0,12.3,0.031,762.0,0.55,3,265,18,low,7.6,2.1
66.5,0.5,1,1,1,0,3.0,0.172,1117.0,0.35,1,145,27,low,4.2,1.1
44.2,3.7,1,1,1,0,14.0,0.044,578.0,0.45,2,168,13,low,4.9,1.4
8.4,6.4,0,0,0,0,15.8,0.023,40.0,0.75,3,310,3,low,6.7,0.2
47.4,4.1,0,0,0,0,4.3,0.154,1438.0,0.4,1,85,12,low,1.8,0.0
62.3,22.2,2,1,8,3,100.0,0.777,578.0,0.45,8,168,57,medium,12.6,9.1
37.3,4.5,0,1,12,1,100.0,0.278,594.0,0.5,7,440,34,medium,9.4,0.2
34.7,11.4,1,0,7,2,100.0,0.482,515.0,0.65,6,190,37,medium,5.8,1.8
35.2,24.4,2,1,5,2,100.0,0.805,470.0,0.55,9,215,50,medium,16.3,11.8
52.7,2.8,0,0,0,0,8.4,0.043,797.0,0.4,3,74,11,low,1.6,0.0
0.0,0.4,0,0,3,0,14.1,0.02,35.0,0.85,1,550,6,low,11.5,0.0
36.8,13.1,0,0,4,2,50.5,1.0,775.0,0.5,9,245,27,low,5.5,0.4
52.3,8.6,1,0,0,2,16.4,0.024,502.0,0.6,11,270,14,low,8.1,2.4
50.5,5.3,1,1,5,2,19.9,1.0,1117.0,0.35,10,145,33,medium,4.3,1.2
46.2,84.7,1,1,8,1,80.8,1.0,1117.0,0.35,8,145,52,medium,7.2,4.2
48.6,4.0,1,1,7,1,19.4,1.0,1117.0,0.35,4,145,31,medium,4.2,1.2
25.4,17.1,1,0,0,0,13.4,0.114,250.0,0.6,3,230,19,low,7.2,2.4
37.7,4.5,0,1,8,3,91.5,0.145,594.0,0.5,5,440,37,medium,9.4,0.2
30.5,0.6,0,0,1,2,13.2,0.041,688.0,0.6,11,210,15,low,4.4,0.0
42.3,13.1,1,1,8,3,100.0,0.664,578.0,0.45,8,168,49,medium,5.1,1.6
46.3,0.1,1,0,1,0,60.1,0.521,250.0,0.6,10,230,19,low,6.6,1.8
18.6,15.6,0,0,3,0,94.5,0.271,115.0,0.75,4,195,16,low,4.4,0.3
46.3,1.1,1,0,0,0,8.2,0.041,470.0,0.55,1,215,13,low,6.2,1.7
59.1,0.2,1,1,0,1,13.0,0.04,578.0,0.45,3,168,26,low,4.8,1.3
43.3,1.5,1,1,1,2,13.4,0.042,578.0,0.45,2,168,17,low,4.8,1.3
48.3,1.9,0,0,5,2,83.0,0.524,797.0,0.4,7,74,30,low,1.6,0.0
49.7,5.4,1,0,5,0,86.4,0.295,488.0,0.55,4,140,24,low,4.1,1.2
49.5,0.3,0,0,0,1,7.0,0.101,422.0,0.65,1,485,5,low,10.1,0.0
32.8,13.3,1,0,10,0,100.0,0.173,502.0,0.6,5,270,28,low,8.3,2.6
63.9,7.4,1,0,2,3,27.5,1.0,1238.0,0.35,5,190,33,medium,5.6,1.7
18.3,0.2,0,0,2,0,48.2,0.261,115.0,0.75,4,195,12,low,4.1,0.0
43.8,0.6,1,0,0,0,14.2,0.02,502.0,0.6,3,270,14,low,7.7,2.1
39.9,5.6,1,0,0,2,15.6,0.023,502.0,0.6,11,270,23,low,7.9,2.3
35.1,44.1,0,0,4,1,100.0,0.547,408.0,0.6,5,240,40,medium,6.4,1.4
16.3,3.2,1,0,7,3,100.0,0.27,35.0,0.85,7,550,27,low,16.0,4.5
58.6,5.7,2,0,5,0,44.6,1.0,1238.0,0.35,6,190,32,medium,13.0,9.1
15.0,2.9,0,0,0,1,14.8,0.021,68.0,0.85,11,175,4,low,3.7,0.1
51.9,4.7,2,0,8,3,100.0,0.419,515.0,0.65,6,190,45,medium,13.0,9.0
39.1,0.7,1,1,4,0,91.2,0.066,574.0,0.55,10,380,25,low,10.9,3.0
41.3,2.7,1,1,4,1,37.9,1.0,550.0,0.5,4,110,29,low,3.2,0.9
39.8,1.7,0,0,0,0,14.5,0.021,202.0,0.7,2,330,4,low,6.9,0.1
46.4,0.6,0,1,0,1,14.2,0.02,594.0,0.5,1,440,13,low,9.2,0.0
39.8,2.3,1,1,5,2,81.5,0.275,578.0,0.45,4,168,32,medium,4.9,1.4
26.1,2.7,0,0,1,3,14.8,0.021,35.0,0.85,2,550,15,low,11.6,0.2
57.5,4.9,0,0,7,2,26.4,1.0,1438.0,0.4,5,85,30,low,1.8,0.0
47.1,15.9,1,1,9,0,100.0,0.699,578.0,0.45,9,168,41,medium,5.2,1.7
56.5,16.3,1,1,10,1,100.0,0.704,578.0,0.45,7,168,48,medium,5.2,1.7
47.8,1.5,0,0,6,2,41.2,1.0,775.0,0.5,6,245,32,medium,5.1,0.0
55.4,2.7,1,1,0,1,3.2,0.181,1117.0,0.35,2,145,23,low,4.2,1.2
37.7,8.3,1,1,2,0,100.0,0.151,574.0,0.55,9,380,27,low,11.3,3.4
33.2,0.5,1,1,1,3,6.1,0.162,550.0,0.5,12,110,25,low,3.2,0.9
47.0,3.7,1,0,1,3,6.4,0.175,1197.0,0.3,1,180,27,low,5.2,1.5
44.6,0.3,1,0,0,0,14.1,0.02,502.0,0.6,12,270,19,low,7.7,2.1
25.5,29.3,2,1,9,3,100.0,0.866,470.0,0.55,8,215,55,medium,16.8,12.3
0.0,1.5,0,0,1,1,14.4,0.021,102.0,0.7,3,270,2,low,5.7,0.0
17.5,45.9,1,0,10,1,100.0,1.0,250.0,0.6,7,230,48,medium,8.5,3.7
39.7,0.4,1,1,4,0,36.3,1.0,550.0,0.5,4,110,26,low,3.1,0.9
44.4,1.8,1,0,6,0,74.5,0.204,762.0,0.55,10,265,26,low,7.6,2.1
0.0,4.5,0,0,7,2,100.0,0.278,68.0,0.85,9,175,22,low,3.7,0.1
55.0,28.0,1,1,6,0,100.0,0.111,574.0,0.55,5,380,39,medium,12.6,4.7
34.0,3.4,1,0,4,2,83.2,0.282,488.0,0.55,5,140,27,low,4.1,1.2
59.4,13.2,0,1,0,0,17.7,0.027,594.0,0.5,3,440,12,low,9.8,0.7
24.8,8.7,0,0,6,0,91.5,0.316,688.0,0.6,5,210,18,low,4.6,0.2
29.4,1.0,0,0,3,3,73.4,0.2,115.0,0.75,5,195,20,low,4.1,0.0
60.3,4.6,1,1,1,1,6.6,0.178,550.0,0.5,1,110,22,low,3.2,0.9
46.0,8.6,0,0,2,1,91.3,0.316,688.0,0.6,4,210,20,low,4.6,0.2
0.9,6.0,0,0,0,0,15.7,0.023,68.0,0.85,11,175,2,low,3.8,0.1
75.8,26.9,2,0,13,2,61.6,1.0,1238.0,0.35,6,190,56,medium,14.6,10.7
12.1,0.1,0,0,0,0,13.0,0.04,20.0,0.8,12,320,1,low,6.7,0.0
64.0,44.4,2,0,8,2,100.0,1.0,1197.0,0.3,6,180,62,high,15.4,11.7
10.8,0.6,0,0,11,3,100.0,0.254,68.0,0.85,6,175,30,low,3.7,0.0
21.6,32.3,0,0,3,3,100.0,0.353,802.0,0.6,5,270,30,low,6.7,1.1
0.7,0.8,0,0,0,2,14.2,0.02,35.0,0.85,12,550,5,low,11.5,0.0
34.8,0.4,0,0,0,0,8.1,0.04,797.0,0.4,11,74,3,low,1.5,0.0
44.0,24.9,0,0,10,1,100.0,0.811,408.0,0.6,8,240,38,medium,5.7,0.7
27.2,4.8,1,0,0,1,8.8,0.045,470.0,0.55,3,215,7,low,6.3,1.8
53.1,19.0,1,1,9,1,41.4,1.0,1117.0,0.35,6,145,42,medium,4.6,1.6
12.7,2.4,0,0,1,1,10.5,0.085,215.0,0.75,3,280,7,low,5.9,0.1
19.1,9.4,0,0,5,1,85.6,0.241,802.0,0.6,4,270,23,low,5.9,0.3
35.4,1.6,0,0,0,0,12.4,0.031,802.0,0.6,11,270,6,low,5.7,0.0
59.7,15.2,2,2,1,2,7.8,0.221,870.0,0.45,3,310,32,medium,22.4,15.9
32.8,1.0,1,0,2,1,8.2,0.041,470.0,0.55,11,215,15,low,6.2,1.7
16.2,12.1,0,0,0,0,17.4,0.026,102.0,0.7,3,270,4,low,6.0,0.4
50.3,32.0,0,0,8,3,100.0,0.9,688.0,0.6,8,210,42,medium,5.2,0.8
11.7,0.4,0,0,2,1,14.1,0.02,35.0,0.85,12,550,6,low,11.5,0.0
3.7,3.0,0,0,8,0,89.0,0.14,68.0,0.85,10,175,20,low,3.7,0.1
50.1,0.5,0,0,1,0,8.1,0.04,797.0,0.4,1,74,10,low,1.5,0.0
11.0,2.6,0,0,0,3,14.7,0.021,68.0,0.85,11,175,12,low,3.7,0.0
33.0,2.7,1,0,3,2,75.8,0.208,515.0,0.65,4,190,27,low,5.5,1.5
51.3,8.2,1,1,0,3,7.0,0.193,550.0,0.5,3,110,24,low,3.3,1.0
13.1,1.0,0,0,1,3,14.3,0.02,68.0,0.85,1,175,7,low,3.7,0.0
9.3,45.0,0,0,6,1,100.0,0.531,35.0,0.85,9,550,34,medium,14.8,3.3
51.1,0.7,0,0,2,0,85.2,0.132,202.0,0.7,4,330,20,low,6.9,0.0
45.4,8.5,0,0,0,0,3.5,0.206,750.0,0.5,3,340,14,low,7.4,0.3
18.1,7.8,0,0,1,0,8.1,0.12,422.0,0.65,3,485,5,low,10.5,0.4
48.6,2.7,1,1,3,1,6.3,0.171,550.0,0.5,11,110,20,low,3.2,0.9
35.6,1.2,0,0,2,0,14.3,0.021,790.0,0.55,1,98,2,low,2.1,0.0
64.4,6.7,1,0,1,1,6.8,0.187,1197.0,0.3,2,180,20,low,5.3,1.6
28.9,2.6,0,0,0,0,8.4,0.043,115.0,0.75,3,195,9,low,4.1,0.1
44.8,0.4,1,0,1,0,13.1,0.04,488.0,0.55,1,140,16,low,4.0,1.1
44.9,18.0,0,0,0,0,10.9,0.058,797.0,0.4,3,74,13,low,1.7,0.2
84.2,6.8,1,0,4,3,40.9,1.0,1197.0,0.3,4,180,43,medium,5.3,1.6
44.9,2.4,0,0,0,2,8.4,0.042,797.0,0.4,11,74,13,low,1.6,0.0
45.0,6.5,0,1,8,0,100.0,0.291,594.0,0.5,8,440,27,low,9.5,0.3
9.2,3.7,0,0,2,0,90.2,0.142,35.0,0.85,5,550,10,low,11.7,0.2
57.0,1.2,0,0,0,0,4.1,0.144,1438.0,0.4,2,85,8,low,1.8,0.0
45.4,1.7,0,0,1,1,14.5,0.021,202.0,0.7,1,330,10,low,6.9,0.1
20.2,29.9,1,0,12,2,100.0,0.656,802.0,0.6,7,270,46,medium,9.1,3.4
83.3,7.9,1,1,1,2,3.5,0.203,1117.0,0.35,3,145,24,low,4.3,1.3
58.3,3.6,2,2,2,2,38.6,1.0,870.0,0.45,10,310,41,medium,21.0,14.6
53.2,2.3,0,0,1,0,4.2,0.148,775.0,0.5,2,245,10,low,5.2,0.1
26.0,1.8,0,0,0,0,10.4,0.084,215.0,0.75,11,280,2,low,5.9,0.1
20.7,0.5,0,0,1,2,13.1,0.041,20.0,0.8,12,320,7,low,6.7,0.0
7.1,3.8,0,0,0,2,15.1,0.022,68.0,0.85,3,175,12,low,3.7,0.1
13.2,3.4,0,0,11,1,100.0,0.407,115.0,0.75,6,195,27,low,4.1,0.1
49.0,0.1,0,0,1,0,7.0,0.1,422.0,0.65,2,485,10,low,10.1,0.0
71.1,0.2,1,1,0,0,3.0,0.171,1117.0,0.35,12,145,16,low,4.1,1.1
35.8,1.9,0,1,9,0,100.0,0.262,202.0,0.7,6,330,32,medium,6.9,0.1
40.4,17.1,0,0,4,1,100.0,0.713,797.0,0.4,6,74,28,low,1.7,0.1
18.5,6.1,0,0,3,2,53.9,0.3,115.0,0.75,10,195,17,low,4.2,0.1
72.8,8.3,0,0,0,2,4.7,0.169,1438.0,0.4,3,85,15,low,1.8,0.1
36.7,40.6,0,0,4,1,100.0,1.0,688.0,0.6,7,210,32,medium,5.5,1.1
23.1,11.3,1,0,10,1,100.0,1.0,215.0,0.75,9,280,38,medium,8.5,2.6
31.1,6.5,0,0,3,2,94.9,0.151,202.0,0.7,10,330,24,low,7.1,0.2
45.3,11.0,1,1,2,2,100.0,0.083,574.0,0.55,10,380,29,low,11.5,3.6
58.1,1.1,1,0,0,0,13.3,0.041,488.0,0.55,12,140,18,low,4.0,1.1
66.0,0.0,1,0,1,0,4.0,0.14,1238.0,0.35,1,190,13,low,5.4,1.5
38.9,15.1,1,0,5,3,100.0,0.345,790.0,0.55,6,98,33,medium,3.0,1.0
37.1,0.5,0,1,1,3,14.1,0.02,594.0,0.5,1,440,22,low,9.2,0.0
55.8,2.2,1,0,1,0,4.2,0.148,1238.0,0.35,3,190,11,low,5.5,1.5
30.1,27.5,0,0,10,3,100.0,0.633,115.0,0.75,9,195,41,medium,4.7,0.6
39.7,1.6,0,0,2,2,80.5,0.27,688.0,0.6,4,210,15,low,4.4,0.0
46.2,0.0,1,0,1,0,14.0,0.02,502.0,0.6,12,270,15,low,7.7,2.1
22.5,28.3,0,0,6,2,100.0,0.64,115.0,0.75,7,195,32,medium,4.7,0.7
53.2,1.0,2,1,10,0,30.6,1.0,1117.0,0.35,6,145,42,medium,9.7,6.7
15.9,7.9,1,0,11,3,100.0,0.299,102.0,0.7,8,270,36,medium,8.0,2.4
32.5,4.7,0,0,0,0,15.3,0.022,790.0,0.55,3,98,7,low,2.1,0.0
30.2,0.3,0,0,3,0,84.4,0.131,202.0,0.7,4,330,18,low,6.9,0.0
24.3,1.9,0,0,0,2,8.3,0.042,115.0,0.75,3,195,11,low,4.1,0.0
42.1,0.2,0,0,0,0,7.0,0.101,422.0,0.65,12,485,7,low,10.1,0.0
38.9,0.7,1,1,0,3,15.2,0.01,574.0,0.55,12,380,24,low,10.9,3.0
33.5,48.4,0,0,11,1,100.0,1.0,422.0,0.65,7,485,47,medium,13.3,3.2
24.1,0.9,0,0,3,0,85.5,0.133,68.0,0.85,5,175,15,low,3.7,0.0
24.0,0.6,1,0,1,0,14.2,0.02,502.0,0.6,11,270,10,low,7.7,2.1
36.9,14.2,0,0,5,1,100.0,0.508,802.0,0.6,9,270,23,low,6.1,0.4
52.9,2.6,1,1,0,3,3.2,0.181,1117.0,0.35,11,145,24,low,4.2,1.2
59.1,7.0,1,1,11,1,79.8,1.0,961.0,0.35,9,390,42,medium,11.5,3.4
21.4,7.9,1,0,1,2,69.4,0.622,250.0,0.6,5,230,27,low,6.8,2.0
80.3,16.3,1,1,1,0,4.0,0.239,1117.0,0.35,3,145,23,low,4.5,1.5
19.1,3.7,0,1,11,3,100.0,0.273,202.0,0.7,9,330,36,medium,7.0,0.1
33.0,7.1,0,0,17,1,100.0,0.589,408.0,0.6,7,240,34,medium,5.2,0.2
27.5,0.6,0,0,1,3,12.1,0.03,802.0,0.6,12,270,16,low,5.6,0.0
20.4,1.4,0,0,1,1,14.4,0.021,102.0,0.7,12,270,9,low,5.7,0.0
61.7,6.5,1,1,1,1,6.8,0.186,1041.0,0.3,11,200,22,low,5.9,1.7
24.9,3.2,0,0,0,0,8.5,0.043,797.0,0.4,3,74,3,low,1.6,0.0
39.8,1.7,1,0,2,1,4.1,0.146,1238.0,0.35,11,190,11,low,5.5,1.5
46.5,3.7,1,1,0,0,6.4,0.175,550.0,0.5,2,110,20,low,3.2,0.9
62.3,3.3,1,0,6,2,25.6,0.986,1238.0,0.35,10,190,31,medium,5.5,1.6
46.7,3.7,0,0,2,0,4.3,0.153,1438.0,0.4,1,85,8,low,1.8,0.0
58.4,7.9,1,0,9,1,100.0,0.449,762.0,0.55,9,265,32,medium,7.9,2.4
0.0,31.1,0,0,5,0,100.0,0.231,68.0,0.85,5,175,23,low,4.3,0.7
27.9,3.3,1,1,0,3,13.9,0.043,578.0,0.45,11,168,25,low,4.9,1.4
56.8,8.0,0,0,3,0,90.6,0.312,688.0,0.6,5,210,20,low,4.6,0.2
22.2,0.6,0,0,3,3,85.1,0.132,40.0,0.75,10,310,22,low,6.5,0.0
45.5,0.3,0,0,2,0,7.0,0.101,422.0,0.65,1,485,9,low,10.1,0.0
31.3,3.1,0,0,3,0,89.2,0.14,202.0,0.7,5,330,16,low,7.0,0.1
32.4,2.2,0,0,5,3,25.1,0.96,775.0,0.5,5,245,25,low,5.2,0.1
35.3,85.5,1,0,3,0,100.0,1.0,250.0,0.6,4,230,43,medium,11.5,6.7
32.3,0.2,1,0,0,0,8.0,0.04,470.0,0.55,12,215,11,low,6.1,1.7
41.0,0.4,1,0,0,1,12.1,0.03,515.0,0.65,12,190,13,low,5.4,1.5
60.9,25.3,0,0,5,2,60.2,1.0,1438.0,0.4,7,85,34,medium,2.0,0.3
28.7,2.2,1,0,0,0,10.4,0.084,250.0,0.6,3,230,10,low,6.6,1.9
42.4,29.3,0,1,9,3,100.0,0.867,797.0,0.4,8,74,51,medium,1.8,0.3
78.2,7.5,1,0,1,0,6.9,0.19,1197.0,0.3,3,180,24,low,5.3,1.6
65.4,6.9,1,1,0,2,8.0,0.117,961.0,0.35,2,390,23,low,11.5,3.4
28.3,0.3,0,0,1,0,14.1,0.02,202.0,0.7,12,330,8,low,6.9,0.0
46.7,0.8,0,0,0,1,13.2,0.041,408.0,0.6,11,240,7,low,5.0,0.0
38.6,48.2,2,0,6,2,100.0,0.827,762.0,0.55,9,265,53,medium,23.3,17.8
44.3,4.8,1,1,8,0,100.0,0.14,574.0,0.55,6,380,38,medium,11.1,3.2
60.2,38.2,1,1,4,3,100.0,1.0,1197.0,0.3,6,180,53,medium,6.4,2.6
17.1,2.6,0,0,1,2,14.7,0.021,40.0,0.75,12,310,15,low,6.5,0.1
54.1,1.2,0,0,1,0,49.2,0.268,797.0,0.4,4,74,9,low,1.6,0.0
29.4,2.1,0,0,1,1,14.6,0.021,102.0,0.7,3,270,8,low,5.7,0.1
11.5,8.8,0,0,0,2,11.8,0.098,215.0,0.75,2,280,10,low,6.1,0.3
29.7,6.9,0,0,6,1,82.0,0.229,115.0,0.75,5,195,27,low,4.2,0.1
16.5,47.2,0,0,5,1,100.0,0.545,202.0,0.7,8,330,28,low,9.0,2.1
75.7,0.3,1,0,1,0,6.0,0.161,1197.0,0.3,3,180,13,low,5.1,1.4
61.1,11.2,1,0,8,0,49.0,1.0,1238.0,0.35,6,190,40,medium,5.8,1.8
72.3,1.5,1,1,2,3,43.3,0.675,961.0,0.35,5,390,32,medium,11.2,3.1
17.4,25.0,0,0,7,0,100.0,0.813,20.0,0.8,8,320,30,low,7.6,1.0
41.8,2.1,0,1,5,1,87.5,0.137,594.0,0.5,10,440,25,low,9.3,0.1
69.3,5.9,1,0,3,1,26.8,1.0,1238.0,0.35,5,190,29,low,5.6,1.6
39.0,20.2,1,0,4,3,100.0,0.565,515.0,0.65,8,190,38,medium,6.0,2.1
63.4,5.9,1,1,5,1,67.1,1.0,1041.0,0.3,6,200,42,medium,5.9,1.7
54.3,10.0,0,0,4,2,21.6,1.0,750.0,0.5,5,340,28,low,7.5,0.4
16.8,2.9,0,0,6,3,88.8,0.139,40.0,0.75,10,310,24,low,6.6,0.1
38.3,0.6,1,0,0,2,14.2,0.02,502.0,0.6,12,270,17,low,7.7,2.1
26.7,2.1,0,0,0,2,14.6,0.021,68.0,0.85,3,175,11,low,3.7,0.0
73.4,1.6,1,0,7,1,61.9,1.0,1197.0,0.3,7,180,36,medium,5.2,1.4
19.6,8.9,0,0,3,0,98.9,0.159,102.0,0.7,4,270,18,low,5.9,0.3
61.2,3.2,1,1,0,0,7.5,0.108,961.0,0.35,11,390,20,low,11.3,3.2
60.7,7.9,1,1,6,3,81.0,1.0,961.0,0.35,8,390,47,medium,11.6,3.5
80.1,2.8,1,1,0,0,7.4,0.107,961.0,0.35,2,390,23,low,11.3,3.2
4.5,29.4,0,0,6,0,100.0,0.434,35.0,0.85,7,550,26,low,13.4,2.0
80.9,1.8,0,0,1,0,4.1,0.146,1438.0,0.4,2,85,15,low,1.8,0.0
45.9,2.9,0,0,3,2,63.4,0.557,215.0,0.75,4,280,22,low,5.9,0.1
33.3,0.5,0,0,1,0,7.1,0.101,422.0,0.65,2,485,8,low,10.1,0.0
24.3,18.2,0,0,9,1,100.0,0.364,40.0,0.75,9,310,32,medium,7.1,0.6
41.8,58.7,1,0,9,3,100.0,1.0,408.0,0.6,6,240,54,medium,9.7,4.7
44.2,0.5,0,0,1,3,8.1,0.041,797.0,0.4,1,74,16,low,1.5,0.0
58.0,23.2,1,0,3,1,58.5,1.0,1238.0,0.35,7,190,34,medium,6.1,2.2
39.0,2.9,0,0,0,3,13.8,0.043,408.0,0.6,1,240,8,low,5.1,0.1
66.5,26.3,1,1,4,0,27.5,1.0,1117.0,0.35,5,145,35,medium,4.8,1.8
28.3,0.1,0,0,0,0,12.0,0.03,802.0,0.6,2,270,1,low,5.6,0.0
46.0,2.3,1,1,3,3,62.8,1.0,550.0,0.5,7,110,41,medium,3.2,0.9
42.3,8.0,0,0,4,2,34.8,1.0,750.0,0.5,7,340,28,low,7.4,0.3
6.9,6.3,0,0,2,2,14.6,0.046,20.0,0.8,3,320,9,low,6.9,0.2
22.9,10.5,0,0,6,2,100.0,0.316,202.0,0.7,7,330,24,low,7.3,0.4
34.6,10.9,1,0,4,0,87.7,0.248,762.0,0.55,4,265,22,low,8.0,2.5
21.9,0.5,0,0,8,2,80.8,0.506,115.0,0.75,8,195,28,low,4.1,0.0
55.5,0.1,1,0,0,1,12.0,0.03,762.0,0.55,12,265,21,low,7.6,2.1
36.9,3.1,0,0,0,1,8.5,0.043,797.0,0.4,1,74,10,low,1.6,0.0
69.5,1.7,1,1,0,2,13.4,0.042,578.0,0.45,2,168,26,low,4.8,1.3
13.8,32.2,1,0,9,3,100.0,0.677,115.0,0.75,6,195,42,medium,6.6,2.6
65.5,4.4,1,1,1,0,6.5,0.178,1041.0,0.3,1,200,20,low,5.8,1.7
61.7,6.6,1,1,0,1,7.9,0.117,961.0,0.35,3,390,22,low,11.5,3.4
58.9,1.6,1,1,0,2,6.2,0.166,1041.0,0.3,2,200,29,low,5.8,1.6
27.4,5.0,0,0,1,1,52.8,0.293,115.0,0.75,5,195,17,low,4.2,0.1
15.2,14.3,0,0,7,3,100.0,0.339,68.0,0.85,8,175,29,low,3.9,0.3
56.2,0.1,0,0,1,3,3.0,0.17,750.0,0.5,11,340,20,low,7.1,0.0
35.9,4.1,0,0,0,0,15.2,0.022,35.0,0.85,1,550,7,low,11.7,0.2
49.4,47.6,1,1,7,2,100.0,1.0,578.0,0.45,7,168,51,medium,6.3,2.8
38.1,2.8,0,0,0,0,50.7,0.278,797.0,0.4,4,74,10,low,1.6,0.0
62.1,4.4,1,1,1,1,14.1,0.044,578.0,0.45,11,168,23,low,4.9,1.4
4.2,1.1,0,0,9,0,100.0,0.257,68.0,0.85,6,175,23,low,3.7,0.0
55.4,11.5,2,2,4,0,73.8,1.0,870.0,0.45,9,310,40,medium,21.9,15.5
41.0,0.4,0,0,1,3,10.1,0.081,215.0,0.75,11,280,13,low,5.8,0.0
24.7,24.9,0,0,12,3,100.0,0.811,115.0,0.75,7,195,41,medium,4.6,0.6
55.2,37.8,2,1,12,1,52.7,1.0,1117.0,0.35,9,145,49,medium,11.9,8.9
31.0,6.3,1,0,5,0,100.0,0.434,802.0,0.6,8,270,26,low,8.0,2.3
28.5,12.8,1,0,5,1,100.0,0.495,762.0,0.55,9,265,28,low,8.1,2.6
65.1,8.4,1,1,1,0,3.5,0.206,1117.0,0.35,11,145,17,low,4.3,1.3
29.0,4.7,0,0,1,2,15.3,0.022,35.0,0.85,2,550,16,low,11.7,0.3
21.8,0.4,0,0,0,1,14.1,0.02,35.0,0.85,2,550,9,low,11.5,0.0
28.4,1.3,0,0,1,1,8.2,0.041,115.0,0.75,2,195,10,low,4.1,0.0
0.0,4.8,0,0,0,1,15.3,0.022,35.0,0.85,11,550,1,low,11.7,0.3
1.4,1.3,0,0,1,0,14.4,0.021,40.0,0.75,11,310,2,low,6.5,0.0
20.6,2.4,0,0,4,0,50.3,0.275,115.0,0.75,4,195,13,low,4.1,0.0
65.0,3.6,1,1,8,0,75.0,1.0,961.0,0.35,9,390,40,medium,11.3,3.2
36.5,1.2,0,0,0,0,7.2,0.103,422.0,0.65,2,485,3,low,10.2,0.1
62.2,3.8,1,1,15,2,75.3,1.0,961.0,0.35,7,390,47,medium,11.4,3.2
39.3,1.3,1,0,1,3,8.2,0.041,470.0,0.55,1,215,17,low,6.2,1.7
35.8,14.1,2,0,5,3,100.0,0.677,488.0,0.55,9,140,46,medium,10.0,7.1
4.4,16.4,0,0,5,2,100.0,0.366,20.0,0.8,5,320,27,low,7.3,0.6
15.2,1.8,0,0,3,0,8.3,0.042,115.0,0.75,11,195,3,low,4.1,0.0
36.3,4.0,0,0,0,0,8.6,0.044,115.0,0.75,1,195,6,low,4.1,0.1
29.2,8.3,0,0,8,2,100.0,0.453,115.0,0.75,6,195,30,low,4.2,0.2
61.3,27.6,1,1,6,2,93.1,1.0,1041.0,0.3,6,200,53,medium,6.6,2.5
51.3,1.7,1,1,4,1,18.6,1.0,1117.0,0.35,4,145,28,low,4.2,1.2
28.2,7.4,1,0,3,1,55.1,0.308,470.0,0.55,4,215,26,low,6.4,1.9
38.8,0.4,1,0,1,2,8.1,0.04,470.0,0.55,1,215,15,low,6.2,1.7
60.5,4.2,1,1,1,3,3.3,0.188,1117.0,0.35,3,145,25,low,4.2,1.2
63.6,0.6,0,0,0,0,8.1,0.041,797.0,0.4,12,74,10,low,1.5,0.0
63.9,84.4,2,1,8,1,100.0,1.0,1041.0,0.3,9,200,67,high,23.1,18.9
44.3,1.7,2,0,6,2,100.0,0.391,515.0,0.65,9,190,38,medium,12.8,8.8
32.6,1.6,1,0,0,3,8.2,0.042,470.0,0.55,11,215,19,low,6.2,1.7
28.3,0.6,1,0,13,0,100.0,0.38,762.0,0.55,6,265,32,medium,7.6,2.1
60.3,0.8,1,1,0,1,3.0,0.173,1117.0,0.35,1,145,17,low,4.2,1.1
21.4,0.9,0,0,0,1,12.2,0.031,115.0,0.75,1,195,6,low,4.1,0.0
12.3,0.6,0,0,1,0,85.0,0.132,202.0,0.7,10,330,12,low,6.9,0.0
21.5,3.8,1,1,7,2,100.0,0.411,515.0,0.65,8,190,30,low,5.5,1.6
23.9,0.9,0,0,3,1,73.3,0.2,802.0,0.6,4,270,16,low,5.7,0.0
35.2,5.0,1,0,5,0,85.8,0.292,488.0,0.55,5,140,28,low,4.1,1.2
30.6,3.3,0,0,1,2,13.9,0.043,688.0,0.6,12,210,11,low,4.4,0.1
56.8,3.0,0,0,1,1,50.9,0.279,797.0,0.4,5,74,19,low,1.6,0.0
53.8,8.7,1,1,0,3,7.0,0.195,550.0,0.5,2,110,26,low,3.3,1.0
29.4,2.7,0,0,1,3,14.8,0.021,790.0,0.55,11,98,11,low,2.1,0.0
1.5,1.8,0,0,1,1,14.5,0.021,35.0,0.85,2,550,6,low,11.6,0.1
24.7,2.1,0,1,1,0,14.6,0.021,594.0,0.5,2,440,10,low,9.3,0.1
9.7,4.0,0,0,0,0,14.0,0.044,20.0,0.8,3,320,6,low,6.8,0.1
20.7,42.9,1,1,5,1,100.0,1.0,215.0,0.75,6,280,45,medium,10.2,4.4
10.1,4.8,0,1,5,1,100.0,0.28,35.0,0.85,8,550,21,low,11.7,0.3
42.2,2.3,0,0,0,0,10.5,0.085,215.0,0.75,11,280,13,low,5.9,0.1
10.8,15.6,0,0,7,2,100.0,0.694,115.0,0.75,7,195,28,low,4.4,0.3
26.0,23.7,0,0,1,0,4.4,0.271,750.0,0.5,3,340,9,low,8.0,1.0
19.5,0.8,0,0,0,1,14.2,0.02,68.0,0.85,3,175,13,low,3.7,0.0
14.7,0.4,0,0,0,3,14.1,0.02,40.0,0.75,2,310,11,low,6.5,0.0
37.3,9.9,0,0,6,2,47.9,1.0,775.0,0.5,8,245,23,low,5.4,0.3
23.7,8.4,0,0,0,1,16.3,0.024,68.0,0.85,3,175,6,low,3.8,0.2
20.8,0.7,0,0,1,0,13.2,0.041,20.0,0.8,2,320,2,low,6.7,0.0
36.1,1.6,0,0,6,2,100.0,0.26,790.0,0.55,9,98,34,medium,2.1,0.0
14.7,7.7,0,0,4,2,83.1,0.233,115.0,0.75,4,195,24,low,4.2,0.2
36.8,1.4,0,1,4,0,86.4,0.135,594.0,0.5,4,440,16,low,9.2,0.1
36.2,10.1,1,0,1,0,86.5,0.244,515.0,0.65,4,190,21,low,5.7,1.8
55.8,5.7,1,0,5,0,80.2,0.223,515.0,0.65,5,190,33,medium,5.6,1.6
40.4,14.6,1,1,2,0,16.8,0.055,578.0,0.45,2,168,21,low,5.2,1.7
58.8,49.6,1,0,7,1,100.0,1.0,1197.0,0.3,8,180,49,medium,6.8,3.1
19.4,72.5,1,0,6,1,100.0,1.0,250.0,0.6,7,230,54,medium,10.3,5.5
51.5,0.5,1,1,0,2,13.1,0.041,578.0,0.45,11,168,20,low,4.8,1.3
40.7,95.8,1,1,4,2,100.0,1.0,550.0,0.5,7,110,55,medium,6.0,3.7
50.3,3.8,2,2,0,2,6.5,0.175,870.0,0.45,3,310,29,low,21.1,14.6
18.5,11.6,0,0,12,1,100.0,1.0,215.0,0.75,7,280,33,medium,6.2,0.4
37.6,0.1,1,1,5,2,60.2,1.0,550.0,0.5,6,110,32,medium,3.1,0.9
78.9,3.3,1,1,4,1,19.2,1.0,1117.0,0.35,4,145,29,low,4.2,1.2
66.9,4.0,1,0,0,2,4.3,0.154,1238.0,0.35,11,190,20,low,5.5,1.6
37.7,1.7,0,0,0,2,3.1,0.177,750.0,0.5,3,340,7,low,7.1,0.1
38.9,28.2,1,0,5,1,93.8,0.886,250.0,0.6,5,230,33,medium,7.6,2.9
49.7,9.5,1,0,2,2,42.8,1.0,1197.0,0.3,10,180,34,medium,5.4,1.6
43.3,77.7,2,1,13,0,100.0,0.368,574.0,0.55,6,380,66,high,41.4,33.5
57.0,19.1,1,1,5,1,82.9,1.0,1041.0,0.3,7,200,42,medium,6.3,2.2
14.8,32.2,0,0,5,1,100.0,0.235,102.0,0.7,4,270,23,low,6.7,1.1
47.1,3.4,1,0,1,2,4.3,0.152,1238.0,0.35,3,190,19,low,5.5,1.6
53.4,0.9,0,1,0,0,14.3,0.02,594.0,0.5,1,440,10,low,9.2,0.0
38.3,0.5,0,0,1,0,14.2,0.02,68.0,0.85,12,175,4,low,3.7,0.0
54.8,2.2,1,1,3,2,43.9,0.686,961.0,0.35,10,390,33,medium,11.3,3.1
42.1,18.5,2,0,4,1,100.0,0.732,488.0,0.55,9,140,37,medium,10.3,7.4
33.8,8.1,0,0,6,2,100.0,0.601,408.0,0.6,9,240,34,medium,5.2,0.2
25.8,1.2,0,0,2,2,86.1,0.134,102.0,0.7,10,270,21,low,5.7,0.0
20.6,0.6,0,0,1,2,8.1,0.041,115.0,0.75,11,195,7,low,4.1,0.0
70.1,22.7,1,1,6,0,87.3,1.0,1041.0,0.3,6,200,41,medium,6.4,2.3
30.1,38.2,0,0,7,1,100.0,1.0,215.0,0.75,8,280,41,medium,7.2,1.4
34.9,2.9,0,1,0,1,14.8,0.021,594.0,0.5,2,440,14,low,9.3,0.1
87.8,0.9,1,1,4,0,36.7,1.0,1041.0,0.3,10,200,30,low,5.7,1.6
27.2,21.6,0,0,2,0,100.0,0.2,790.0,0.55,5,98,23,low,2.3,0.2
17.4,33.7,0,0,10,3,100.0,0.461,68.0,0.85,8,175,40,medium,4.4,0.7
45.0,2.6,1,0,1,2,8.4,0.043,470.0,0.55,1,215,20,low,6.2,1.7
38.8,4.1,1,1,1,0,16.2,0.011,574.0,0.55,1,380,15,low,11.1,3.2
37.7,0.1,0,0,0,1,14.0,0.02,790.0,0.55,2,98,13,low,2.0,0.0
13.8,1.8,0,0,0,0,8.3,0.042,115.0,0.75,12,195,5,low,4.1,0.0
67.1,43.8,1,1,10,2,100.0,1.0,1041.0,0.3,6,200,62,high,7.3,3.2
75.0,13.3,1,1,11,1,75.9,1.0,1041.0,0.3,8,200,51,medium,6.1,2.0
78.1,41.3,1,1,9,3,100.0,1.0,961.0,0.35,8,390,64,high,14.0,5.9
35.5,4.9,0,1,7,0,100.0,0.28,594.0,0.5,6,440,27,low,9.4,0.2
59.6,2.4,1,0,0,2,13.6,0.042,488.0,0.55,1,140,17,low,4.0,1.1
54.7,1.5,1,0,0,3,12.4,0.031,515.0,0.65,2,190,22,low,5.5,1.5
49.7,1.3,1,1,2,0,18.5,1.0,1117.0,0.35,4,145,22,low,4.2,1.1
48.7,0.2,1,1,2,3,13.1,0.04,578.0,0.45,12,168,22,low,4.8,1.3
54.6,21.5,1,0,4,3,57.2,1.0,1238.0,0.35,9,190,42,medium,6.1,2.1
36.6,4.3,1,0,5,2,91.3,0.144,502.0,0.6,5,270,27,low,7.9,2.3
22.7,0.0,0,0,0,0,14.0,0.02,40.0,0.75,2,310,6,low,6.5,0.0
51.4,1.3,2,2,2,0,6.2,0.165,870.0,0.45,2,310,23,low,20.8,14.3
27.5,7.9,0,0,3,1,55.6,0.311,797.0,0.4,5,74,20,low,1.6,0.1
26.5,0.9,1,0,2,1,73.3,0.199,515.0,0.65,10,190,25,low,5.5,1.5
45.6,5.2,1,0,8,2,100.0,0.424,515.0,0.65,6,190,34,medium,5.6,1.6
14.1,3.9,0,0,0,1,8.6,0.044,115.0,0.75,11,195,6,low,4.1,0.1
37.8,4.0,0,1,13,2,100.0,0.275,594.0,0.5,9,440,37,medium,9.4,0.2
37.7,17.9,0,0,3,0,81.4,0.752,215.0,0.75,5,280,27,low,6.4,0.6
30.6,4.2,0,0,10,0,45.5,0.717,422.0,0.65,4,485,23,low,10.3,0.2
72.4,0.4,1,0,1,0,6.0,0.162,1197.0,0.3,12,180,20,low,5.2,1.4
17.4,5.4,0,0,0,1,14.4,0.045,688.0,0.6,11,210,5,low,4.5,0.1
15.3,1.2,0,0,1,0,13.3,0.041,408.0,0.6,12,240,8,low,5.0,0.0
25.6,3.3,0,0,0,0,10.7,0.087,215.0,0.75,1,280,5,low,5.9,0.1
34.1,25.6,1,0,5,0,100.0,0.819,408.0,0.6,8,240,30,low,7.9,2.9
15.2,12.6,0,0,8,2,100.0,0.329,35.0,0.85,6,550,32,medium,12.2,0.8
20.7,7.2,2,1,11,2,100.0,0.147,574.0,0.55,9,380,41,medium,26.3,18.4
64.5,0.9,2,2,1,1,6.1,0.164,870.0,0.45,12,310,34,medium,20.8,14.3
0.0,16.1,0,0,5,0,100.0,0.526,115.0,0.75,9,195,22,low,4.4,0.4
75.9,28.1,1,0,5,3,62.5,1.0,1238.0,0.35,7,190,45,medium,6.3,2.4
10.4,4.2,1,0,7,2,65.0,0.574,250.0,0.6,4,230,32,medium,6.7,1.9
56.4,1.6,1,1,0,0,13.4,0.042,578.0,0.45,2,168,17,low,4.8,1.3
33.1,0.1,1,0,1,0,12.0,0.03,762.0,0.55,11,265,9,low,7.6,2.1
19.8,7.2,0,0,2,1,16.0,0.024,35.0,0.85,3,550,17,low,11.9,0.4
15.7,0.1,0,0,0,0,14.0,0.02,35.0,0.85,12,550,2,low,11.5,0.0
52.0,0.2,0,0,5,0,100.0,0.251,790.0,0.55,8,98,18,low,2.0,0.0
48.4,15.1,1,1,8,0,100.0,0.172,574.0,0.55,8,380,42,medium,11.7,3.8
22.7,2.9,1,0,13,0,100.0,0.268,202.0,0.7,6,330,35,medium,9.6,2.7
49.3,68.0,1,1,5,0,100.0,1.0,250.0,0.6,7,230,55,medium,10.0,5.2
49.9,3.0,2,1,6,2,63.6,1.0,550.0,0.5,6,110,44,medium,7.4,5.2
49.4,7.1,1,1,4,0,20.6,1.0,1117.0,0.35,4,145,27,low,4.3,1.3
36.6,4.0,1,0,0,1,8.6,0.044,470.0,0.55,3,215,12,low,6.3,1.8
52.0,1.5,1,1,3,1,92.6,0.067,574.0,0.55,10,380,37,medium,10.9,3.0
68.9,0.9,1,1,2,1,3.1,0.174,1117.0,0.35,2,145,27,low,4.2,1.1
55.4,0.8,0,0,0,0,13.2,0.041,688.0,0.6,2,210,8,low,4.4,0.0
43.8,1.7,1,0,0,1,14.5,0.021,502.0,0.6,1,270,22,low,7.8,2.2
35.1,2.5,0,0,1,1,13.7,0.043,688.0,0.6,2,210,6,low,4.4,0.1
49.0,1.4,1,1,2,2,37.0,1.0,550.0,0.5,4,110,31,medium,3.2,0.9
33.3,3.9,2,0,6,1,86.3,0.549,470.0,0.55,7,215,36,medium,14.6,10.1
33.3,15.9,2,1,8,2,79.0,1.0,550.0,0.5,8,110,47,medium,8.0,5.7
20.8,0.3,0,0,0,0,4.0,0.141,775.0,0.5,11,245,7,low,5.1,0.0
74.9,2.4,1,0,0,0,6.3,0.17,1197.0,0.3,12,180,11,low,5.2,1.5
30.6,29.2,1,0,9,2,100.0,0.649,802.0,0.6,9,270,41,medium,9.0,3.4
72.6,2.2,2,2,1,0,6.3,0.169,870.0,0.45,12,310,28,low,20.9,14.4
70.3,2.3,1,1,1,0,6.3,0.169,1041.0,0.3,11,200,25,low,5.8,1.6
32.9,18.3,1,1,4,0,100.0,0.546,802.0,0.6,6,270,31,medium,8.5,2.9
21.8,0.0,0,0,0,1,14.0,0.02,68.0,0.85,11,175,8,low,3.6,0.0
56.1,6.1,0,0,0,0,4.5,0.161,1438.0,0.4,1,85,12,low,1.8,0.1
6.3,0.3,0,0,5,0,13.1,0.04,20.0,0.8,2,320,6,low,6.7,0.0
8.6,2.7,0,0,7,0,88.5,0.139,68.0,0.85,10,175,19,low,3.7,0.0
31.4,4.6,0,0,4,0,45.9,0.725,422.0,0.65,10,485,20,low,10.3,0.2
20.3,63.7,1,0,10,3,100.0,1.0,688.0,0.6,8,210,56,medium,8.8,4.4
91.4,20.2,1,0,2,1,50.6,1.0,1197.0,0.3,4,180,33,medium,5.7,2.0
44.3,0.9,1,0,0,2,12.2,0.031,762.0,0.55,3,265,16,low,7.6,2.1
10.8,1.8,0,0,1,2,87.1,0.136,35.0,0.85,5,550,18,low,11.6,0.1
77.9,24.8,1,0,7,1,59.8,1.0,1438.0,0.4,8,85,42,medium,2.8,1.0
23.2,3.5,0,0,0,1,13.9,0.044,20.0,0.8,11,320,11,low,6.8,0.1
51.3,18.8,2,0,0,1,55.1,1.0,1238.0,0.35,8,190,33,medium,14.0,10.0
56.5,52.4,0,0,4,3,81.9,1.0,1438.0,0.4,9,85,43,medium,2.4,0.6
28.0,1.4,0,0,0,0,7.2,0.104,422.0,0.65,2,485,5,low,10.2,0.1
39.7,0.5,1,1,0,1,15.1,0.01,574.0,0.55,12,380,15,low,10.9,3.0
15.2,33.3,1,0,8,2,100.0,0.687,115.0,0.75,7,195,42,medium,6.7,2.6
24.6,16.9,1,0,6,1,100.0,0.533,115.0,0.75,6,195,31,medium,6.1,2.0
50.7,25.3,1,1,2,0,45.2,1.0,1117.0,0.35,6,145,35,medium,4.7,1.7
46.9,2.5,0,0,0,0,8.4,0.042,797.0,0.4,11,74,2,low,1.6,0.0
42.7,2.1,1,1,0,1,6.3,0.168,550.0,0.5,11,110,18,low,3.2,0.9
33.2,16.0,0,0,4,3,39.6,1.0,750.0,0.5,9,340,31,medium,7.7,0.6
48.4,10.7,0,0,6,1,48.6,1.0,775.0,0.5,6,245,29,low,5.4,0.3
42.1,5.3,1,1,4,0,39.8,1.0,550.0,0.5,5,110,26,low,3.2,0.9
51.3,0.3,1,1,0,0,15.1,0.01,574.0,0.55,12,380,18,low,10.9,3.0
52.0,10.2,0,1,6,2,100.0,0.314,594.0,0.5,7,440,40,medium,9.7,0.5
23.4,13.1,0,0,5,0,30.3,1.0,775.0,0.5,5,245,18,low,5.5,0.4
4.1,4.2,0,0,5,0,100.0,0.276,68.0,0.85,8,175,20,low,3.7,0.1
30.4,13.3,0,0,7,2,100.0,0.5,115.0,0.75,9,195,36,medium,4.4,0.3
48.0,0.7,1,0,2,1,73.1,0.199,762.0,0.55,5,265,19,low,7.6,2.1
17.6,1.3,0,0,4,0,86.2,0.134,102.0,0.7,5,270,13,low,5.7,0.0
0.0,2.3,0,0,7,0,87.9,0.138,40.0,0.75,4,310,14,low,6.5,0.1
22.4,2.3,0,1,0,1,14.6,0.021,594.0,0.5,1,440,10,low,9.3,0.1
2.4,36.9,1,0,4,3,100.0,0.481,68.0,0.85,7,175,33,medium,6.1,2.5
44.3,48.6,1,0,5,0,100.0,0.288,502.0,0.6,5,270,39,medium,10.2,4.6
68.7,15.4,1,0,4,2,78.5,1.0,1197.0,0.3,9,180,39,medium,5.6,1.8
22.4,2.0,0,0,1,2,12.5,0.031,115.0,0.75,2,195,6,low,4.1,0.0
7.3,0.0,0,0,0,0,12.0,0.03,115.0,0.75,12,195,1,low,4.1,0.0
28.0,1.5,0,0,4,0,86.5,0.135,202.0,0.7,5,330,18,low,6.9,0.1
42.6,6.6,0,0,2,2,79.2,1.0,422.0,0.65,6,485,28,low,10.4,0.3
31.6,6.0,0,0,7,3,89.6,0.575,797.0,0.4,7,74,34,medium,1.6,0.0
11.9,2.5,0,0,3,1,81.9,0.276,20.0,0.8,5,320,15,low,6.8,0.1
34.3,8.7,0,0,5,1,84.5,0.237,802.0,0.6,10,270,17,low,5.9,0.3
89.3,0.4,1,1,4,0,36.3,1.0,1041.0,0.3,10,200,35,medium,5.7,1.6
51.3,13.3,1,1,3,0,98.8,0.347,578.0,0.45,5,168,34,medium,5.1,1.6
48.6,2.9,1,1,5,0,82.5,0.279,578.0,0.45,5,168,23,low,4.9,1.4
69.4,34.9,2,2,2,3,61.1,1.0,870.0,0.45,10,310,53,medium,25.0,18.6
77.8,8.1,2,1,13,2,81.3,1.0,961.0,0.35,9,390,59,medium,27.1,19.0
50.9,4.6,1,1,1,0,3.3,0.189,1117.0,0.35,2,145,25,low,4.2,1.2
40.5,0.4,0,0,0,0,3.0,0.172,750.0,0.5,12,340,12,low,7.1,0.0
33.7,8.2,0,0,7,1,46.6,1.0,775.0,0.5,8,245,29,low,5.3,0.2
25.4,22.0,0,1,8,2,100.0,0.775,115.0,0.75,8,195,40,medium,4.6,0.5
17.7,11.6,0,0,1,2,9.9,0.052,115.0,0.75,2,195,10,low,4.3,0.3
78.2,39.2,2,2,2,1,64.2,1.0,870.0,0.45,4,310,50,medium,25.7,19.3
51.0,0.8,1,0,1,1,4.1,0.143,1238.0,0.35,3,190,18,low,5.5,1.5
58.5,8.5,1,0,0,2,7.0,0.194,1197.0,0.3,1,180,18,low,5.4,1.6
32.3,7.6,1,0,1,1,9.2,0.048,470.0,0.55,3,215,19,low,6.4,1.9
7.7,6.0,1,0,11,3,100.0,0.287,68.0,0.85,8,175,39,medium,5.2,1.5
50.5,1.2,1,1,0,0,7.2,0.103,961.0,0.35,1,390,14,low,11.2,3.1
21.8,4.5,1,1,0,0,6.5,0.178,550.0,0.5,11,110,17,low,3.2,0.9
28.1,6.1,0,0,8,1,94.2,0.15,35.0,0.85,5,550,31,medium,11.8,0.4
52.7,2.1,0,0,0,0,4.2,0.147,1438.0,0.4,1,85,7,low,1.8,0.0
30.7,2.2,1,0,0,2,10.4,0.084,250.0,0.6,12,230,19,low,6.6,1.9
30.2,4.9,0,0,5,2,100.0,0.561,408.0,0.6,9,240,26,low,5.1,0.1
30.7,2.7,0,0,1,0,10.5,0.085,215.0,0.75,3,280,9,low,5.9,0.1
28.8,20.5,0,0,5,1,100.0,0.295,115.0,0.75,5,195,28,low,4.5,0.5
20.8,6.2,0,0,8,1,100.0,0.289,68.0,0.85,8,175,24,low,3.8,0.1
21.8,1.3,0,0,2,0,14.4,0.021,102.0,0.7,1,270,7,low,5.7,0.0
55.4,4.1,0,1,12,1,100.0,0.275,594.0,0.5,9,440,41,medium,9.4,0.2
24.6,2.7,0,0,2,2,7.4,0.107,422.0,0.65,1,485,14,low,10.2,0.1
45.5,4.4,1,0,4,0,32.6,1.0,750.0,0.5,7,340,33,medium,9.9,2.8
38.2,91.3,1,0,8,3,100.0,1.0,470.0,0.55,8,215,59,medium,11.3,6.8
22.6,12.7,0,0,4,1,97.8,0.342,20.0,0.8,10,320,27,low,7.1,0.5
45.1,33.5,0,1,7,0,100.0,0.46,594.0,0.5,7,440,38,medium,11.0,1.8
27.2,1.1,0,0,1,1,12.3,0.031,115.0,0.75,12,195,14,low,4.1,0.0
42.1,12.2,1,0,7,2,100.0,0.489,762.0,0.55,9,265,31,medium,8.1,2.5
41.3,30.3,0,0,12,2,100.0,1.0,422.0,0.65,8,485,41,medium,11.9,1.8
18.9,48.3,0,1,8,1,100.0,1.0,215.0,0.75,6,280,39,medium,7.7,1.9
0.0,5.4,0,0,3,1,100.0,0.284,35.0,0.85,8,550,12,low,11.8,0.3
15.7,15.2,0,0,4,1,100.0,0.179,790.0,0.55,5,98,22,low,2.2,0.2
33.8,0.4,0,0,0,1,8.1,0.04,797.0,0.4,1,74,6,low,1.5,0.0
18.8,2.1,0,0,0,1,14.6,0.021,40.0,0.75,11,310,8,low,6.5,0.1
23.5,0.1,0,0,0,3,3.0,0.171,750.0,0.5,1,340,12,low,7.1,0.0
29.5,0.5,0,0,0,1,4.0,0.142,775.0,0.5,3,245,8,low,5.1,0.0
49.5,1.3,1,1,2,0,43.1,0.671,961.0,0.35,5,390,20,low,11.2,3.1
37.3,22.7,1,0,5,3,100.0,0.588,762.0,0.55,6,265,40,medium,8.5,3.0
19.9,2.7,0,1,7,2,100.0,0.533,408.0,0.6,6,240,32,medium,5.1,0.1
34.6,0.5,1,0,0,0,10.1,0.081,250.0,0.6,2,230,11,low,6.6,1.8
19.0,29.8,0,0,9,2,100.0,0.655,115.0,0.75,6,195,33,medium,4.8,0.7
74.5,0.2,1,1,1,2,7.0,0.101,961.0,0.35,12,390,28,low,11.2,3.0
35.1,3.4,1,0,2,2,76.8,0.211,515.0,0.65,5,190,22,low,5.5,1.6
66.1,32.7,2,2,8,3,99.2,1.0,870.0,0.45,7,310,68,high,24.7,18.2
34.9,10.8,0,0,7,2,85.1,1.0,422.0,0.65,7,485,32,medium,10.7,0.6
46.4,4.4,0,0,4,2,78.3,0.216,802.0,0.6,10,270,23,low,5.8,0.1
25.1,0.9,1,0,0,1,10.2,0.082,250.0,0.6,11,230,12,low,6.6,1.8
46.1,1.0,1,0,0,0,12.2,0.031,515.0,0.65,12,190,15,low,5.5,1.5
36.2,6.5,0,0,1,1,27.1,1.0,775.0,0.5,10,245,17,low,5.3,0.2
37.8,2.4,1,0,0,0,8.4,0.042,470.0,0.55,2,215,11,low,6.2,1.7
50.2,0.9,1,0,3,0,73.3,0.199,762.0,0.55,4,265,21,low,7.6,2.1
0.7,22.6,1,0,7,1,100.0,0.391,35.0,0.85,8,550,30,low,17.7,6.3
24.6,0.7,1,0,1,2,13.2,0.041,488.0,0.55,12,140,15,low,4.0,1.1
6.3,13.7,0,0,1,2,17.8,0.027,35.0,0.85,3,550,10,low,12.3,0.8
32.6,20.3,0,0,12,0,100.0,0.754,797.0,0.4,7,74,34,medium,1.7,0.2
0.3,10.0,0,0,0,0,15.6,0.05,20.0,0.8,2,320,6,low,7.0,0.4
36.7,28.9,0,0,8,2,100.0,0.431,102.0,0.7,8,270,35,medium,6.6,0.9
25.1,3.2,0,0,0,0,14.9,0.022,790.0,0.55,3,98,5,low,2.1,0.0
52.8,4.2,0,0,8,2,32.5,1.0,750.0,0.5,7,340,27,low,7.2,0.2
59.8,9.1,1,1,2,0,92.1,0.319,578.0,0.45,4,168,31,medium,5.0,1.5
36.8,1.9,0,0,1,0,3.1,0.178,750.0,0.5,11,340,6,low,7.2,0.1
42.9,2.0,1,1,0,0,13.5,0.042,578.0,0.45,12,168,13,low,4.8,1.3
47.9,3.2,1,1,6,0,95.7,0.07,574.0,0.55,4,380,25,low,11.0,3.1
37.1,1.6,0,0,1,3,14.5,0.021,790.0,0.55,11,98,14,low,2.1,0.0
17.8,2.8,0,0,4,0,88.7,0.139,35.0,0.85,4,550,18,low,11.6,0.2
43.6,0.6,1,0,0,0,12.2,0.03,515.0,0.65,1,190,15,low,5.4,1.5
12.0,0.1,0,0,3,1,48.1,0.261,115.0,0.75,10,195,15,low,4.1,0.0
24.3,1.7,0,1,4,2,100.0,0.261,102.0,0.7,6,270,22,low,5.7,0.0
53.2,1.8,1,1,5,1,100.0,0.131,574.0,0.55,8,380,31,medium,11.0,3.0
29.4,28.1,1,0,11,2,100.0,1.0,422.0,0.65,9,485,49,medium,16.1,6.0
36.3,0.8,1,0,1,1,12.2,0.031,515.0,0.65,2,190,13,low,5.4,1.5
53.0,1.7,0,0,0,1,8.3,0.042,797.0,0.4,2,74,13,low,1.6,0.0
38.0,0.1,1,0,12,0,100.0,0.376,515.0,0.65,9,190,30,low,5.4,1.5
46.7,1.8,1,0,0,1,13.5,0.042,488.0,0.55,1,140,12,low,4.0,1.1
43.9,0.1,0,0,0,0,4.0,0.14,1438.0,0.4,1,85,12,low,1.8,0.0
73.2,7.9,1,0,7,0,41.7,1.0,1197.0,0.3,5,180,39,medium,5.4,1.6
38.5,1.9,0,0,2,2,4.1,0.147,775.0,0.5,2,245,15,low,5.2,0.0
43.6,22.4,1,0,4,0,100.0,0.304,762.0,0.55,5,265,30,low,8.5,3.0
46.4,0.7,1,1,7,2,100.0,0.508,688.0,0.6,9,210,47,medium,6.0,1.6
42.1,9.8,1,0,2,0,57.4,0.323,470.0,0.55,10,215,24,low,6.5,2.0
43.8,4.2,0,1,2,1,91.0,0.144,594.0,0.5,10,440,27,low,9.4,0.2
11.8,4.5,0,0,4,0,14.2,0.044,20.0,0.8,11,320,10,low,6.8,0.2
61.5,18.4,1,0,11,1,54.7,1.0,1438.0,0.4,7,85,41,medium,2.7,0.9
28.8,1.9,1,0,1,0,14.5,0.021,502.0,0.6,3,270,10,low,7.8,2.2
51.4,0.2,0,0,1,3,4.0,0.141,1438.0,0.4,11,85,13,low,1.8,0.0
33.4,0.7,1,0,1,1,85.2,0.132,502.0,0.6,4,270,23,low,7.7,2.1
9.5,33.8,1,0,12,3,100.0,0.461,40.0,0.75,6,310,41,medium,10.7,4.2
22.0,3.4,0,0,7,0,100.0,0.271,202.0,0.7,9,330,22,low,7.0,0.1
11.0,2.0,0,0,0,0,14.6,0.021,40.0,0.75,2,310,3,low,6.5,0.1
29.3,30.1,1,0,3,1,96.1,0.912,250.0,0.6,4,230,29,low,7.7,2.9
64.4,21.6,1,1,7,3,42.9,1.0,1117.0,0.35,8,145,47,medium,4.6,1.6
37.9,1.8,1,0,0,3,13.5,0.042,488.0,0.55,1,140,25,low,4.0,1.1
34.9,23.1,0,0,4,1,100.0,0.205,790.0,0.55,4,98,29,low,2.3,0.3
37.0,1.7,0,0,1,1,8.3,0.042,797.0,0.4,11,74,12,low,1.6,0.0
36.0,7.0,1,0,3,1,100.0,0.294,790.0,0.55,9,98,27,low,2.9,0.9
43.6,0.1,0,0,0,0,8.0,0.04,797.0,0.4,12,74,4,low,1.5,0.0
67.6,24.2,1,1,8,1,44.5,1.0,1117.0,0.35,9,145,47,medium,4.7,1.7
50.4,42.0,2,0,12,1,73.6,1.0,1238.0,0.35,6,190,54,medium,16.0,12.1
43.7,7.7,1,0,4,0,97.0,0.155,502.0,0.6,4,270,22,low,8.0,2.4
17.0,14.7,0,0,4,1,100.0,0.178,68.0,0.85,4,175,19,low,3.9,0.3
26.6,1.6,0,0,2,2,14.4,0.021,40.0,0.75,1,310,14,low,6.5,0.1
32.7,0.1,0,0,2,0,13.0,0.04,688.0,0.6,1,210,10,low,4.4,0.0
48.4,26.9,2,0,8,0,100.0,0.628,515.0,0.65,8,190,40,medium,14.6,10.7
36.1,2.3,0,0,5,1,25.1,0.963,775.0,0.5,10,245,22,low,5.2,0.1
39.1,20.1,0,0,2,0,100.0,0.391,688.0,0.6,5,210,19,low,4.9,0.5
44.8,13.9,1,0,8,2,100.0,0.673,470.0,0.55,8,215,40,medium,6.6,2.1
21.2,8.1,0,0,3,3,97.5,0.156,102.0,0.7,5,270,25,low,5.9,0.2
30.3,19.1,0,0,8,3,100.0,0.739,408.0,0.6,8,240,42,medium,5.5,0.5
51.1,23.2,2,0,6,3,100.0,0.79,488.0,0.55,8,140,45,medium,10.6,7.6
85.8,2.2,1,0,0,0,6.3,0.169,1197.0,0.3,11,180,18,low,5.2,1.4
31.4,13.0,1,1,6,2,75.6,1.0,550.0,0.5,6,110,36,medium,3.4,1.1
59.2,4.7,1,0,10,2,100.0,0.28,502.0,0.6,6,270,39,medium,7.9,2.3
44.8,24.6,0,0,3,0,89.5,0.84,215.0,0.75,5,280,27,low,6.7,0.8
53.5,4.6,1,0,6,2,100.0,0.418,515.0,0.65,9,190,35,medium,5.6,1.6
48.9,0.3,0,0,0,0,13.1,0.04,408.0,0.6,2,240,9,low,5.0,0.0
25.9,0.9,0,0,4,3,12.2,0.031,115.0,0.75,1,195,20,low,4.1,0.0
48.8,3.2,0,0,1,2,3.2,0.183,750.0,0.5,11,340,19,low,7.2,0.1
35.8,3.1,0,1,1,1,14.9,0.022,594.0,0.5,1,440,11,low,9.3,0.1
27.2,4.7,0,0,3,0,91.9,0.145,40.0,0.75,5,310,17,low,6.6,0.2
41.6,11.3,0,0,5,2,58.9,0.334,797.0,0.4,5,74,25,low,1.6,0.1
32.3,7.2,0,0,1,0,16.0,0.024,202.0,0.7,1,330,7,low,7.1,0.3
51.0,2.9,0,0,10,1,84.6,0.536,797.0,0.4,8,74,28,low,1.6,0.0
57.1,0.5,0,0,0,0,3.0,0.172,750.0,0.5,1,340,13,low,7.1,0.0
38.7,0.3,0,0,0,1,8.0,0.04,797.0,0.4,3,74,8,low,1.5,0.0
19.4,0.6,1,0,0,0,14.2,0.02,502.0,0.6,11,270,13,low,7.7,2.1
32.4,0.5,0,0,1,3,4.0,0.142,775.0,0.5,1,245,10,low,5.1,0.0
63.4,2.3,0,0,2,2,25.1,0.963,1438.0,0.4,5,85,25,low,1.8,0.0
41.0,0.1,0,0,0,0,13.0,0.04,408.0,0.6,1,240,2,low,5.0,0.0
66.0,100.0,1,1,9,3,90.0,1.0,1117.0,0.35,7,145,64,high,8.3,5.3
30.6,1.3,1,0,0,1,14.4,0.021,502.0,0.6,2,270,17,low,7.8,2.1
84.3,6.0,1,0,9,2,67.2,1.0,1197.0,0.3,9,180,46,medium,5.3,1.6
22.0,61.0,1,1,2,0,100.0,0.164,574.0,0.55,5,380,43,medium,15.6,7.7
62.6,5.0,0,0,8,3,88.0,0.562,797.0,0.4,8,74,37,medium,1.6,0.0
40.4,0.4,1,0,0,0,12.1,0.03,515.0,0.65,1,190,11,low,5.4,1.5
44.8,6.0,1,1,1,3,6.7,0.184,550.0,0.5,2,110,31,medium,3.2,0.9
56.6,25.3,2,0,6,0,90.3,1.0,1197.0,0.3,6,180,41,medium,13.7,10.0
40.4,23.2,1,1,5,1,87.8,1.0,550.0,0.5,6,110,34,medium,3.6,1.3
0.0,0.7,0,0,0,0,14.2,0.02,68.0,0.85,2,175,0,low,3.7,0.0
75.1,8.0,1,1,3,2,41.8,1.0,1041.0,0.3,5,200,35,medium,6.0,1.8
47.5,6.8,1,0,4,0,34.1,1.0,750.0,0.5,8,340,27,low,10.1,3.0
15.1,1.6,0,0,6,3,100.0,0.26,40.0,0.75,6,310,30,low,6.5,0.1
41.5,11.5,0,1,11,3,100.0,0.644,408.0,0.6,7,240,43,medium,5.3,0.3
51.5,1.5,1,1,5,1,37.1,1.0,550.0,0.5,10,110,29,low,3.2,0.9
24.7,21.0,0,1,9,2,100.0,0.381,102.0,0.7,8,270,37,medium,6.3,0.7
42.7,15.0,1,1,2,2,46.8,1.0,550.0,0.5,5,110,35,medium,3.4,1.1
38.3,6.3,1,0,3,1,81.1,0.226,515.0,0.65,4,190,30,low,5.6,1.6
26.9,1.9,0,0,3,1,74.8,0.204,115.0,0.75,10,195,14,low,4.1,0.0
53.1,2.9,1,0,0,1,13.8,0.043,488.0,0.55,2,140,20,low,4.1,1.1
18.3,4.0,0,0,1,1,13.0,0.033,802.0,0.6,11,270,8,low,5.7,0.1
41.5,2.3,0,0,5,0,18.8,1.0,750.0,0.5,10,340,20,low,7.2,0.1
53.8,1.2,1,0,0,3,13.3,0.041,488.0,0.55,1,140,24,low,4.0,1.1
20.6,24.1,0,0,1,0,100.0,0.417,20.0,0.8,5,320,21,low,7.6,0.9
38.8,8.1,0,0,9,2,46.5,1.0,775.0,0.5,9,245,33,medium,5.3,0.2
29.6,4.0,0,0,0,0,4.3,0.154,775.0,0.5,2,245,6,low,5.2,0.1
57.2,2.1,0,0,2,1,3.1,0.179,750.0,0.5,2,340,17,low,7.2,0.1
38.9,13.5,0,0,4,0,99.0,0.348,688.0,0.6,4,210,23,low,4.7,0.3
58.2,0.0,1,0,1,1,4.0,0.14,1238.0,0.35,11,190,12,low,5.4,1.5
67.5,4.3,1,1,5,0,19.6,1.0,1117.0,0.35,5,145,30,low,4.2,1.2
45.0,6.1,1,1,3,2,40.4,1.0,1041.0,0.3,10,200,33,medium,5.9,1.7
70.9,48.6,0,0,5,1,78.9,1.0,1438.0,0.4,7,85,45,medium,2.3,0.6
64.1,11.2,1,0,2,0,44.1,1.0,1197.0,0.3,10,180,27,low,5.4,1.7
71.7,1.0,1,0,1,0,4.1,0.143,1238.0,0.35,1,190,21,low,5.5,1.5
31.0,17.7,0,0,2,0,97.4,0.281,115.0,0.75,10,195,23,low,4.5,0.4
24.9,56.6,1,0,12,2,100.0,1.0,408.0,0.6,6,240,50,medium,9.6,4.6
34.4,2.0,1,0,3,2,62.4,0.546,250.0,0.6,10,230,25,low,6.6,1.8
45.3,3.9,0,0,7,0,100.0,0.549,408.0,0.6,7,240,22,low,5.1,0.1
24.5,49.5,0,0,11,2,100.0,0.839,115.0,0.75,7,195,48,medium,5.4,1.3
24.8,1.7,0,0,2,1,86.9,0.136,102.0,0.7,4,270,14,low,5.7,0.0
14.7,35.0,1,0,11,3,100.0,0.937,115.0,0.75,9,195,46,medium,6.8,2.7
37.6,1.9,1,1,0,1,15.6,0.01,574.0,0.55,1,380,21,low,11.0,3.0
30.3,13.4,1,1,11,1,100.0,0.167,574.0,0.55,9,380,39,medium,11.6,3.7
48.1,4.2,1,0,4,0,39.0,1.0,1197.0,0.3,4,180,21,low,5.3,1.5
59.5,10.5,1,0,3,1,29.1,1.0,1238.0,0.35,4,190,30,low,5.7,1.8
45.1,2.4,0,1,1,0,14.7,0.021,594.0,0.5,12,440,15,low,9.3,0.1
32.1,4.4,0,0,10,2,87.1,0.555,115.0,0.75,6,195,33,medium,4.2,0.1
30.4,23.0,1,0,11,2,100.0,0.394,102.0,0.7,6,270,48,medium,8.7,3.1
49.9,4.7,0,1,6,3,32.8,1.0,750.0,0.5,7,340,35,medium,7.3,0.2
38.0,0.2,2,1,8,3,100.0,0.377,515.0,0.65,9,190,40,medium,12.7,8.7
41.5,6.7,1,0,4,0,81.7,0.228,515.0,0.65,10,190,18,low,5.6,1.7
67.0,18.8,1,0,5,0,82.5,1.0,1197.0,0.3,6,180,33,medium,5.7,1.9
9.5,5.7,1,0,15,2,89.2,0.572,115.0,0.75,9,195,38,medium,5.7,1.7
39.5,1.3,1,1,1,2,13.3,0.041,578.0,0.45,3,168,32,medium,4.8,1.3
11.9,2.4,0,0,0,0,14.7,0.021,68.0,0.85,3,175,1,low,3.7,0.0
4.8,2.9,0,0,8,1,100.0,0.537,20.0,0.8,9,320,20,low,6.8,0.1
6.2,1.6,0,0,0,2,14.5,0.021,35.0,0.85,3,550,7,low,11.6,0.1
62.3,0.8,1,1,1,1,3.0,0.173,1117.0,0.35,1,145,20,low,4.2,1.1
31.2,0.8,0,0,0,1,14.2,0.02,102.0,0.7,3,270,11,low,5.6,0.0
36.9,4.8,1,1,5,1,100.0,0.14,574.0,0.55,7,380,30,low,11.1,3.2
41.4,0.9,1,0,1,1,8.2,0.041,470.0,0.55,12,215,13,low,6.2,1.7
67.6,2.2,1,0,0,0,6.3,0.169,1197.0,0.3,2,180,19,low,5.2,1.5
58.6,2.5,0,0,8,1,25.2,0.967,1438.0,0.4,10,85,25,low,1.8,0.0
2.1,0.9,0,0,1,0,14.2,0.02,35.0,0.85,12,550,5,low,11.5,0.1
41.2,13.2,1,0,4,2,50.6,1.0,775.0,0.5,8,245,32,medium,7.5,2.4
44.5,1.6,1,1,6,2,18.6,1.0,1117.0,0.35,5,145,30,low,4.2,1.2
38.4,1.5,1,0,1,0,12.4,0.031,515.0,0.65,12,190,21,low,5.5,1.5
40.5,4.7,1,0,0,0,10.9,0.089,250.0,0.6,2,230,17,low,6.7,1.9
11.0,0.9,0,0,3,1,85.6,0.133,68.0,0.85,10,175,11,low,3.7,0.0
53.0,25.5,1,1,8,0,100.0,1.0,961.0,0.35,7,390,45,medium,12.8,4.6
47.4,0.8,1,1,0,0,6.1,0.163,550.0,0.5,2,110,15,low,3.2,0.9
23.6,8.3,0,0,12,2,100.0,1.0,215.0,0.75,6,280,35,medium,6.1,0.3
41.8,25.7,1,1,2,1,100.0,0.107,574.0,0.55,10,380,33,medium,12.5,4.5
71.8,2.7,1,1,1,0,19.0,1.0,1117.0,0.35,5,145,27,low,4.2,1.2
80.2,0.3,1,1,0,3,6.0,0.161,1041.0,0.3,3,200,29,low,5.7,1.6
24.1,1.5,0,0,1,2,14.4,0.021,40.0,0.75,12,310,13,low,6.5,0.0
35.9,123.7,0,0,9,2,100.0,1.0,408.0,0.6,7,240,54,medium,13.1,8.1
69.9,0.0,1,1,1,0,6.0,0.16,1041.0,0.3,2,200,22,low,5.7,1.5
44.3,0.3,1,0,2,0,12.1,0.03,762.0,0.55,2,265,19,low,7.6,2.1
22.8,12.7,0,0,5,0,100.0,1.0,215.0,0.75,8,280,27,low,6.2,0.4
15.7,13.8,0,0,5,2,99.5,0.35,20.0,0.8,10,320,32,medium,7.2,0.5
41.2,0.1,1,0,0,0,13.0,0.04,488.0,0.55,11,140,8,low,4.0,1.1
0.0,0.1,0,0,3,1,84.1,0.13,35.0,0.85,4,550,13,low,11.5,0.0
49.2,6.5,1,0,0,0,11.3,0.093,250.0,0.6,3,230,17,low,6.8,2.0
15.0,29.9,0,0,7,0,100.0,0.437,40.0,0.75,9,310,24,low,7.6,1.1
20.0,0.1,0,0,0,0,10.0,0.08,215.0,0.75,1,280,8,low,5.8,0.0
68.0,12.7,1,0,7,1,45.1,1.0,1197.0,0.3,10,180,41,medium,5.5,1.7
36.5,5.8,0,0,11,1,33.5,1.0,750.0,0.5,9,340,32,medium,7.3,0.2
49.5,0.6,0,1,0,2,14.2,0.02,594.0,0.5,12,440,12,low,9.2,0.0
45.8,13.1,1,1,7,1,100.0,0.332,594.0,0.5,8,440,37,medium,13.5,4.3
36.5,2.0,0,0,1,3,14.6,0.021,202.0,0.7,3,330,15,low,6.9,0.1
60.4,12.7,1,1,8,2,100.0,0.329,594.0,0.5,6,440,41,medium,13.4,4.3
43.4,0.4,1,0,0,0,13.1,0.04,488.0,0.55,12,140,15,low,4.0,1.1
47.9,2.8,1,0,6,1,100.0,0.401,762.0,0.55,9,265,26,low,7.7,2.2
40.6,0.9,1,0,2,2,10.2,0.082,250.0,0.6,11,230,14,low,6.6,1.8
72.7,1.2,1,1,0,1,6.1,0.165,1041.0,0.3,1,200,21,low,5.7,1.6
37.0,8.0,1,1,4,2,100.0,0.15,574.0,0.55,6,380,34,medium,11.3,3.4
22.6,5.6,0,0,0,1,15.6,0.023,40.0,0.75,11,310,4,low,6.6,0.2
39.2,17.2,0,0,0,1,17.5,0.057,688.0,0.6,3,210,17,low,4.8,0.4
41.0,6.7,1,0,0,0,14.7,0.047,488.0,0.55,11,140,15,low,4.1,1.2
44.9,4.8,0,0,1,1,7.7,0.112,422.0,0.65,3,485,13,low,10.4,0.2
35.2,1.7,0,0,1,1,12.4,0.031,802.0,0.6,12,270,10,low,5.7,0.0
42.8,10.7,1,0,4,1,87.5,0.247,515.0,0.65,4,190,30,low,5.7,1.8
43.6,4.9,1,0,9,2,100.0,0.28,202.0,0.7,9,330,39,medium,9.7,2.8
0.0,0.7,0,0,9,2,100.0,0.254,68.0,0.85,7,175,24,low,3.7,0.0
51.0,0.0,0,0,1,0,13.0,0.04,408.0,0.6,12,240,6,low,5.0,0.0
24.4,0.2,0,0,1,0,8.0,0.04,115.0,0.75,12,195,3,low,4.1,0.0
53.4,0.0,0,0,0,1,8.0,0.04,797.0,0.4,11,74,10,low,1.5,0.0
53.6,25.2,0,0,5,3,60.2,1.0,775.0,0.5,8,245,35,medium,5.8,0.7
49.4,6.9,2,2,6,2,41.0,1.0,870.0,0.45,4,310,43,medium,21.4,15.0
27.4,0.6,0,0,7,1,100.0,1.0,215.0,0.75,8,280,31,medium,5.9,0.0
43.8,3.6,0,0,7,0,42.9,1.0,775.0,0.5,9,245,21,low,5.2,0.1
39.9,1.2,0,1,2,1,86.0,0.134,594.0,0.5,5,440,22,low,9.2,0.1
18.4,8.7,0,0,5,1,35.2,1.0,750.0,0.5,6,340,19,low,7.4,0.3
43.9,2.7,0,0,12,2,100.0,0.4,802.0,0.6,8,270,35,medium,5.7,0.1
38.6,0.5,0,0,0,0,4.0,0.142,775.0,0.5,12,245,5,low,5.1,0.0
48.0,3.5,1,0,7,3,100.0,0.408,515.0,0.65,8,190,39,medium,5.5,1.6
27.3,0.8,0,0,0,0,8.1,0.041,115.0,0.75,11,195,2,low,4.1,0.0
69.7,2.9,1,0,1,1,38.1,1.0,1197.0,0.3,5,180,29,low,5.2,1.5
30.2,2.5,0,0,0,1,8.4,0.042,115.0,0.75,1,195,11,low,4.1,0.1
58.7,51.3,1,1,2,1,72.9,1.0,1041.0,0.3,5,200,46,medium,7.7,3.5
17.0,26.7,1,0,6,1,100.0,0.833,115.0,0.75,7,195,42,medium,6.4,2.4
15.7,0.8,0,0,0,0,13.2,0.041,20.0,0.8,1,320,9,low,6.7,0.0
44.3,49.9,1,1,11,0,100.0,1.0,488.0,0.55,6,140,52,medium,5.3,2.4
36.9,5.0,0,0,11,3,33.0,1.0,750.0,0.5,7,340,36,medium,7.3,0.2
53.7,0.4,0,0,0,0,13.1,0.04,408.0,0.6,11,240,9,low,5.0,0.0
70.5,3.7,0,0,1,1,4.3,0.153,1438.0,0.4,3,85,20,low,1.8,0.0
37.0,0.3,0,0,0,0,14.1,0.02,790.0,0.55,12,98,8,low,2.0,0.0
54.7,0.5,0,0,0,2,8.1,0.04,797.0,0.4,2,74,15,low,1.5,0.0
53.9,28.0,1,0,10,2,62.4,1.0,1438.0,0.4,6,85,45,medium,2.8,1.1
37.3,5.3,2,0,8,2,100.0,0.283,502.0,0.6,9,270,38,medium,18.5,12.9
44.2,1.4,1,1,6,2,100.0,0.389,762.0,0.55,9,265,38,medium,7.6,2.1
56.7,4.1,1,0,0,3,6.5,0.176,1197.0,0.3,3,180,19,low,5.3,1.5
41.3,80.9,0,0,8,2,100.0,1.0,1438.0,0.4,7,85,59,medium,3.0,1.2
0.0,0.6,0,0,2,2,14.2,0.02,68.0,0.85,1,175,5,low,3.7,0.0
41.0,0.6,1,1,0,1,15.2,0.01,574.0,0.55,2,380,16,low,10.9,3.0
19.2,7.3,0,0,0,0,11.5,0.095,215.0,0.75,1,280,5,low,6.1,0.2
46.1,2.9,2,2,0,0,6.4,0.172,870.0,0.45,1,310,22,low,21.0,14.5
54.1,6.6,0,0,1,0,14.7,0.047,688.0,0.6,1,210,13,low,4.5,0.1
45.8,5.5,0,1,10,0,100.0,0.284,594.0,0.5,7,440,31,medium,9.4,0.3
25.7,3.3,1,1,1,0,6.4,0.173,550.0,0.5,2,110,18,low,3.2,0.9
30.9,1.9,1,0,0,2,10.4,0.084,250.0,0.6,12,230,13,low,6.6,1.8
16.8,3.2,0,0,1,0,8.5,0.043,115.0,0.75,1,195,0,low,4.1,0.1
21.5,3.6,0,0,0,2,12.9,0.033,115.0,0.75,2,195,10,low,4.1,0.1
36.2,10.7,1,0,5,2,58.2,0.329,470.0,0.55,4,215,35,medium,6.5,2.0
77.9,4.6,2,2,16,2,65.5,1.0,870.0,0.45,6,310,59,medium,21.1,14.7
69.5,25.2,2,2,2,1,54.1,1.0,870.0,0.45,5,310,46,medium,23.6,17.2
21.9,15.4,0,0,3,3,100.0,0.18,35.0,0.85,5,550,20,low,12.4,1.0
32.3,23.2,0,0,2,0,100.0,1.0,422.0,0.65,7,485,24,low,11.4,1.3
16.7,0.3,0,1,10,1,80.5,0.504,115.0,0.75,9,195,27,low,4.1,0.0
40.9,5.7,1,0,1,0,66.8,0.594,250.0,0.6,4,230,18,low,6.8,2.0
34.0,0.6,0,0,1,0,10.1,0.081,215.0,0.75,12,280,10,low,5.9,0.0
65.1,30.3,1,0,5,1,64.2,1.0,1238.0,0.35,9,190,41,medium,6.4,2.4
43.9,0.6,1,0,5,1,100.0,0.254,790.0,0.55,7,98,30,low,2.8,0.8
44.2,0.6,0,0,4,0,42.5,0.66,422.0,0.65,10,485,14,low,10.1,0.0
66.2,2.1,2,2,15,2,62.5,1.0,870.0,0.45,6,310,54,medium,20.9,14.4
25.6,0.5,0,0,1,1,14.1,0.02,202.0,0.7,2,330,5,low,6.9,0.0
28.6,1.4,1,0,6,0,100.0,0.518,408.0,0.6,8,240,27,low,6.9,1.9
36.7,2.9,1,0,3,2,50.8,0.279,470.0,0.55,10,215,20,low,6.2,1.8
30.7,2.1,1,1,0,2,15.6,0.011,574.0,0.55,12,380,12,low,11.0,3.1
44.0,0.4,1,0,0,2,13.1,0.04,488.0,0.55,1,140,15,low,4.0,1.1
0.0,12.3,1,1,8,1,100.0,0.654,20.0,0.8,7,320,33,medium,9.7,3.1
13.6,2.0,0,0,2,0,12.5,0.032,115.0,0.75,1,195,7,low,4.1,0.0
19.2,0.4,0,0,0,0,8.1,0.04,115.0,0.75,1,195,5,low,4.1,0.0
28.2,13.8,0,0,7,2,100.0,0.673,408.0,0.6,9,240,38,medium,5.4,0.4
58.6,5.1,1,1,0,0,6.6,0.181,1041.0,0.3,11,200,24,low,5.9,1.7
72.9,0.7,1,1,1,1,7.1,0.102,961.0,0.35,12,390,21,low,11.2,3.1
30.9,1.3,0,0,0,1,14.4,0.021,202.0,0.7,2,330,5,low,6.9,0.0
16.3,21.3,0,1,6,0,100.0,0.383,102.0,0.7,7,270,29,low,6.3,0.7
50.8,0.2,1,1,0,0,15.1,0.01,574.0,0.55,12,380,16,low,10.9,3.0
44.2,34.7,1,1,8,0,100.0,0.934,578.0,0.45,8,168,44,medium,5.8,2.3
65.4,14.6,1,1,6,3,38.8,1.0,1117.0,0.35,8,145,40,medium,4.5,1.4
25.6,1.3,0,0,1,2,10.3,0.083,215.0,0.75,3,280,11,low,5.9,0.0
16.8,1.1,0,0,6,0,81.7,0.513,115.0,0.75,7,195,25,low,4.1,0.0
82.3,0.0,1,0,2,3,6.0,0.16,1197.0,0.3,12,180,31,medium,5.1,1.4
57.7,12.8,2,1,10,3,75.4,1.0,550.0,0.5,9,110,51,medium,7.8,5.5
48.7,0.5,1,0,0,0,12.1,0.03,762.0,0.55,3,265,19,low,7.6,2.1
28.7,19.9,0,0,1,3,100.0,0.39,408.0,0.6,10,240,24,low,5.6,0.6
57.4,84.5,1,0,8,1,100.0,1.0,1238.0,0.35,9,190,64,high,9.4,5.4
45.4,20.6,0,0,6,2,100.0,0.757,408.0,0.6,6,240,39,medium,5.6,0.6
32.6,2.6,1,0,0,1,12.6,0.032,515.0,0.65,3,190,13,low,5.5,1.5
39.7,0.5,0,0,1,0,7.1,0.101,422.0,0.65,1,485,5,low,10.1,0.0
48.7,4.0,0,0,0,1,12.9,0.033,802.0,0.6,3,270,7,low,5.7,0.1
16.6,25.7,0,0,10,2,100.0,0.214,68.0,0.85,5,175,38,medium,4.2,0.5
37.3,1.3,1,1,0,0,13.3,0.041,578.0,0.45,12,168,11,low,4.8,1.3
54.3,11.7,1,1,5,2,86.4,1.0,961.0,0.35,6,390,45,medium,11.8,3.7
34.4,0.8,1,0,0,0,12.2,0.031,762.0,0.55,2,265,11,low,7.6,2.1
41.1,21.2,2,0,11,3,100.0,0.765,488.0,0.55,6,140,49,medium,10.4,7.5
40.8,20.4,1,1,4,2,50.7,1.0,550.0,0.5,5,110,43,medium,3.5,1.2
55.2,9.8,1,1,4,2,21.5,1.0,1117.0,0.35,10,145,41,medium,4.4,1.3
76.9,1.6,1,0,5,2,24.8,0.947,1238.0,0.35,10,190,34,medium,5.5,1.5
0.0,32.5,0,1,13,2,100.0,0.906,20.0,0.8,9,320,46,medium,8.0,1.3
30.1,5.3,0,0,2,0,92.8,0.147,102.0,0.7,10,270,21,low,5.8,0.2
37.6,47.4,0,0,2,0,100.0,0.568,408.0,0.6,5,240,30,low,6.6,1.6
21.5,11.1,0,0,0,2,17.1,0.026,35.0,0.85,3,550,11,low,12.1,0.7
38.9,7.6,0,0,4,3,92.1,0.595,797.0,0.4,6,74,27,low,1.6,0.1
50.2,1.8,1,1,0,2,6.2,0.167,550.0,0.5,12,110,23,low,3.2,0.9
29.6,4.8,0,0,3,0,46.1,0.729,422.0,0.65,4,485,13,low,10.4,0.3
34.9,3.7,1,0,5,0,83.8,0.284,488.0,0.55,4,140,24,low,4.1,1.2
21.5,0.0,0,0,1,0,12.0,0.03,115.0,0.75,3,195,11,low,4.1,0.0
15.5,14.0,1,0,7,3,100.0,0.337,68.0,0.85,6,175,41,medium,5.4,1.7
38.2,0.2,2,0,6,1,100.0,0.376,515.0,0.65,9,190,41,medium,12.7,8.7
27.9,17.9,0,0,10,2,95.1,1.0,422.0,0.65,6,485,38,medium,11.1,1.0
32.9,0.3,0,0,6,2,100.0,0.504,688.0,0.6,9,210,35,medium,4.4,0.0
24.5,3.8,1,0,5,2,75.4,1.0,422.0,0.65,6,485,32,medium,14.1,4.0
36.7,1.3,1,1,0,2,15.4,0.01,574.0,0.55,2,380,23,low,10.9,3.0
25.3,6.6,0,0,0,3,14.7,0.047,408.0,0.6,3,240,13,low,5.2,0.2
41.9,0.4,1,1,0,0,6.0,0.161,550.0,0.5,12,110,14,low,3.1,0.9
64.1,6.7,2,1,8,2,34.0,1.0,1117.0,0.35,9,145,48,medium,10.0,7.0
22.7,6.0,0,0,1,0,14.6,0.046,20.0,0.8,11,320,5,low,6.9,0.2
50.9,6.2,1,1,0,0,3.4,0.196,1117.0,0.35,11,145,18,low,4.3,1.3
35.4,68.1,0,1,9,2,100.0,0.675,790.0,0.55,6,98,52,medium,3.1,1.1
26.9,0.1,0,0,2,1,4.0,0.14,775.0,0.5,12,245,11,low,5.1,0.0
41.8,66.6,2,1,6,3,100.0,1.0,578.0,0.45,7,168,62,high,16.8,13.3
37.0,3.5,0,0,2,1,90.0,0.142,68.0,0.85,4,175,15,low,3.7,0.1
48.1,12.3,1,1,3,0,100.0,0.085,574.0,0.55,4,380,38,medium,11.6,3.7
72.1,20.3,2,2,7,1,84.3,1.0,870.0,0.45,6,310,56,medium,23.0,16.5
0.0,1.4,0,0,8,2,100.0,0.517,20.0,0.8,9,320,24,low,6.7,0.0
37.3,0.4,0,0,0,0,14.1,0.02,40.0,0.75,11,310,10,low,6.5,0.0
28.1,10.7,0,0,7,2,85.0,1.0,422.0,0.65,7,485,32,medium,10.7,0.6
24.7,8.4,0,0,5,1,91.2,0.315,20.0,0.8,5,320,21,low,7.0,0.3
14.4,0.4,0,0,1,3,14.1,0.02,790.0,0.55,12,98,15,low,2.0,0.0
56.7,2.7,1,1,6,2,73.8,1.0,961.0,0.35,8,390,44,medium,11.3,3.2
0.0,0.1,0,0,1,0,14.0,0.02,35.0,0.85,1,550,6,low,11.5,0.0
21.6,0.6,0,0,0,2,12.1,0.03,115.0,0.75,12,195,16,low,4.1,0.0
30.4,1.4,1,0,1,1,12.3,0.031,515.0,0.65,2,190,20,low,5.5,1.5
51.0,1.5,0,1,2,1,14.4,0.021,594.0,0.5,1,440,13,low,9.2,0.1
23.4,35.2,2,0,9,2,100.0,0.47,502.0,0.6,6,270,45,medium,21.8,16.2
51.4,0.2,1,1,2,1,13.1,0.04,578.0,0.45,11,168,23,low,4.8,1.3
23.4,18.6,1,0,14,3,100.0,0.366,790.0,0.55,6,98,47,medium,3.1,1.0
69.6,1.3,1,1,0,0,6.2,0.165,1041.0,0.3,12,200,21,low,5.8,1.6
73.8,16.2,1,0,3,2,52.9,1.0,1238.0,0.35,9,190,40,medium,5.9,1.9
23.8,1.4,0,0,0,1,8.2,0.041,115.0,0.75,11,195,7,low,4.1,0.0
13.5,4.3,0,0,3,2,91.3,0.144,102.0,0.7,4,270,20,low,5.7,0.1
26.6,9.1,1,0,0,2,11.8,0.098,250.0,0.6,3,230,14,low,6.9,2.1
20.6,3.7,0,0,1,1,15.0,0.022,202.0,0.7,3,330,8,low,7.0,0.1
39.3,1.1,1,1,3,0,36.8,1.0,550.0,0.5,10,110,28,low,3.2,0.9
32.1,6.7,1,0,9,2,100.0,1.0,250.0,0.6,7,230,37,medium,6.8,2.0
26.7,0.2,0,0,2,0,84.4,0.131,68.0,0.85,5,175,10,low,3.7,0.0
44.9,7.4,0,0,0,0,4.6,0.166,775.0,0.5,2,245,13,low,5.3,0.2
44.5,2.1,0,0,1,3,87.5,0.137,202.0,0.7,10,330,24,low,6.9,0.1
18.6,7.8,0,0,3,3,16.2,0.024,202.0,0.7,2,330,13,low,7.2,0.3
38.3,1.8,0,0,0,0,12.4,0.031,802.0,0.6,12,270,2,low,5.7,0.1
58.8,4.1,1,1,3,1,38.9,1.0,1041.0,0.3,10,200,32,medium,5.8,1.7
34.2,5.5,0,0,0,2,15.5,0.023,790.0,0.55,3,98,14,low,2.1,0.1
42.2,0.3,0,0,0,0,13.1,0.04,408.0,0.6,11,240,8,low,5.0,0.0
17.4,0.1,0,0,1,3,14.0,0.02,202.0,0.7,12,330,11,low,6.9,0.0
66.1,2.6,2,2,0,1,6.3,0.171,870.0,0.45,11,310,30,low,20.9,14.5
27.4,0.5,1,1,0,2,13.1,0.04,578.0,0.45,12,168,22,low,4.8,1.3
41.2,1.7,1,0,5,0,74.5,0.203,515.0,0.65,5,190,25,low,5.5,1.5
62.4,1.5,1,0,1,0,6.2,0.166,1197.0,0.3,3,180,24,low,5.2,1.4
58.2,37.6,1,1,5,0,100.0,1.0,1041.0,0.3,7,200,49,medium,7.0,2.9
37.6,0.5,1,1,2,3,13.1,0.041,578.0,0.45,3,168,29,low,4.8,1.3
6.7,0.7,0,0,1,1,13.2,0.041,20.0,0.8,12,320,4,low,6.7,0.0
31.2,20.1,0,0,12,1,100.0,0.375,202.0,0.7,8,330,36,medium,7.6,0.8
48.5,28.9,2,1,8,2,100.0,0.215,574.0,0.55,8,380,54,medium,29.6,21.7
50.0,2.5,1,0,0,3,12.6,0.032,762.0,0.55,1,265,24,low,7.7,2.1
54.5,9.6,0,0,1,1,9.5,0.05,797.0,0.4,3,74,15,low,1.6,0.1
13.7,0.3,0,0,0,1,13.1,0.04,408.0,0.6,12,240,6,low,5.0,0.0
52.3,32.0,1,0,3,0,59.0,1.0,1197.0,0.3,4,180,35,medium,6.1,2.4
29.0,17.7,1,0,7,2,100.0,1.0,250.0,0.6,9,230,42,medium,7.2,2.4
17.4,1.8,0,0,9,1,100.0,0.261,202.0,0.7,9,330,31,medium,6.9,0.1
69.6,6.3,1,1,5,0,47.3,0.753,961.0,0.35,5,390,34,medium,11.5,3.4
54.4,5.8,0,1,12,0,100.0,0.286,594.0,0.5,9,440,36,medium,9.4,0.3
28.0,0.6,1,1,11,1,100.0,0.38,515.0,0.65,8,190,33,medium,5.4,1.5
54.8,0.4,0,0,0,1,8.1,0.04,797.0,0.4,11,74,14,low,1.5,0.0
13.4,15.3,0,0,8,2,100.0,0.346,40.0,0.75,6,310,24,low,7.0,0.5
0.0,0.9,0,0,0,1,14.2,0.02,68.0,0.85,3,175,2,low,3.7,0.0
47.1,3.4,0,0,3,0,42.7,1.0,1438.0,0.4,6,85,19,low,1.8,0.0
59.2,8.0,0,0,4,0,27.8,1.0,775.0,0.5,5,245,24,low,5.3,0.2
33.1,1.4,0,0,0,1,12.3,0.031,802.0,0.6,1,270,10,low,5.7,0.0
56.3,1.7,1,1,4,1,43.5,0.678,961.0,0.35,10,390,29,low,11.2,3.1
60.9,0.2,1,1,0,0,3.0,0.171,1117.0,0.35,12,145,21,low,4.1,1.1
33.2,14.0,0,0,4,2,99.8,0.351,688.0,0.6,5,210,26,low,4.7,0.3
48.5,20.5,0,0,5,1,56.4,1.0,1438.0,0.4,8,85,30,low,2.0,0.2
58.7,21.7,1,0,4,1,100.0,0.772,488.0,0.55,9,140,35,medium,4.5,1.6
46.9,2.6,1,1,2,1,37.9,1.0,550.0,0.5,10,110,28,low,3.2,0.9
36.1,11.3,0,0,0,1,17.2,0.026,790.0,0.55,3,98,7,low,2.2,0.1
64.3,3.3,2,2,6,3,38.4,1.0,870.0,0.45,10,310,42,medium,21.0,14.6
44.9,7.7,1,1,0,3,100.0,0.077,574.0,0.55,4,380,35,medium,11.3,3.4
33.6,5.5,1,0,0,1,13.3,0.034,515.0,0.65,3,190,17,low,5.6,1.6
30.7,0.5,1,0,0,0,14.1,0.02,502.0,0.6,2,270,8,low,7.7,2.1
36.0,4.7,0,1,6,0,100.0,0.419,115.0,0.75,6,195,32,medium,4.2,0.1
18.9,1.9,0,0,0,0,14.5,0.021,68.0,0.85,11,175,4,low,3.7,0.0
43.8,0.1,0,0,5,0,72.1,0.195,802.0,0.6,5,270,19,low,5.6,0.0
54.1,10.3,0,0,3,2,86.8,0.245,802.0,0.6,4,270,28,low,5.9,0.3
74.1,0.7,1,1,1,2,3.0,0.173,1117.0,0.35,2,145,23,low,4.2,1.1
20.0,2.2,0,0,0,1,12.5,0.032,115.0,0.75,11,195,6,low,4.1,0.0
56.1,0.4,1,0,0,1,4.0,0.141,1238.0,0.35,1,190,22,low,5.4,1.5
28.3,8.0,0,0,0,1,4.6,0.168,775.0,0.5,2,245,14,low,5.3,0.2
24.5,0.1,1,0,1,0,8.0,0.04,470.0,0.55,12,215,7,low,6.1,1.7
25.2,0.5,0,0,0,0,7.1,0.101,422.0,0.65,11,485,6,low,10.1,0.0
56.4,2.5,1,1,1,0,7.3,0.106,961.0,0.35,12,390,14,low,11.3,3.2
1.3,6.7,1,0,10,2,100.0,0.292,35.0,0.85,7,550,32,medium,16.3,4.8
32.8,42.5,2,1,10,3,100.0,0.773,515.0,0.65,7,190,53,medium,16.1,12.1
63.9,1.1,1,1,1,0,18.4,1.0,1117.0,0.35,10,145,27,low,4.2,1.1
21.0,49.9,0,0,6,2,100.0,0.562,102.0,0.7,6,270,40,medium,7.5,1.9
39.5,6.9,0,0,6,2,95.5,0.152,790.0,0.55,4,98,27,low,2.1,0.1
44.0,1.8,0,0,2,0,74.6,0.204,802.0,0.6,4,270,19,low,5.7,0.1
74.2,0.7,1,0,10,2,40.5,1.0,1438.0,0.4,9,85,48,medium,2.4,0.7
45.8,1.6,1,0,0,1,8.3,0.042,470.0,0.55,2,215,15,low,6.2,1.7
44.2,1.7,1,0,8,1,100.0,0.391,515.0,0.65,8,190,29,low,5.5,1.5
62.6,0.2,1,1,1,0,3.0,0.171,1117.0,0.35,2,145,20,low,4.1,1.1
35.6,57.5,0,1,7,1,100.0,0.914,802.0,0.6,7,270,47,medium,7.9,2.3
27.6,2.6,0,0,0,0,7.4,0.107,422.0,0.65,1,485,8,low,10.2,0.1
14.8,0.4,0,0,1,0,8.1,0.04,115.0,0.75,3,195,2,low,4.1,0.0
48.2,5.1,1,1,0,1,16.5,0.011,574.0,0.55,2,380,19,low,11.1,3.2
39.4,24.9,0,0,6,0,100.0,0.406,202.0,0.7,6,330,31,medium,7.9,1.0
25.7,0.9,1,0,0,0,8.1,0.041,470.0,0.55,1,215,6,low,6.2,1.7
32.1,18.2,1,0,5,1,98.1,0.283,515.0,0.65,10,190,32,medium,6.0,2.0
59.6,1.1,1,1,1,1,7.1,0.103,961.0,0.35,1,390,20,low,11.2,3.1
56.7,4.0,1,0,12,1,86.4,0.55,470.0,0.55,7,215,42,medium,6.3,1.8
30.9,0.8,0,0,0,1,13.2,0.041,20.0,0.8,12,320,6,low,6.7,0.0
44.0,22.6,1,0,8,1,43.6,1.0,750.0,0.5,9,340,42,medium,11.0,3.9
53.5,14.0,0,0,6,0,51.2,1.0,1438.0,0.4,9,85,26,low,1.9,0.1
29.1,9.3,0,0,2,1,100.0,0.462,802.0,0.6,7,270,23,low,5.9,0.3
19.8,3.0,0,0,1,0,14.8,0.021,202.0,0.7,3,330,3,low,7.0,0.1
0.0,0.1,0,0,3,1,78.2,0.261,20.0,0.8,4,320,10,low,6.7,0.0
70.1,2.0,1,1,11,1,72.8,1.0,961.0,0.35,7,390,45,medium,11.3,3.1
63.3,2.5,0,1,8,0,100.0,0.266,594.0,0.5,8,440,28,low,9.3,0.1
73.7,5.9,1,0,5,1,26.9,1.0,1238.0,0.35,5,190,34,medium,5.6,1.6
66.6,1.3,1,0,1,1,6.2,0.165,1197.0,0.3,1,180,16,low,5.2,1.4
33.1,8.8,0,0,5,0,84.7,0.238,802.0,0.6,5,270,19,low,5.9,0.3
39.9,6.5,0,0,11,2,100.0,0.291,790.0,0.55,8,98,32,medium,2.1,0.1
45.6,37.4,1,1,7,2,100.0,0.484,594.0,0.5,6,440,50,medium,15.5,6.3
53.8,0.7,1,0,5,0,48.7,0.264,470.0,0.55,4,215,25,low,6.2,1.7
11.0,2.1,0,0,0,2,14.6,0.021,35.0,0.85,3,550,5,low,11.6,0.1
28.1,26.2,1,0,11,1,100.0,1.0,215.0,0.75,7,280,43,medium,9.2,3.4
44.5,0.2,1,1,1,1,7.0,0.1,961.0,0.35,12,390,13,low,11.2,3.0
26.5,4.5,1,1,2,1,98.2,0.072,574.0,0.55,10,380,26,low,11.1,3.2
26.8,0.8,1,0,1,0,100.0,0.255,102.0,0.7,6,270,18,low,7.7,2.1
14.3,36.5,0,0,6,2,100.0,0.478,35.0,0.85,7,550,32,medium,14.0,2.6
67.9,1.7,0,0,1,2,4.1,0.146,1438.0,0.4,11,85,21,low,1.8,0.0
52.8,13.3,2,1,12,3,38.0,1.0,1117.0,0.35,7,145,57,medium,10.4,7.3
0.0,1.2,0,0,1,1,13.3,0.041,20.0,0.8,12,320,3,low,6.7,0.0
35.2,2.4,0,0,5,2,100.0,0.265,202.0,0.7,7,330,26,low,7.0,0.1
17.2,21.4,0,0,2,1,100.0,0.399,20.0,0.8,5,320,20,low,7.5,0.8
44.2,1.8,0,0,2,2,13.5,0.042,688.0,0.6,12,210,18,low,4.4,0.0
66.6,6.7,1,0,3,1,27.2,1.0,1238.0,0.35,10,190,24,low,5.6,1.7
60.0,26.3,1,1,2,2,27.5,1.0,1117.0,0.35,5,145,36,medium,4.8,1.7
27.2,4.3,0,0,4,1,78.2,0.216,802.0,0.6,5,270,21,low,5.7,0.1
2.7,6.4,0,0,4,0,94.7,0.151,40.0,0.75,10,310,14,low,6.7,0.2
46.9,0.1,0,0,0,0,12.0,0.03,802.0,0.6,11,270,4,low,5.6,0.0
15.0,50.9,0,0,2,2,100.0,0.568,68.0,0.85,7,175,30,low,4.9,1.2
43.6,5.4,1,0,3,0,79.7,0.221,515.0,0.65,5,190,24,low,5.6,1.6
64.4,1.2,1,1,1,0,6.1,0.165,1041.0,0.3,2,200,22,low,5.8,1.6
35.2,0.4,0,0,0,0,14.1,0.02,790.0,0.55,12,98,6,low,2.0,0.0
13.2,1.4,0,0,2,0,86.4,0.135,102.0,0.7,10,270,14,low,5.7,0.0
47.6,1.3,1,1,4,1,43.1,0.671,961.0,0.35,10,390,26,low,11.2,3.1
50.0,1.0,0,0,6,3,40.8,1.0,1438.0,0.4,9,85,29,low,1.8,0.0
3.4,13.5,1,0,5,1,100.0,0.334,68.0,0.85,6,175,26,low,5.4,1.7
46.8,1.1,0,0,1,1,3.1,0.174,750.0,0.5,3,340,9,low,7.1,0.0
32.8,6.3,0,0,8,1,67.6,0.602,215.0,0.75,4,280,33,medium,6.0,0.2
23.0,1.3,1,0,1,0,12.3,0.031,762.0,0.55,11,265,14,low,7.6,2.1
49.5,0.2,1,0,0,1,8.0,0.04,470.0,0.55,1,215,19,low,6.1,1.7
13.7,2.6,0,0,0,1,14.7,0.021,202.0,0.7,11,330,11,low,7.0,0.1
39.0,2.3,0,0,0,0,4.2,0.148,775.0,0.5,2,245,3,low,5.2,0.1
37.0,0.9,2,1,6,2,100.0,0.128,574.0,0.55,6,380,39,medium,25.4,17.5
43.6,2.2,0,0,1,1,3.1,0.179,750.0,0.5,11,340,12,low,7.2,0.1
18.8,0.6,0,0,4,1,72.9,0.198,115.0,0.75,10,195,17,low,4.1,0.0
19.1,10.1,0,0,2,1,28.9,1.0,775.0,0.5,10,245,19,low,5.4,0.3
38.7,2.7,0,0,3,1,88.5,0.139,790.0,0.55,5,98,23,low,2.1,0.0
36.9,25.3,0,0,1,0,90.3,0.849,215.0,0.75,4,280,20,low,6.7,0.8
55.9,0.4,2,1,8,3,100.0,0.379,515.0,0.65,7,190,54,medium,12.7,8.7
15.0,8.0,0,0,7,3,100.0,0.3,35.0,0.85,7,550,32,medium,11.9,0.5
78.2,7.8,1,0,2,2,6.9,0.191,1197.0,0.3,3,180,24,low,5.4,1.6
42.4,24.8,1,0,11,2,100.0,0.81,470.0,0.55,9,215,45,medium,7.0,2.5
18.4,1.7,0,0,7,0,49.6,0.271,115.0,0.75,10,195,15,low,4.1,0.0
38.3,0.7,1,0,0,0,4.1,0.142,1238.0,0.35,11,190,7,low,5.4,1.5
64.5,18.4,1,1,7,1,82.0,1.0,1041.0,0.3,9,200,41,medium,6.3,2.1
49.0,17.2,1,0,5,1,100.0,0.715,470.0,0.55,8,215,35,medium,6.7,2.2
38.6,0.4,0,0,2,3,3.0,0.172,750.0,0.5,3,340,16,low,7.1,0.0
25.2,14.8,0,0,12,2,100.0,0.514,802.0,0.6,7,270,33,medium,6.1,0.5
80.0,34.5,0,0,8,2,67.6,1.0,1438.0,0.4,8,85,51,medium,2.1,0.4
10.3,44.4,0,0,7,1,100.0,0.527,35.0,0.85,7,550,37,medium,14.7,3.3
23.7,41.6,1,0,3,0,100.0,1.0,115.0,0.75,7,195,37,medium,7.0,3.0
42.9,2.7,1,0,0,1,13.7,0.043,488.0,0.55,3,140,13,low,4.1,1.1
42.9,6.2,1,0,0,1,11.2,0.092,250.0,0.6,2,230,19,low,6.8,2.0
0.0,0.0,0,0,1,0,8.0,0.04,115.0,0.75,1,195,7,low,4.1,0.0
40.4,27.2,0,0,2,1,20.1,0.067,688.0,0.6,3,210,21,low,5.1,0.7
34.8,2.3,0,0,0,0,7.3,0.106,422.0,0.65,11,485,5,low,10.2,0.1
64.5,0.3,1,0,0,2,4.0,0.141,1238.0,0.35,1,190,25,low,5.4,1.5
47.6,18.7,1,0,8,0,100.0,0.733,797.0,0.4,9,74,40,medium,2.3,0.8
49.2,9.9,1,0,7,3,100.0,0.468,762.0,0.55,8,265,41,medium,8.0,2.4
35.0,36.3,1,0,11,3,100.0,0.715,802.0,0.6,8,270,53,medium,9.4,3.8
72.0,10.6,1,1,1,0,7.3,0.202,1041.0,0.3,3,200,28,low,6.0,1.9
29.7,26.3,0,0,3,1,100.0,0.215,790.0,0.55,4,98,33,medium,2.4,0.3
51.1,6.3,1,1,4,1,47.3,0.752,961.0,0.35,4,390,35,medium,11.5,3.4
60.5,5.0,0,0,3,2,19.8,1.0,750.0,0.5,4,340,22,low,7.3,0.2
47.9,1.2,2,1,4,3,71.7,1.0,961.0,0.35,9,390,43,medium,26.2,18.0
56.5,6.0,0,0,0,0,4.5,0.161,1438.0,0.4,3,85,12,low,1.8,0.1
14.5,0.7,0,0,0,2,14.2,0.02,102.0,0.7,1,270,9,low,5.6,0.0
33.1,1.3,0,0,8,3,82.1,0.516,115.0,0.75,9,195,37,medium,4.1,0.0
16.8,4.0,0,0,5,3,100.0,0.275,102.0,0.7,7,270,23,low,5.7,0.1
58.4,0.4,0,1,0,2,14.1,0.02,594.0,0.5,12,440,19,low,9.2,0.0
33.0,112.3,1,0,8,2,100.0,0.952,790.0,0.55,8,98,59,medium,6.4,4.3
63.7,28.4,1,0,6,2,94.1,1.0,1197.0,0.3,7,180,44,medium,6.0,2.2
5.8,1.5,0,0,9,3,100.0,0.26,40.0,0.75,6,310,31,medium,6.5,0.0
45.8,12.3,0,0,6,0,37.4,1.0,750.0,0.5,7,340,29,low,7.5,0.5
0.0,42.9,0,0,2,2,100.0,0.539,20.0,0.8,10,320,26,low,8.5,1.8
55.5,0.3,0,1,0,0,14.1,0.02,594.0,0.5,12,440,11,low,9.2,0.0
8.9,0.8,0,0,0,0,8.1,0.041,115.0,0.75,11,195,0,low,4.1,0.0
55.3,6.8,1,0,4,0,100.0,0.585,688.0,0.6,8,210,28,low,6.2,1.8
18.0,0.4,0,0,4,1,100.0,0.253,102.0,0.7,8,270,19,low,5.6,0.0
49.2,4.7,0,0,4,0,85.4,0.291,688.0,0.6,5,210,26,low,4.5,0.1
32.8,7.2,0,0,11,2,34.3,1.0,750.0,0.5,6,340,34,medium,7.3,0.3
45.2,3.4,1,1,2,0,38.5,1.0,550.0,0.5,10,110,26,low,3.2,0.9
31.8,3.9,1,0,0,1,12.9,0.033,515.0,0.65,3,190,14,low,5.5,1.6
48.2,6.0,0,0,1,2,94.1,0.15,790.0,0.55,4,98,26,low,2.1,0.1
56.4,1.1,1,0,0,0,4.1,0.144,1238.0,0.35,12,190,9,low,5.5,1.5
52.7,3.0,1,0,6,1,76.3,0.21,762.0,0.55,10,265,33,medium,7.7,2.2
21.6,0.4,0,0,1,1,7.1,0.101,422.0,0.65,12,485,0,low,10.1,0.0
69.0,14.7,1,0,0,2,7.8,0.219,1197.0,0.3,3,180,29,low,5.5,1.8
28.0,3.0,1,0,1,1,12.7,0.032,515.0,0.65,3,190,20,low,5.5,1.6
54.0,8.3,0,0,4,1,55.9,0.314,797.0,0.4,5,74,20,low,1.6,0.1
51.1,12.3,0,0,3,1,100.0,0.17,790.0,0.55,4,98,29,low,2.2,0.1
14.7,8.3,0,0,3,0,83.9,0.235,115.0,0.75,10,195,14,low,4.2,0.2
67.4,0.3,1,0,0,1,4.0,0.141,1238.0,0.35,12,190,14,low,5.4,1.5
42.1,4.3,2,1,7,3,100.0,0.138,574.0,0.55,7,380,44,medium,25.9,18.0
34.4,4.3,0,0,2,0,4.3,0.155,775.0,0.5,11,245,8,low,5.2,0.1
17.2,32.3,1,0,2,1,100.0,1.0,250.0,0.6,6,230,32,medium,7.8,3.0
18.0,1.2,0,0,0,0,10.2,0.082,215.0,0.75,11,280,0,low,5.9,0.0
36.3,4.0,1,1,7,3,100.0,0.137,574.0,0.55,8,380,40,medium,11.1,3.2
17.7,0.7,0,0,1,3,14.2,0.02,68.0,0.85,11,175,11,low,3.7,0.0
42.3,15.4,0,0,1,0,31.4,1.0,1438.0,0.4,4,85,17,low,1.9,0.1
41.7,3.7,1,0,1,0,14.0,0.044,488.0,0.55,3,140,17,low,4.1,1.2
40.2,2.4,0,1,0,0,14.7,0.021,594.0,0.5,11,440,17,low,9.3,0.1
40.4,46.5,0,0,7,2,100.0,1.0,215.0,0.75,8,280,50,medium,7.6,1.8
22.6,1.8,0,0,0,2,14.5,0.021,68.0,0.85,12,175,14,low,3.7,0.0
23.7,14.1,1,1,7,2,100.0,0.088,574.0,0.55,4,380,37,medium,11.7,3.8
79.6,0.5,1,0,1,0,4.0,0.142,1238.0,0.35,11,190,20,low,5.4,1.5
20.7,3.2,1,0,7,1,100.0,0.27,35.0,0.85,6,550,25,low,16.0,4.5
16.3,0.2,0,0,2,1,14.1,0.02,202.0,0.7,1,330,8,low,6.9,0.0
47.7,1.3,1,1,6,0,92.3,0.067,574.0,0.55,4,380,33,medium,10.9,3.0
36.4,0.3,0,0,0,3,12.1,0.03,802.0,0.6,12,270,14,low,5.6,0.0
56.8,5.4,0,0,5,1,86.4,0.295,688.0,0.6,4,210,28,low,4.5,0.1
56.8,8.2,1,1,0,0,8.2,0.121,961.0,0.35,3,390,24,low,11.6,3.5
59.0,3.8,2,1,5,2,64.6,1.0,550.0,0.5,9,110,48,medium,7.5,5.2
2.9,7.3,0,0,1,1,16.1,0.024,102.0,0.7,3,270,10,low,5.8,0.2
40.3,10.6,1,0,2,0,100.0,0.164,502.0,0.6,4,270,24,low,8.1,2.5
23.4,6.6,0,0,12,3,79.2,1.0,422.0,0.65,8,485,37,medium,10.4,0.3
42.9,19.7,1,0,7,0,100.0,0.373,502.0,0.6,6,270,35,medium,8.6,2.9
28.0,0.7,0,0,0,1,7.1,0.102,422.0,0.65,2,485,5,low,10.1,0.0
27.6,7.1,0,0,9,0,47.9,0.765,422.0,0.65,4,485,23,low,10.5,0.4
37.2,1.0,0,0,6,1,79.5,0.266,408.0,0.6,10,240,21,low,5.0,0.0
7.4,10.5,0,0,5,1,100.0,0.164,68.0,0.85,10,175,26,low,3.8,0.2
62.1,2.0,0,1,0,2,14.6,0.021,594.0,0.5,12,440,18,low,9.3,0.1
43.7,5.3,1,1,2,2,86.2,0.294,578.0,0.45,10,168,29,low,4.9,1.4
64.9,2.8,1,1,0,0,7.4,0.107,961.0,0.35,1,390,21,low,11.3,3.2
14.2,5.9,0,0,7,0,53.7,0.298,115.0,0.75,10,195,18,low,4.2,0.1
40.6,3.6,1,0,8,2,100.0,0.409,802.0,0.6,6,270,34,medium,7.9,2.2
54.2,7.7,2,2,4,2,41.5,1.0,870.0,0.45,5,310,39,medium,21.5,15.0
39.3,16.2,0,0,3,2,100.0,0.703,688.0,0.6,6,210,34,medium,4.8,0.4
61.7,0.8,2,2,0,1,6.1,0.163,870.0,0.45,11,310,26,low,20.7,14.3
28.2,0.7,1,0,8,3,100.0,0.381,802.0,0.6,8,270,32,medium,7.7,2.1
48.1,44.6,2,0,7,0,100.0,1.0,250.0,0.6,8,230,48,medium,19.7,14.9
79.1,0.9,1,1,0,0,3.1,0.174,1117.0,0.35,11,145,20,low,4.2,1.1
28.4,20.4,0,0,6,2,42.2,1.0,750.0,0.5,6,340,30,low,7.9,0.8
42.1,7.2,0,0,1,2,82.4,0.23,802.0,0.6,4,270,21,low,5.8,0.2
43.8,7.5,1,0,5,0,89.7,0.309,488.0,0.55,4,140,25,low,4.2,1.2
36.6,65.8,2,2,10,1,100.0,1.0,870.0,0.45,6,310,63,high,30.8,24.4
54.7,0.2,2,2,3,0,36.2,1.0,870.0,0.45,10,310,32,medium,20.7,14.2
15.6,9.0,1,0,7,2,100.0,0.46,115.0,0.75,6,195,29,low,5.8,1.8
70.1,0.5,1,0,0,1,12.1,0.03,762.0,0.55,3,265,25,low,7.6,2.1
73.8,21.8,2,0,2,3,100.0,0.58,762.0,0.55,6,265,44,medium,19.8,14.3
25.0,0.4,0,0,3,0,8.1,0.04,115.0,0.75,12,195,5,low,4.1,0.0
22.2,2.3,0,0,9,3,100.0,0.529,20.0,0.8,8,320,32,medium,6.7,0.1
41.8,0.9,1,0,3,0,4.1,0.143,1238.0,0.35,3,190,17,low,5.5,1.5
38.4,0.8,0,0,1,0,4.1,0.143,775.0,0.5,12,245,9,low,5.1,0.0
54.3,18.5,2,2,11,2,82.1,1.0,870.0,0.45,7,310,54,medium,22.8,16.3
0.0,18.3,1,0,10,1,100.0,0.364,68.0,0.85,7,175,38,medium,5.5,1.9
32.7,19.0,1,0,6,0,100.0,0.553,515.0,0.65,8,190,30,low,6.0,2.0
50.7,47.2,1,1,7,1,100.0,0.567,578.0,0.45,4,168,48,medium,6.3,2.8
0.0,37.1,0,0,2,2,100.0,0.501,20.0,0.8,5,320,29,low,8.2,1.5
5.3,24.2,0,0,8,1,100.0,0.401,790.0,0.55,6,98,28,low,2.3,0.3
40.7,10.9,1,1,7,1,95.0,0.331,578.0,0.45,4,168,43,medium,5.1,1.6
60.7,1.8,0,0,5,0,18.6,1.0,750.0,0.5,5,340,23,low,7.1,0.1
45.5,2.7,0,0,1,0,13.7,0.043,688.0,0.6,3,210,11,low,4.4,0.1
26.9,0.8,0,0,1,1,7.1,0.102,422.0,0.65,12,485,11,low,10.1,0.0
19.1,1.9,0,0,0,0,14.5,0.021,40.0,0.75,11,310,6,low,6.5,0.1
13.3,15.2,0,0,2,0,78.3,0.718,215.0,0.75,4,280,11,low,6.3,0.5
64.6,2.2,0,0,0,0,8.3,0.042,797.0,0.4,1,74,10,low,1.6,0.0
54.0,4.5,0,0,9,1,26.2,1.0,1438.0,0.4,5,85,27,low,1.8,0.0
19.7,8.2,0,0,6,0,21.0,1.0,750.0,0.5,5,340,14,low,7.4,0.3
47.3,0.2,1,0,0,0,12.0,0.03,515.0,0.65,12,190,10,low,5.4,1.5
11.6,3.5,0,0,0,2,8.6,0.043,115.0,0.75,3,195,6,low,4.1,0.1
43.6,11.0,2,2,3,0,43.9,1.0,870.0,0.45,10,310,35,medium,21.9,15.4
45.4,67.9,0,0,5,2,100.0,0.674,202.0,0.7,8,330,38,medium,10.4,3.5
11.8,10.2,0,0,8,1,100.0,0.627,20.0,0.8,9,320,29,low,7.0,0.4
25.5,2.9,0,0,0,2,14.8,0.021,790.0,0.55,3,98,11,low,2.1,0.0
21.6,3.7,0,0,1,2,15.0,0.022,102.0,0.7,12,270,11,low,5.7,0.1
49.5,45.2,2,1,8,1,100.0,1.0,1041.0,0.3,6,200,60,medium,17.2,13.1
26.8,0.6,0,0,0,0,13.1,0.041,408.0,0.6,3,240,5,low,5.0,0.0
30.1,4.7,1,0,7,0,100.0,0.559,488.0,0.55,8,140,29,low,4.1,1.2
15.4,4.4,0,0,6,1,84.8,0.288,20.0,0.8,5,320,22,low,6.8,0.1
27.2,1.4,0,0,1,0,14.4,0.021,790.0,0.55,3,98,1,low,2.1,0.0
29.9,2.7,0,0,9,1,84.2,0.533,115.0,0.75,7,195,30,low,4.1,0.1
32.0,2.4,1,1,9,3,100.0,0.265,502.0,0.6,9,270,39,medium,7.8,2.2
77.8,0.4,1,0,0,1,4.0,0.141,1238.0,0.35,1,190,19,low,5.4,1.5
1.5,8.8,1,0,8,1,100.0,0.305,40.0,0.75,9,310,30,low,9.3,2.8
31.5,14.4,0,0,5,1,77.2,0.707,215.0,0.75,5,280,28,low,6.3,0.5
6.4,0.2,0,0,2,0,14.1,0.02,102.0,0.7,12,270,9,low,5.6,0.0
35.9,24.5,0,0,13,2,100.0,0.403,202.0,0.7,9,330,38,medium,7.8,1.0
39.8,0.1,1,0,0,1,10.0,0.08,250.0,0.6,2,230,15,low,6.6,1.8
55.1,1.5,1,1,6,1,43.3,0.674,961.0,0.35,10,390,30,low,11.2,3.1
58.5,4.4,1,1,1,2,14.2,0.044,578.0,0.45,2,168,23,low,4.9,1.4
53.8,19.6,1,1,3,1,25.1,1.0,1117.0,0.35,5,145,37,medium,4.6,1.6
13.7,1.6,0,0,1,0,12.4,0.031,115.0,0.75,11,195,3,low,4.1,0.0
46.1,4.2,0,0,0,1,13.0,0.033,802.0,0.6,11,270,13,low,5.7,0.1
54.9,1.4,1,1,6,2,72.0,1.0,961.0,0.35,9,390,40,medium,11.2,3.1
75.7,1.9,1,1,1,1,3.1,0.178,1117.0,0.35,1,145,24,low,4.2,1.2
50.8,6.6,1,0,1,1,6.8,0.187,1197.0,0.3,1,180,15,low,5.3,1.6
51.2,0.3,0,0,0,0,8.0,0.04,797.0,0.4,1,74,13,low,1.5,0.0
66.6,18.0,1,1,7,3,81.6,1.0,1041.0,0.3,7,200,50,medium,6.3,2.1
72.8,13.3,1,1,2,2,76.0,1.0,1041.0,0.3,9,200,39,medium,6.1,2.0
37.1,1.1,0,0,0,2,4.1,0.144,775.0,0.5,12,245,11,low,5.1,0.0
19.2,26.0,0,0,4,2,100.0,0.322,115.0,0.75,4,195,28,low,4.7,0.6
46.9,10.8,0,0,3,0,94.9,0.33,408.0,0.6,5,240,27,low,5.3,0.3
34.6,34.1,0,1,7,3,100.0,0.463,790.0,0.55,9,98,40,medium,2.5,0.4
41.3,0.5,1,0,7,0,100.0,0.379,515.0,0.65,9,190,28,low,5.4,1.5
70.2,33.0,1,1,4,1,59.8,1.0,1041.0,0.3,4,200,48,medium,6.8,2.7
34.2,0.5,1,1,4,0,78.7,0.263,578.0,0.45,5,168,26,low,4.8,1.3
58.7,53.3,1,1,1,3,74.4,1.0,550.0,0.5,4,110,44,medium,4.3,2.0
43.8,3.2,1,1,7,3,100.0,0.54,408.0,0.6,6,240,44,medium,7.0,2.0
39.6,5.1,0,0,0,2,3.3,0.192,750.0,0.5,2,340,12,low,7.3,0.2
43.8,0.1,0,0,1,1,8.0,0.04,797.0,0.4,1,74,11,low,1.5,0.0
44.1,52.2,1,0,9,1,100.0,1.0,408.0,0.6,7,240,53,medium,9.3,4.3
49.5,14.8,1,1,5,2,100.0,0.356,578.0,0.45,4,168,42,medium,5.2,1.7
40.6,10.0,0,1,0,3,16.8,0.025,594.0,0.5,2,440,19,low,9.7,0.5
32.5,6.7,1,0,4,2,68.0,0.607,250.0,0.6,10,230,29,low,6.8,2.0
33.9,0.9,0,1,1,2,14.3,0.02,594.0,0.5,3,440,17,low,9.2,0.0
39.8,3.8,0,1,8,1,100.0,0.274,594.0,0.5,8,440,32,medium,9.3,0.2
66.9,25.7,1,1,9,3,90.8,1.0,1041.0,0.3,7,200,55,medium,6.6,2.4
37.7,2.4,1,0,13,2,100.0,1.0,250.0,0.6,6,230,43,medium,6.7,1.9
47.0,0.3,1,1,1,0,7.0,0.101,961.0,0.35,1,390,20,low,11.2,3.0
7.4,8.5,0,0,9,0,93.6,0.607,115.0,0.75,7,195,21,low,4.2,0.2
64.4,4.6,1,0,3,2,26.2,1.0,1238.0,0.35,5,190,30,low,5.6,1.6
55.6,1.7,1,1,1,0,3.1,0.177,1117.0,0.35,11,145,17,low,4.2,1.2
21.8,1.2,0,0,0,1,14.3,0.021,202.0,0.7,11,330,7,low,6.9,0.0
46.2,10.4,1,0,5,3,96.7,0.63,797.0,0.4,8,74,41,medium,2.2,0.7
71.3,2.2,1,1,1,0,6.3,0.169,1041.0,0.3,1,200,20,low,5.8,1.6
40.9,13.8,0,0,0,1,16.6,0.054,688.0,0.6,3,210,17,low,4.7,0.3
35.7,7.3,1,1,9,2,100.0,0.443,515.0,0.65,9,190,45,medium,5.6,1.7
8.1,2.0,0,0,0,1,14.6,0.021,40.0,0.75,1,310,1,low,6.5,0.1
26.6,0.3,0,0,1,1,13.1,0.04,408.0,0.6,12,240,7,low,5.0,0.0
64.3,3.9,1,0,5,1,25.9,0.999,1238.0,0.35,10,190,31,medium,5.5,1.6
50.2,14.6,2,0,5,3,100.0,0.512,762.0,0.55,7,265,43,medium,19.1,13.5
18.2,2.4,0,0,2,2,12.6,0.032,115.0,0.75,12,195,13,low,4.1,0.0
24.1,11.6,0,0,11,0,100.0,0.483,802.0,0.6,6,270,30,low,6.0,0.3
40.2,0.3,1,0,0,1,12.1,0.03,762.0,0.55,1,265,12,low,7.6,2.1
65.3,14.0,2,2,8,3,76.8,1.0,870.0,0.45,7,310,51,medium,22.2,15.8
25.5,2.2,0,0,2,0,81.4,0.274,20.0,0.8,10,320,14,low,6.7,0.1
22.7,46.7,1,0,3,1,100.0,0.542,790.0,0.55,6,98,34,medium,3.7,1.6
33.1,38.7,0,0,5,1,100.0,0.738,115.0,0.75,7,195,33,medium,5.0,1.0
40.3,6.4,1,1,1,0,16.9,0.012,574.0,0.55,3,380,12,low,11.2,3.3
28.4,6.3,0,0,8,0,100.0,0.289,68.0,0.85,6,175,28,low,3.8,0.1
17.1,1.0,0,0,1,3,14.3,0.021,102.0,0.7,2,270,12,low,5.7,0.0
65.4,1.5,1,1,10,2,72.2,1.0,961.0,0.35,7,390,41,medium,11.2,3.1
42.0,2.1,1,0,4,2,75.1,0.205,515.0,0.65,10,190,32,medium,5.5,1.5
0.0,7.2,0,0,4,1,96.0,0.153,68.0,0.85,5,175,20,low,3.8,0.1
22.1,8.1,0,0,1,0,15.1,0.048,20.0,0.8,3,320,8,low,6.9,0.3
62.1,1.8,1,0,1,1,24.9,0.95,1238.0,0.35,10,190,20,low,5.5,1.5
0.0,60.6,1,1,6,3,100.0,0.629,35.0,0.85,8,550,46,medium,22.5,11.1
46.8,1.2,1,1,1,0,13.3,0.041,578.0,0.45,3,168,19,low,4.8,1.3
30.1,6.2,1,0,0,0,13.5,0.035,515.0,0.65,3,190,8,low,5.6,1.6
22.5,1.6,0,0,0,0,14.4,0.021,202.0,0.7,12,330,4,low,6.9,0.1
42.3,13.7,1,0,4,2,61.1,0.349,470.0,0.55,5,215,26,low,6.6,2.1
11.6,8.3,0,0,2,0,97.9,0.157,35.0,0.85,4,550,18,low,12.0,0.5
31.1,0.6,0,0,0,1,12.1,0.03,802.0,0.6,12,270,10,low,5.6,0.0
67.9,0.6,0,0,1,3,4.0,0.142,1438.0,0.4,12,85,16,low,1.8,0.0
49.6,23.7,1,1,8,3,100.0,0.199,574.0,0.55,9,380,41,medium,12.3,4.4
36.9,46.1,2,0,6,2,100.0,0.807,515.0,0.65,6,190,51,medium,16.5,12.5
11.2,1.9,0,0,1,3,14.5,0.021,40.0,0.75,12,310,11,low,6.5,0.1
47.2,0.8,0,0,0,0,8.1,0.041,797.0,0.4,11,74,4,low,1.5,0.0
57.2,13.1,1,1,1,0,16.4,0.053,578.0,0.45,3,168,24,low,5.1,1.6
4.5,1.1,0,0,3,0,85.9,0.134,40.0,0.75,4,310,12,low,6.5,0.0
55.6,2.4,1,1,0,1,6.3,0.169,1041.0,0.3,1,200,22,low,5.8,1.6
32.2,32.7,0,0,8,3,100.0,1.0,422.0,0.65,6,485,39,medium,12.1,2.0
36.0,7.2,2,1,7,1,91.5,0.59,470.0,0.55,8,215,42,medium,14.9,10.4
18.1,7.3,1,0,6,2,100.0,0.591,20.0,0.8,9,320,37,medium,9.5,2.8
45.0,67.9,1,0,7,3,100.0,1.0,250.0,0.6,6,230,55,medium,10.0,5.2
18.9,6.1,0,1,12,1,100.0,0.577,20.0,0.8,6,320,39,medium,6.9,0.2
63.6,0.6,1,1,2,0,7.1,0.101,961.0,0.35,11,390,13,low,11.2,3.1
55.4,0.3,0,0,4,2,40.2,1.0,1438.0,0.4,9,85,31,medium,1.8,0.0
46.4,2.6,1,1,0,0,3.2,0.181,1117.0,0.35,11,145,18,low,4.2,1.2
39.7,0.0,1,0,1,0,12.0,0.03,515.0,0.65,2,190,8,low,5.4,1.5
54.9,2.2,1,1,1,0,7.3,0.106,961.0,0.35,2,390,17,low,11.3,3.1
57.7,1.0,1,0,1,2,6.1,0.164,1197.0,0.3,3,180,21,low,5.2,1.4
51.2,16.1,2,2,5,3,79.4,1.0,870.0,0.45,8,310,49,medium,22.5,16.0
27.3,10.8,1,0,7,3,100.0,0.318,202.0,0.7,9,330,36,medium,10.0,3.1
20.2,14.9,1,0,1,0,77.9,0.714,250.0,0.6,4,230,23,low,7.1,2.3
46.3,0.0,1,0,0,0,13.0,0.04,488.0,0.55,1,140,14,low,4.0,1.1
40.4,17.8,0,1,8,0,54.3,1.0,775.0,0.5,9,245,32,medium,5.6,0.5
41.0,32.0,2,1,5,2,100.0,0.225,574.0,0.55,9,380,48,medium,30.2,22.3
33.7,1.6,1,0,0,3,13.4,0.042,488.0,0.55,12,140,23,low,4.0,1.1
44.9,3.3,1,1,0,0,16.0,0.011,574.0,0.55,3,380,17,low,11.0,3.1
10.2,0.8,0,0,0,0,14.2,0.02,35.0,0.85,11,550,3,low,11.5,0.0
47.0,2.7,1,0,1,0,13.7,0.043,488.0,0.55,12,140,11,low,4.1,1.1
69.0,7.3,1,1,6,0,20.6,1.0,1117.0,0.35,4,145,33,medium,4.3,1.3
40.0,3.7,1,0,4,0,51.6,0.284,470.0,0.55,5,215,22,low,6.3,1.8
29.7,5.0,1,1,6,1,100.0,0.14,574.0,0.55,7,380,28,low,11.1,3.2
41.6,0.3,1,0,0,3,12.1,0.03,515.0,0.65,12,190,26,low,5.4,1.5
0.0,0.3,0,0,0,0,14.1,0.02,68.0,0.85,2,175,1,low,3.7,0.0
38.1,0.5,2,2,7,3,36.4,1.0,870.0,0.45,4,310,45,medium,20.7,14.3
13.1,1.4,0,0,2,2,14.4,0.021,102.0,0.7,1,270,15,low,5.7,0.0
36.6,3.1,1,0,1,1,12.8,0.032,515.0,0.65,3,190,17,low,5.5,1.6
50.3,2.1,1,0,4,0,75.1,0.205,762.0,0.55,4,265,20,low,7.7,2.1
28.7,0.7,1,0,0,1,12.2,0.031,762.0,0.55,11,265,11,low,7.6,2.1
54.4,13.6,1,1,2,2,99.2,0.348,578.0,0.45,4,168,34,medium,5.1,1.6
5.1,0.1,0,0,5,3,84.2,0.13,102.0,0.7,4,270,22,low,5.6,0.0
41.2,3.1,1,1,1,2,6.4,0.173,550.0,0.5,3,110,17,low,3.2,0.9
45.1,0.5,0,1,1,2,14.1,0.02,594.0,0.5,12,440,17,low,9.2,0.0
13.7,1.6,0,0,5,1,74.3,0.203,115.0,0.75,4,195,20,low,4.1,0.0
54.1,28.1,2,1,7,0,93.7,1.0,550.0,0.5,6,110,52,medium,8.5,6.2
48.0,46.7,2,2,7,2,100.0,1.0,870.0,0.45,9,310,61,high,27.0,20.5
56.3,0.3,0,0,5,1,42.2,0.654,422.0,0.65,4,485,24,low,10.1,0.0
51.8,2.1,2,2,0,1,6.2,0.168,870.0,0.45,2,310,28,low,20.9,14.4
99.4,1.0,1,1,0,0,7.1,0.102,961.0,0.35,3,390,24,low,11.2,3.1
42.9,68.4,0,0,6,3,56.8,1.0,1438.0,0.4,5,85,47,medium,2.7,0.9
0.0,5.4,0,0,14,1,100.0,0.284,40.0,0.75,7,310,27,low,6.6,0.2
67.9,6.2,1,1,5,3,78.7,1.0,961.0,0.35,7,390,45,medium,11.5,3.4
20.9,22.4,0,0,5,0,86.8,0.811,215.0,0.75,5,280,21,low,6.6,0.7
2.2,1.3,0,0,0,3,14.4,0.021,35.0,0.85,2,550,9,low,11.5,0.1
61.4,5.4,1,0,8,2,26.6,1.0,1238.0,0.35,4,190,37,medium,5.6,1.6
37.7,1.4,0,0,2,3,10.3,0.083,215.0,0.75,12,280,17,low,5.9,0.0
36.0,0.8,0,0,0,1,8.1,0.041,115.0,0.75,1,195,9,low,4.1,0.0
23.9,0.5,1,1,2,2,6.1,0.162,550.0,0.5,12,110,21,low,3.2,0.9
23.9,1.8,0,0,0,1,13.5,0.042,20.0,0.8,11,320,11,low,6.7,0.1
4.9,4.0,0,0,1,2,8.6,0.044,115.0,0.75,11,195,5,low,4.1,0.1
44.1,4.4,0,0,0,0,4.3,0.155,775.0,0.5,2,245,13,low,5.2,0.1
19.8,20.7,0,0,4,1,84.8,0.789,215.0,0.75,4,280,30,low,6.5,0.7
57.3,12.7,1,0,5,1,97.9,0.343,488.0,0.55,10,140,35,medium,4.3,1.4
21.2,0.0,1,1,0,3,6.0,0.16,550.0,0.5,2,110,16,low,3.1,0.9
36.7,14.8,1,0,7,2,100.0,1.0,215.0,0.75,9,280,45,medium,8.6,2.8
51.3,0.3,1,1,0,0,15.1,0.01,574.0,0.55,11,380,22,low,10.9,3.0
7.5,1.4,0,0,2,2,86.3,0.134,35.0,0.85,10,550,13,low,11.5,0.1
18.2,14.0,0,0,2,0,100.0,0.175,35.0,0.85,10,550,20,low,12.3,0.9
33.6,16.1,0,0,9,2,100.0,0.702,688.0,0.6,6,210,35,medium,4.8,0.4
0.0,6.1,0,0,4,0,89.7,0.576,115.0,0.75,7,195,16,low,4.2,0.1
31.3,3.7,0,0,8,2,32.2,1.0,750.0,0.5,8,340,31,medium,7.2,0.1
28.0,2.0,1,0,0,2,8.3,0.042,470.0,0.55,11,215,20,low,6.2,1.7
66.9,1.0,1,1,1,3,3.1,0.174,1117.0,0.35,11,145,27,low,4.2,1.1
36.0,13.7,0,0,5,0,99.3,0.349,408.0,0.6,10,240,24,low,5.4,0.4
54.0,5.8,0,0,0,0,4.5,0.16,1438.0,0.4,2,85,6,low,1.8,0.1
16.7,1.3,0,0,0,2,8.2,0.041,115.0,0.75,1,195,7,low,4.1,0.0
0.0,17.1,1,0,8,1,100.0,0.713,20.0,0.8,6,320,33,medium,10.0,3.3
35.2,19.2,0,0,3,1,100.0,0.385,688.0,0.6,5,210,22,low,4.8,0.5
20.1,8.5,2,0,5,3,100.0,0.303,502.0,0.6,6,270,35,medium,18.8,13.2
20.5,0.1,0,0,2,0,13.0,0.04,20.0,0.8,3,320,7,low,6.7,0.0
80.0,1.0,1,1,1,1,6.1,0.164,1041.0,0.3,12,200,24,low,5.7,1.6
36.1,1.1,0,0,2,2,4.1,0.144,775.0,0.5,3,245,13,low,5.1,0.0
9.1,12.8,0,0,8,2,100.0,0.33,202.0,0.7,6,330,28,low,7.3,0.5
39.2,7.4,2,0,11,0,100.0,0.593,488.0,0.55,6,140,41,medium,9.7,6.8
24.0,1.4,0,0,0,1,14.4,0.021,202.0,0.7,11,330,9,low,6.9,0.0
40.8,1.5,0,0,0,0,10.3,0.083,215.0,0.75,11,280,9,low,5.9,0.0
55.4,18.1,0,0,4,0,65.3,0.377,797.0,0.4,4,74,21,low,1.7,0.2
22.5,21.8,1,0,7,1,100.0,1.0,215.0,0.75,6,280,39,medium,9.0,3.1
66.0,2.7,1,0,0,3,4.2,0.15,1238.0,0.35,3,190,23,low,5.5,1.5
54.9,2.4,1,1,0,0,6.3,0.17,1041.0,0.3,1,200,16,low,5.8,1.6
63.9,3.6,2,2,6,2,64.4,1.0,870.0,0.45,9,310,39,medium,21.1,14.6
42.4,3.2,1,0,9,0,100.0,0.405,802.0,0.6,7,270,35,medium,7.8,2.2
24.9,0.4,0,0,1,2,14.1,0.02,202.0,0.7,2,330,13,low,6.9,0.0
33.5,8.5,1,0,2,0,56.1,0.315,470.0,0.55,5,215,17,low,6.4,1.9
55.0,4.9,0,0,7,0,43.9,1.0,1438.0,0.4,9,85,31,medium,1.8,0.0
47.2,4.8,0,0,0,2,8.8,0.045,797.0,0.4,2,74,16,low,1.6,0.0
49.1,4.3,1,0,4,1,39.1,1.0,1197.0,0.3,10,180,27,low,5.3,1.5
27.7,76.9,0,0,8,1,100.0,0.731,202.0,0.7,6,330,50,medium,11.2,4.3
5.3,9.7,0,0,6,1,100.0,0.161,40.0,0.75,4,310,24,low,6.8,0.3
58.6,1.5,1,1,0,1,6.2,0.166,550.0,0.5,1,110,22,low,3.2,0.9
32.0,16.7,1,0,5,2,100.0,0.369,488.0,0.55,4,140,33,medium,4.4,1.4
48.0,1.0,0,0,2,2,3.1,0.174,750.0,0.5,11,340,15,low,7.1,0.0
20.0,0.0,0,0,0,0,12.0,0.03,115.0,0.75,1,195,1,low,4.1,0.0
36.1,15.6,0,0,3,1,100.0,0.181,790.0,0.55,10,98,25,low,2.2,0.2
35.8,6.3,0,0,6,3,33.8,1.0,750.0,0.5,7,340,29,low,7.3,0.2
49.4,7.3,1,1,4,2,100.0,0.591,578.0,0.45,7,168,34,medium,5.0,1.5
30.1,1.8,1,0,0,1,8.3,0.042,470.0,0.55,11,215,12,low,6.2,1.7
42.2,0.7,0,0,1,0,8.1,0.041,797.0,0.4,12,74,7,low,1.5,0.0
52.2,6.4,1,0,3,1,27.1,1.0,1238.0,0.35,5,190,29,low,5.6,1.6
56.8,17.2,1,0,2,0,32.2,1.0,1238.0,0.35,4,190,23,low,5.9,2.0
23.4,0.8,0,0,0,3,4.1,0.143,775.0,0.5,2,245,11,low,5.1,0.0
47.9,10.0,2,0,10,3,100.0,0.469,515.0,0.65,6,190,52,medium,13.3,9.4
57.6,25.7,0,0,5,0,100.0,0.821,688.0,0.6,9,210,29,low,5.0,0.6
30.3,2.4,1,0,0,1,10.5,0.085,250.0,0.6,12,230,16,low,6.7,1.9
81.3,0.9,1,1,0,2,6.1,0.164,1041.0,0.3,2,200,24,low,5.7,1.6
44.7,5.0,1,0,0,0,14.3,0.045,488.0,0.55,12,140,17,low,4.1,1.2
27.8,51.3,2,0,5,3,100.0,1.0,488.0,0.55,8,140,50,medium,12.6,9.6
60.2,10.2,1,1,1,1,50.6,0.816,961.0,0.35,10,390,30,low,11.7,3.6
57.4,1.0,1,1,1,3,3.1,0.174,1117.0,0.35,2,145,29,low,4.2,1.1
48.3,0.5,1,0,1,1,12.1,0.03,762.0,0.55,1,265,18,low,7.6,2.1
62.8,3.5,2,0,7,2,100.0,0.272,502.0,0.6,6,270,44,medium,18.3,12.7
28.7,1.0,0,0,0,0,14.3,0.02,102.0,0.7,11,270,6,low,5.7,0.0
47.4,5.0,1,1,3,0,39.6,1.0,550.0,0.5,10,110,26,low,3.2,0.9
46.1,0.3,0,0,1,1,14.1,0.02,790.0,0.55,12,98,13,low,2.0,0.0
62.9,0.6,1,1,0,2,3.0,0.172,1117.0,0.35,12,145,24,low,4.2,1.1
25.4,0.0,1,1,6,1,100.0,0.375,515.0,0.65,7,190,29,low,5.4,1.5
73.4,30.3,2,2,11,2,96.4,1.0,870.0,0.45,6,310,62,high,24.4,17.9
12.5,1.3,1,0,9,2,100.0,1.0,250.0,0.6,7,230,36,medium,6.6,1.8
61.7,5.0,1,1,0,3,6.6,0.18,1041.0,0.3,1,200,27,low,5.9,1.7
30.4,1.3,1,0,0,2,14.4,0.021,502.0,0.6,12,270,15,low,7.8,2.1
44.3,6.7,0,1,1,1,15.9,0.023,594.0,0.5,2,440,13,low,9.5,0.3
41.5,6.8,1,1,2,2,100.0,0.146,574.0,0.55,7,380,28,low,11.2,3.3
47.2,14.7,0,0,5,2,100.0,0.355,688.0,0.6,10,210,31,medium,4.7,0.3
26.6,2.2,0,0,1,0,12.5,0.032,802.0,0.6,3,270,7,low,5.7,0.1
31.9,0.3,0,0,2,0,10.1,0.081,215.0,0.75,12,280,12,low,5.8,0.0
12.2,2.5,0,0,0,3,14.7,0.021,202.0,0.7,2,330,13,low,7.0,0.1
52.5,53.0,0,0,4,1,100.0,1.0,797.0,0.4,7,74,46,medium,2.1,0.6
57.8,8.2,0,0,0,0,4.7,0.169,1438.0,0.4,3,85,13,low,1.8,0.1
40.8,3.0,0,0,1,2,4.2,0.151,775.0,0.5,3,245,18,low,5.2,0.1
19.6,34.4,0,0,8,1,100.0,0.93,20.0,0.8,8,320,35,medium,8.1,1.4
45.5,5.6,1,1,5,0,86.7,0.296,578.0,0.45,4,168,29,low,4.9,1.4
32.5,3.5,1,0,12,0,100.0,0.272,202.0,0.7,6,330,38,medium,9.6,2.7
13.8,9.2,0,0,1,2,15.4,0.049,20.0,0.8,1,320,12,low,7.0,0.3
44.9,4.6,1,1,10,1,100.0,0.279,502.0,0.6,9,270,39,medium,7.9,2.3
35.8,0.2,1,0,0,3,12.0,0.03,762.0,0.55,1,265,17,low,7.6,2.1
34.6,2.0,1,1,2,0,15.6,0.011,574.0,0.55,1,380,15,low,11.0,3.1
60.0,8.2,0,0,4,0,55.8,0.313,797.0,0.4,5,74,26,low,1.6,0.1
45.7,3.1,1,0,1,3,4.2,0.151,1238.0,0.35,2,190,21,low,5.5,1.6
60.5,3.0,1,1,0,1,13.8,0.043,578.0,0.45,11,168,21,low,4.9,1.4
50.1,3.6,0,1,10,1,100.0,0.409,802.0,0.6,9,270,37,medium,5.7,0.1
17.6,2.0,0,0,3,0,74.8,0.205,115.0,0.75,10,195,14,low,4.1,0.0
37.0,32.6,0,0,10,3,100.0,0.681,802.0,0.6,8,270,45,medium,6.7,1.1
44.0,8.2,0,0,8,3,100.0,0.452,802.0,0.6,9,270,33,medium,5.9,0.2
19.6,1.0,0,0,1,0,85.7,0.133,790.0,0.55,10,98,13,low,2.1,0.0
23.2,7.4,0,1,6,3,96.5,0.154,594.0,0.5,5,440,33,medium,9.5,0.4
15.2,4.8,0,1,6,2,100.0,0.28,35.0,0.85,6,550,27,low,11.7,0.3
53.4,3.2,1,0,1,1,12.8,0.032,762.0,0.55,2,265,14,low,7.7,2.2
3.7,9.6,0,0,6,3,85.8,0.242,115.0,0.75,10,195,21,low,4.3,0.2
86.8,1.2,1,1,1,1,7.2,0.103,961.0,0.35,11,390,30,low,11.2,3.1
41.3,40.0,0,0,11,2,100.0,1.0,797.0,0.4,8,74,54,medium,1.9,0.4
14.5,32.2,0,1,10,0,100.0,0.451,102.0,0.7,6,270,31,medium,6.7,1.1
36.9,22.7,0,0,2,2,87.3,0.816,215.0,0.75,4,280,34,medium,6.6,0.7
7.2,28.7,0,0,5,3,100.0,0.43,40.0,0.75,6,310,28,low,7.5,1.1
28.1,2.4,0,0,0,2,7.3,0.106,422.0,0.65,11,485,8,low,10.2,0.1
0.0,1.0,0,0,11,2,100.0,0.256,35.0,0.85,9,550,28,low,11.5,0.1
42.9,0.9,1,1,5,1,91.5,0.066,574.0,0.55,10,380,27,low,10.9,3.0
39.1,48.7,1,1,11,2,100.0,0.277,574.0,0.55,7,380,56,medium,14.4,6.4
54.3,28.4,1,0,12,2,94.0,1.0,1197.0,0.3,6,180,49,medium,6.0,2.2
63.5,0.6,1,0,0,1,6.1,0.162,1197.0,0.3,11,180,12,low,5.2,1.4
52.1,4.9,1,1,6,0,33.0,1.0,1117.0,0.35,7,145,33,medium,4.2,1.2
28.1,30.7,0,0,8,2,100.0,0.442,35.0,0.85,6,550,41,medium,13.5,2.1
62.0,59.6,2,2,8,2,100.0,1.0,870.0,0.45,8,310,63,high,29.4,23.0
22.2,18.0,1,0,7,0,100.0,0.362,502.0,0.6,9,270,27,low,8.5,2.9
33.8,19.7,0,0,6,2,100.0,0.194,202.0,0.7,5,330,33,medium,7.6,0.8
45.1,0.6,0,0,1,0,12.2,0.03,802.0,0.6,11,270,12,low,5.6,0.0
18.2,1.7,2,0,3,3,100.0,0.26,502.0,0.6,9,270,36,medium,18.2,12.5
53.3,7.3,0,0,10,0,55.0,0.308,797.0,0.4,4,74,28,low,1.6,0.1
30.7,0.7,1,0,1,2,14.2,0.02,502.0,0.6,11,270,20,low,7.7,2.1
31.8,1.9,1,0,9,2,100.0,1.0,250.0,0.6,9,230,41,medium,6.6,1.8
9.9,9.0,0,0,5,0,99.1,0.159,40.0,0.75,4,310,12,low,6.8,0.3
51.0,0.1,0,0,5,2,72.2,0.196,802.0,0.6,4,270,26,low,5.6,0.0
2.9,0.1,0,0,0,0,14.0,0.02,102.0,0.7,12,270,5,low,5.6,0.0
31.1,5.9,0,0,4,1,87.2,0.298,408.0,0.6,10,240,21,low,5.2,0.2
17.0,8.3,0,0,0,3,16.3,0.024,68.0,0.85,1,175,13,low,3.8,0.2
34.6,0.5,0,0,0,0,13.1,0.041,408.0,0.6,12,240,10,low,5.0,0.0
67.5,0.6,1,0,0,3,6.1,0.163,1197.0,0.3,1,180,26,low,5.2,1.4
41.9,5.5,0,0,0,3,4.4,0.159,1438.0,0.4,3,85,17,low,1.8,0.0
41.6,20.1,1,0,6,1,100.0,0.751,488.0,0.55,6,140,35,medium,4.4,1.5
33.6,1.7,0,0,1,1,12.4,0.031,115.0,0.75,3,195,9,low,4.1,0.0
21.5,44.6,0,0,10,2,100.0,1.0,20.0,0.8,7,320,47,medium,8.6,1.9
56.3,20.6,2,2,9,3,50.8,1.0,870.0,0.45,4,310,54,medium,23.0,16.6
60.7,43.4,1,1,9,1,100.0,1.0,550.0,0.5,7,110,57,medium,4.0,1.7
20.9,6.5,0,0,8,3,90.4,0.581,115.0,0.75,7,195,29,low,4.2,0.1
26.0,16.4,0,0,5,1,79.7,0.733,215.0,0.75,5,280,25,low,6.4,0.5
39.3,1.8,1,0,0,1,8.3,0.042,470.0,0.55,1,215,21,low,6.2,1.7
29.1,7.6,0,0,0,1,3.5,0.202,750.0,0.5,3,340,7,low,7.4,0.3
36.0,2.6,1,0,0,1,13.7,0.043,488.0,0.55,2,140,15,low,4.1,1.1
30.5,7.9,0,1,0,3,16.2,0.024,594.0,0.5,3,440,14,low,9.5,0.4
29.4,4.0,0,0,0,0,10.8,0.088,215.0,0.75,2,280,4,low,6.0,0.1
83.6,2.7,1,1,0,3,6.3,0.171,1041.0,0.3,3,200,31,medium,5.8,1.6
18.9,2.6,0,0,1,2,13.7,0.043,20.0,0.8,11,320,15,low,6.8,0.1
36.1,3.9,1,0,2,1,51.8,0.285,470.0,0.55,5,215,19,low,6.3,1.8
62.0,7.6,1,0,10,0,41.5,1.0,1197.0,0.3,10,180,34,medium,5.3,1.6
46.6,40.9,1,1,10,3,100.0,0.506,594.0,0.5,7,440,56,medium,15.8,6.6
47.6,5.4,0,0,7,1,100.0,0.284,202.0,0.7,9,330,29,low,7.1,0.2
46.2,0.3,1,1,0,1,15.1,0.01,574.0,0.55,1,380,20,low,10.9,3.0
10.5,1.4,0,0,1,0,14.4,0.021,35.0,0.85,2,550,7,low,11.5,0.1
68.8,3.8,0,0,0,0,8.6,0.044,797.0,0.4,3,74,10,low,1.6,0.0
35.9,7.9,0,0,5,1,97.3,0.156,102.0,0.7,4,270,25,low,5.9,0.2
48.4,19.6,2,0,7,1,55.7,1.0,1238.0,0.35,8,190,41,medium,14.0,10.1
22.1,1.2,0,0,1,3,14.3,0.021,40.0,0.75,11,310,10,low,6.5,0.0
29.4,30.0,1,1,3,2,100.0,0.455,578.0,0.45,4,168,38,medium,5.6,2.1
15.3,2.2,0,0,4,0,87.7,0.137,40.0,0.75,10,310,13,low,6.5,0.1
34.4,88.9,0,1,8,1,100.0,1.0,115.0,0.75,6,195,56,medium,7.3,3.3
35.7,15.5,0,0,5,3,100.0,0.52,802.0,0.6,6,270,34,medium,6.1,0.5
55.4,5.3,1,0,8,3,100.0,0.283,502.0,0.6,7,270,43,medium,7.9,2.3
47.9,5.4,1,0,1,0,11.1,0.091,250.0,0.6,2,230,16,low,6.8,2.0
59.8,16.5,1,1,4,1,100.0,0.706,578.0,0.45,6,168,42,medium,5.2,1.7
26.3,0.1,0,0,0,2,3.0,0.17,750.0,0.5,2,340,9,low,7.1,0.0
23.9,3.4,1,1,1,1,96.2,0.071,574.0,0.55,5,380,18,low,11.0,3.1
23.1,2.4,0,0,7,0,100.0,0.398,115.0,0.75,9,195,23,low,4.1,0.0
28.6,12.5,0,0,7,0,100.0,0.328,102.0,0.7,7,270,25,low,6.0,0.4
30.8,0.2,1,0,0,3,12.0,0.03,762.0,0.55,12,265,18,low,7.6,2.1
52.6,1.4,1,0,0,0,4.1,0.145,1238.0,0.35,1,190,8,low,5.5,1.5
13.5,0.3,0,0,1,0,14.1,0.02,35.0,0.85,11,550,3,low,11.5,0.0
47.2,0.0,0,0,0,1,8.0,0.04,797.0,0.4,1,74,14,low,1.5,0.0
30.7,2.2,0,0,5,0,50.1,0.274,797.0,0.4,10,74,14,low,1.6,0.0
39.9,0.3,1,0,0,0,13.1,0.04,488.0,0.55,11,140,18,low,4.0,1.1
17.2,0.5,0,0,0,1,14.1,0.02,102.0,0.7,1,270,5,low,5.6,0.0
46.9,4.2,0,0,5,1,45.5,0.718,422.0,0.65,10,485,25,low,10.3,0.2
45.0,0.4,1,0,0,1,6.0,0.161,1197.0,0.3,11,180,15,low,5.2,1.4
40.8,0.5,0,0,0,0,3.0,0.172,750.0,0.5,12,340,7,low,7.1,0.0
21.1,0.8,0,0,8,0,60.9,0.53,215.0,0.75,10,280,25,low,5.9,0.0
60.5,0.2,1,1,5,0,70.3,1.0,961.0,0.35,8,390,30,low,11.2,3.0
74.7,0.8,1,0,4,0,24.4,0.928,1238.0,0.35,4,190,28,low,5.5,1.5
32.0,16.1,1,0,5,3,100.0,0.526,802.0,0.6,7,270,40,medium,8.4,2.8
73.4,2.0,1,0,0,0,4.2,0.147,1238.0,0.35,12,190,22,low,5.5,1.5
71.8,4.2,2,2,1,0,6.5,0.177,870.0,0.45,3,310,30,low,21.1,14.7
8.6,0.1,0,0,1,2,8.0,0.04,115.0,0.75,12,195,4,low,4.1,0.0
21.0,57.4,1,0,3,2,100.0,1.0,488.0,0.55,7,140,49,medium,5.6,2.7
27.0,47.6,0,0,4,1,100.0,1.0,408.0,0.6,7,240,27,low,6.6,1.6
34.3,2.5,0,0,4,1,31.5,1.0,750.0,0.5,8,340,22,low,7.2,0.1
41.0,7.0,1,0,5,0,45.6,1.0,1438.0,0.4,6,85,33,medium,2.5,0.7
36.5,11.5,1,1,3,0,100.0,0.084,574.0,0.55,4,380,36,medium,11.5,3.6
36.5,3.8,1,1,5,0,83.9,0.285,578.0,0.45,10,168,28,low,4.9,1.4
63.3,4.6,1,0,7,2,43.7,1.0,1238.0,0.35,8,190,38,medium,5.6,1.6
30.6,4.4,0,0,5,1,87.0,0.555,115.0,0.75,6,195,24,low,4.2,0.1
44.5,0.9,1,0,11,2,100.0,0.383,115.0,0.75,8,195,37,medium,5.6,1.5
69.2,11.5,2,2,7,1,44.3,1.0,870.0,0.45,10,310,45,medium,21.9,15.5
35.6,1.2,1,1,2,0,79.9,0.268,578.0,0.45,4,168,22,low,4.8,1.3
26.0,0.9,1,0,0,0,12.2,0.031,762.0,0.55,11,265,9,low,7.6,2.1
44.3,37.4,2,1,9,1,100.0,0.242,574.0,0.55,7,380,50,medium,31.2,23.2
42.6,58.7,0,0,6,0,100.0,1.0,408.0,0.6,7,240,39,medium,7.1,2.1
6.5,1.1,0,0,0,1,12.3,0.031,115.0,0.75,11,195,7,low,4.1,0.0
46.8,3.4,1,1,1,1,13.9,0.043,578.0,0.45,3,168,17,low,4.9,1.4
68.5,9.1,1,1,3,2,49.6,0.798,961.0,0.35,4,390,35,medium,11.7,3.5
38.8,14.4,2,0,9,3,100.0,0.51,515.0,0.65,8,190,46,medium,13.6,9.7
40.8,0.6,1,1,1,1,15.2,0.01,574.0,0.55,12,380,19,low,10.9,3.0
16.0,0.2,0,0,0,0,14.0,0.02,40.0,0.75,11,310,1,low,6.5,0.0
13.9,3.1,0,0,0,0,14.9,0.022,102.0,0.7,2,270,6,low,5.7,0.1
39.5,1.4,1,0,9,1,100.0,0.259,502.0,0.6,6,270,29,low,7.8,2.1
38.0,15.0,0,0,6,2,31.2,1.0,775.0,0.5,4,245,31,medium,5.5,0.4
38.0,23.8,0,0,4,2,100.0,0.415,408.0,0.6,5,240,31,medium,5.7,0.7
54.0,0.6,1,0,3,3,24.3,0.924,1238.0,0.35,10,190,33,medium,5.4,1.5
47.8,8.5,0,0,4,0,35.1,1.0,750.0,0.5,8,340,21,low,7.4,0.3
54.1,2.0,2,2,0,2,6.2,0.168,870.0,0.45,2,310,34,medium,20.9,14.4
46.6,7.5,1,0,1,0,13.8,0.036,762.0,0.55,3,265,15,low,7.9,2.3
45.3,21.5,1,1,11,1,100.0,0.384,594.0,0.5,9,440,47,medium,14.1,4.9
42.8,0.0,0,0,0,3,7.0,0.1,422.0,0.65,12,485,17,low,10.1,0.0
38.8,1.0,0,0,0,1,13.3,0.041,688.0,0.6,2,210,12,low,4.4,0.0
22.7,16.1,0,0,4,0,100.0,0.526,115.0,0.75,8,195,21,low,4.4,0.4
50.6,2.0,0,0,5,0,83.1,0.525,797.0,0.4,8,74,20,low,1.6,0.0
26.2,5.1,0,0,4,1,92.6,0.147,790.0,0.55,10,98,24,low,2.1,0.1
57.9,10.0,1,0,6,0,48.0,1.0,1238.0,0.35,8,190,29,low,5.7,1.8
33.4,19.4,0,0,9,2,100.0,0.372,790.0,0.55,8,98,36,medium,2.3,0.2
74.8,4.0,0,0,1,2,4.3,0.154,1438.0,0.4,2,85,22,low,1.8,0.0
17.3,8.9,0,0,0,0,16.5,0.024,102.0,0.7,3,270,8,low,5.9,0.3
58.2,1.0,2,2,1,0,6.1,0.164,870.0,0.45,11,310,25,low,20.8,14.3
23.9,1.8,0,0,0,3,12.4,0.031,115.0,0.75,2,195,8,low,4.1,0.0
44.9,0.4,1,1,2,0,13.1,0.04,578.0,0.45,11,168,18,low,4.8,1.3
0.0,49.0,0,0,11,2,100.0,0.556,202.0,0.7,6,330,41,medium,9.1,2.2
39.5,3.7,0,0,5,2,90.3,0.142,790.0,0.55,10,98,26,low,2.1,0.0
31.8,6.0,0,0,1,0,9.0,0.046,115.0,0.75,3,195,6,low,4.2,0.1
17.4,4.8,0,0,3,1,85.4,0.291,20.0,0.8,4,320,21,low,6.8,0.2
25.0,3.8,1,1,0,1,16.1,0.011,574.0,0.55,1,380,17,low,11.1,3.1
45.8,1.3,1,0,1,1,12.3,0.031,762.0,0.55,1,265,22,low,7.6,2.1
53.5,3.4,2,2,7,1,38.4,1.0,870.0,0.45,5,310,46,medium,21.0,14.6
58.8,15.9,2,1,15,2,39.5,1.0,1117.0,0.35,6,145,52,medium,10.5,7.5
61.8,0.1,1,1,1,0,7.0,0.1,961.0,0.35,11,390,14,low,11.1,3.0
6.8,17.8,0,0,1,2,19.0,0.029,40.0,0.75,3,310,10,low,7.1,0.6
4.1,0.1,0,0,1,1,14.0,0.02,68.0,0.85,12,175,5,low,3.6,0.0
66.7,2.4,2,2,3,1,62.8,1.0,870.0,0.45,7,310,35,medium,20.9,14.5
63.1,0.5,0,0,0,1,8.1,0.041,797.0,0.4,1,74,11,low,1.5,0.0
43.0,2.0,1,1,0,0,6.2,0.168,550.0,0.5,12,110,17,low,3.2,0.9
58.2,4.4,1,1,9,2,43.5,1.0,1238.0,0.35,9,190,38,medium,5.6,1.6
19.3,0.0,0,0,0,0,8.0,0.04,115.0,0.75,12,195,5,low,4.1,0.0
30.6,0.0,0,0,2,0,4.0,0.14,775.0,0.5,12,245,7,low,5.1,0.0
52.3,19.9,2,1,4,0,100.0,0.749,578.0,0.45,8,168,44,medium,12.4,8.9
56.2,0.3,0,0,0,0,3.0,0.171,750.0,0.5,11,340,13,low,7.1,0.0
52.4,2.5,2,1,13,0,63.0,1.0,1041.0,0.3,9,200,43,medium,13.5,9.3
29.0,0.8,1,0,0,0,12.2,0.031,515.0,0.65,2,190,13,low,5.5,1.5
42.3,3.3,1,0,10,2,100.0,0.406,802.0,0.6,6,270,39,medium,7.8,2.2
44.8,0.5,0,0,1,2,13.1,0.04,688.0,0.6,2,210,14,low,4.4,0.0
19.1,0.8,0,0,1,0,14.2,0.02,68.0,0.85,12,175,5,low,3.7,0.0
65.8,16.9,0,0,4,0,32.1,1.0,1438.0,0.4,10,85,23,low,1.9,0.2
56.5,2.1,1,1,3,2,7.3,0.105,961.0,0.35,11,390,25,low,11.3,3.1
14.0,17.1,0,0,6,0,100.0,0.186,35.0,0.85,10,550,24,low,12.5,1.1
48.8,11.9,1,0,3,3,89.1,0.253,515.0,0.65,4,190,36,medium,5.8,1.8
27.0,4.2,0,0,1,0,15.2,0.022,202.0,0.7,3,330,8,low,7.0,0.1
34.9,0.7,0,0,0,1,14.2,0.02,202.0,0.7,1,330,5,low,6.9,0.0
43.4,1.2,1,0,2,0,79.9,0.268,488.0,0.55,4,140,24,low,4.0,1.1
28.7,19.4,1,0,8,2,100.0,0.371,202.0,0.7,7,330,38,medium,10.4,3.6
20.0,8.4,0,0,1,2,49.1,0.787,422.0,0.65,4,485,19,low,10.5,0.4
22.3,0.8,0,0,6,2,61.0,0.53,215.0,0.75,10,280,26,low,5.9,0.0
25.1,8.1,0,0,0,2,48.8,0.781,422.0,0.65,5,485,17,low,10.5,0.4
25.6,9.1,1,0,7,0,100.0,0.307,502.0,0.6,8,270,28,low,8.1,2.5
22.2,0.5,0,0,3,0,72.7,0.197,802.0,0.6,4,270,17,low,5.6,0.0
50.0,0.8,1,1,1,0,13.2,0.041,578.0,0.45,12,168,15,low,4.8,1.3
33.6,2.2,0,0,4,0,87.8,0.137,102.0,0.7,4,270,17,low,5.7,0.1
69.0,17.5,1,1,8,0,48.6,1.0,1041.0,0.3,4,200,41,medium,6.3,2.1
78.6,2.7,1,0,2,1,38.0,1.0,1197.0,0.3,10,180,33,medium,5.2,1.5
68.5,12.3,1,0,3,1,44.8,1.0,1197.0,0.3,4,180,31,medium,5.5,1.7
35.9,1.5,0,0,0,0,4.1,0.145,775.0,0.5,12,245,9,low,5.1,0.0
0.0,0.1,0,0,1,2,14.0,0.02,68.0,0.85,11,175,6,low,3.6,0.0
23.6,9.1,0,0,0,2,92.2,0.319,20.0,0.8,5,320,17,low,7.0,0.3
22.6,0.3,0,0,0,0,14.1,0.02,102.0,0.7,1,270,5,low,5.6,0.0
35.4,1.4,0,0,0,0,4.1,0.145,775.0,0.5,12,245,5,low,5.1,0.0
60.2,2.2,1,1,1,1,3.1,0.179,1117.0,0.35,2,145,19,low,4.2,1.2
49.4,0.5,0,0,1,3,3.0,0.172,750.0,0.5,1,340,18,low,7.1,0.0
25.3,63.6,0,0,9,3,100.0,0.647,202.0,0.7,6,330,50,medium,10.1,3.2
69.4,1.7,1,0,0,1,4.1,0.146,1238.0,0.35,12,190,18,low,5.5,1.5
34.6,4.5,0,0,4,0,91.6,0.145,102.0,0.7,10,270,21,low,5.8,0.1
71.5,75.7,1,1,6,3,100.0,1.0,1041.0,0.3,8,200,69,high,9.2,5.0
74.4,57.7,2,0,7,1,86.2,1.0,1238.0,0.35,8,190,52,medium,17.8,13.8
47.2,5.8,1,1,5,1,87.0,0.298,578.0,0.45,4,168,28,low,4.9,1.4
13.3,0.5,0,0,1,0,14.2,0.02,40.0,0.75,12,310,6,low,6.5,0.0
60.9,16.4,1,1,5,2,93.0,1.0,961.0,0.35,8,390,41,medium,12.1,4.0
44.4,3.0,1,0,9,1,84.8,0.537,470.0,0.55,8,215,41,medium,6.2,1.8
25.8,15.8,0,0,0,2,15.8,0.042,115.0,0.75,3,195,7,low,4.4,0.3
69.1,70.7,0,0,9,3,100.0,1.0,797.0,0.4,7,74,55,medium,2.4,0.8
74.8,18.7,1,1,8,2,82.5,1.0,1041.0,0.3,7,200,53,medium,6.3,2.1
9.6,4.6,1,0,8,2,87.3,0.557,470.0,0.55,6,215,31,medium,6.3,1.8
34.4,6.2,0,0,1,1,13.5,0.035,802.0,0.6,3,270,18,low,5.8,0.2
40.1,7.8,0,0,8,0,83.2,0.233,802.0,0.6,4,270,26,low,5.9,0.2
62.7,14.2,1,0,9,1,100.0,0.678,470.0,0.55,8,215,37,medium,6.6,2.1
50.4,15.1,0,0,10,1,100.0,0.344,790.0,0.55,8,98,39,medium,2.2,0.2
35.0,10.3,1,1,2,0,43.4,1.0,550.0,0.5,4,110,21,low,3.3,1.0
23.2,25.2,1,0,7,3,100.0,1.0,215.0,0.75,7,280,43,medium,9.2,3.3
29.8,0.3,0,0,3,0,10.1,0.081,215.0,0.75,11,280,4,low,5.8,0.0
13.6,6.3,0,0,0,3,15.8,0.023,35.0,0.85,2,550,13,low,11.8,0.4
31.3,26.4,0,0,5,0,64.2,1.0,422.0,0.65,10,485,26,low,11.6,1.5
43.5,10.1,1,0,11,3,100.0,0.626,688.0,0.6,9,210,44,medium,6.3,1.9
13.2,9.2,0,1,7,1,94.7,0.615,115.0,0.75,8,195,33,medium,4.3,0.2
37.2,29.8,1,0,8,2,100.0,0.654,762.0,0.55,6,265,49,medium,8.9,3.4
51.9,7.6,1,1,5,0,20.7,1.0,1117.0,0.35,10,145,27,low,4.3,1.3
40.6,4.3,2,1,11,2,100.0,0.415,515.0,0.65,9,190,46,medium,12.9,9.0
52.0,55.0,1,1,4,1,100.0,0.89,515.0,0.65,6,190,43,medium,7.5,3.5
29.6,28.2,0,0,6,1,100.0,0.426,790.0,0.55,8,98,27,low,2.4,0.3
74.4,0.5,1,1,0,0,6.1,0.162,1041.0,0.3,12,200,20,low,5.7,1.6
79.2,1.6,1,1,1,3,6.2,0.166,1041.0,0.3,11,200,33,medium,5.8,1.6
32.8,4.8,0,0,2,1,46.1,0.728,422.0,0.65,5,485,19,low,10.4,0.2
57.2,0.6,0,0,0,0,4.0,0.142,1438.0,0.4,12,85,12,low,1.8,0.0
32.6,2.0,1,0,10,2,100.0,0.394,515.0,0.65,6,190,34,medium,5.5,1.5
40.7,0.4,1,0,1,1,13.1,0.04,488.0,0.55,12,140,11,low,4.0,1.1
56.6,0.9,0,0,9,1,79.5,0.266,688.0,0.6,4,210,25,low,4.4,0.0
10.2,1.1,0,0,1,0,7.2,0.103,422.0,0.65,1,485,2,low,10.2,0.1
0.0,25.1,1,0,7,2,100.0,0.407,35.0,0.85,7,550,35,medium,18.0,6.5
17.8,2.7,0,0,5,2,100.0,0.267,202.0,0.7,9,330,23,low,7.0,0.1
38.3,0.5,1,1,1,1,6.1,0.162,550.0,0.5,2,110,17,low,3.2,0.9
41.1,15.6,1,1,5,2,100.0,0.361,578.0,0.45,5,168,43,medium,5.2,1.7
63.6,0.2,1,0,1,1,4.0,0.141,1238.0,0.35,1,190,20,low,5.4,1.5
50.9,1.7,1,0,0,0,13.5,0.042,488.0,0.55,11,140,13,low,4.0,1.1
51.3,5.0,0,0,6,1,26.4,1.0,775.0,0.5,10,245,26,low,5.2,0.1
1.6,1.8,0,0,3,3,74.6,0.204,115.0,0.75,5,195,22,low,4.1,0.0
43.1,0.6,1,0,7,2,100.0,1.0,215.0,0.75,6,280,37,medium,8.0,2.2
39.4,0.6,1,1,7,1,79.0,0.264,578.0,0.45,10,168,34,medium,4.8,1.3
53.1,2.6,1,0,0,0,6.3,0.17,1197.0,0.3,12,180,17,low,5.2,1.5
25.6,15.3,1,1,4,1,100.0,0.691,578.0,0.45,9,168,37,medium,5.2,1.7
51.9,1.3,1,0,11,3,82.1,0.517,797.0,0.4,7,74,43,medium,2.1,0.6
60.9,3.2,2,2,1,0,38.3,1.0,870.0,0.45,5,310,37,medium,21.0,14.5
76.4,1.5,1,0,1,0,6.2,0.166,1197.0,0.3,1,180,18,low,5.2,1.4
1.3,0.2,0,0,0,0,8.0,0.04,115.0,0.75,2,195,1,low,4.1,0.0
16.7,10.8,0,1,7,2,100.0,0.477,115.0,0.75,8,195,27,low,4.3,0.2
51.1,4.9,0,0,6,1,33.0,1.0,750.0,0.5,6,340,24,low,7.3,0.2
37.7,3.5,1,1,4,2,38.5,1.0,550.0,0.5,4,110,33,medium,3.2,0.9
54.3,3.0,1,1,4,0,44.5,0.698,961.0,0.35,5,390,33,medium,11.3,3.2
32.7,5.6,1,0,7,0,100.0,0.427,515.0,0.65,6,190,31,medium,5.6,1.6
50.3,82.1,1,1,6,0,100.0,1.0,1041.0,0.3,9,200,54,medium,9.7,5.5
38.5,15.2,0,0,6,1,100.0,0.69,797.0,0.4,9,74,30,low,1.7,0.1
64.0,30.1,2,1,7,2,96.2,1.0,1041.0,0.3,7,200,56,medium,15.7,11.5
20.2,0.8,0,0,0,0,14.2,0.02,40.0,0.75,11,310,5,low,6.5,0.0
0.0,18.4,0,0,6,2,100.0,0.365,40.0,0.75,9,310,25,low,7.1,0.7
23.4,9.0,1,0,14,0,100.0,0.459,515.0,0.65,8,190,33,medium,5.7,1.7
14.7,3.3,0,0,0,1,12.8,0.032,115.0,0.75,2,195,3,low,4.1,0.1
51.6,1.3,0,0,0,2,13.3,0.041,688.0,0.6,2,210,16,low,4.4,0.0
33.5,11.2,0,0,12,1,49.0,1.0,775.0,0.5,6,245,34,medium,5.4,0.3
10.8,17.7,0,0,11,0,100.0,0.361,102.0,0.7,8,270,25,low,6.2,0.5
31.3,1.5,0,0,2,2,8.2,0.041,115.0,0.75,11,195,11,low,4.1,0.0
27.7,16.5,0,0,11,3,100.0,0.53,115.0,0.75,9,195,36,medium,4.4,0.4
40.7,0.1,0,0,0,0,3.0,0.17,750.0,0.5,3,340,9,low,7.1,0.0
9.6,10.3,0,0,1,0,94.1,0.327,20.0,0.8,4,320,11,low,7.0,0.4
18.1,0.7,0,0,0,1,14.2,0.02,790.0,0.55,1,98,9,low,2.0,0.0
40.9,3.2,2,0,5,1,100.0,0.54,488.0,0.55,8,140,35,medium,9.5,6.6
42.2,0.1,1,0,0,3,13.0,0.04,488.0,0.55,3,140,19,low,4.0,1.1
30.0,0.0,1,0,12,1,100.0,0.375,515.0,0.65,9,190,33,medium,5.4,1.5
37.9,1.7,1,0,0,1,8.3,0.042,470.0,0.55,1,215,16,low,6.2,1.7
61.8,8.4,1,0,8,2,70.1,1.0,1197.0,0.3,8,180,40,medium,5.4,1.6
13.5,10.6,0,0,3,1,96.9,0.632,115.0,0.75,9,195,23,low,4.3,0.2
19.0,13.5,0,0,2,0,100.0,0.174,40.0,0.75,4,310,17,low,6.9,0.5
38.6,2.8,0,0,2,0,10.6,0.086,215.0,0.75,1,280,9,low,5.9,0.1
37.0,4.3,0,0,3,2,91.3,0.144,202.0,0.7,10,330,22,low,7.0,0.2
45.6,5.0,1,0,0,0,11.0,0.09,250.0,0.6,3,230,19,low,6.7,1.9
24.2,19.4,1,1,5,2,100.0,0.557,115.0,0.75,9,195,41,medium,6.2,2.1
75.9,48.0,1,0,6,1,70.6,1.0,1197.0,0.3,5,180,48,medium,6.8,3.0
33.6,3.4,2,0,8,1,100.0,1.0,250.0,0.6,7,230,43,medium,15.6,10.8
8.9,11.1,0,0,5,3,100.0,0.638,20.0,0.8,6,320,30,low,7.1,0.4
42.0,1.8,1,0,0,1,8.3,0.042,470.0,0.55,2,215,15,low,6.2,1.7
44.8,2.4,0,0,1,1,3.1,0.18,750.0,0.5,1,340,11,low,7.2,0.1
12.5,7.9,1,0,11,0,100.0,1.0,250.0,0.6,7,230,37,medium,6.8,2.0
40.9,0.5,0,0,0,2,8.1,0.04,797.0,0.4,2,74,14,low,1.5,0.0
34.6,13.8,0,0,7,2,99.5,0.35,408.0,0.6,4,240,34,medium,5.4,0.4
66.6,0.6,2,2,0,1,6.1,0.162,870.0,0.45,12,310,29,low,20.7,14.3
53.0,10.0,2,2,12,2,72.0,1.0,870.0,0.45,6,310,56,medium,21.8,15.3
29.4,2.0,1,0,5,2,81.2,0.273,488.0,0.55,10,140,30,low,4.0,1.1
19.7,3.1,0,0,5,1,82.8,0.28,20.0,0.8,4,320,19,low,6.8,0.1
48.1,1.5,2,2,1,0,6.2,0.166,870.0,0.45,1,310,21,low,20.8,14.4
51.3,8.7,0,0,5,3,100.0,0.457,802.0,0.6,6,270,38,medium,5.9,0.3
42.8,2.5,0,0,0,0,8.4,0.042,797.0,0.4,12,74,8,low,1.6,0.0
43.8,1.4,1,0,6,2,49.3,0.269,470.0,0.55,10,215,30,low,6.2,1.7
26.4,4.3,0,0,6,1,100.0,1.0,215.0,0.75,8,280,27,low,6.0,0.1
38.5,1.0,0,0,0,1,13.3,0.041,688.0,0.6,2,210,14,low,4.4,0.0
0.0,0.8,0,0,1,1,14.2,0.02,68.0,0.85,1,175,8,low,3.7,0.0
3.0,11.1,0,0,1,3,100.0,0.166,68.0,0.85,5,175,22,low,3.9,0.2
64.3,40.2,2,2,5,2,100.0,1.0,870.0,0.45,8,310,61,high,25.9,19.4
49.0,1.0,1,0,1,0,12.2,0.031,762.0,0.55,2,265,15,low,7.6,2.1
19.7,10.3,0,0,0,0,15.7,0.05,408.0,0.6,11,240,11,low,5.3,0.3
74.4,0.0,1,1,1,2,3.0,0.17,1117.0,0.35,12,145,27,low,4.1,1.1
13.2,42.9,0,0,3,1,100.0,0.269,102.0,0.7,5,270,25,low,7.2,1.5
43.7,42.6,0,0,3,2,100.0,0.269,790.0,0.55,5,98,35,medium,2.6,0.6
53.0,23.6,0,1,1,0,100.0,0.207,594.0,0.5,5,440,33,medium,10.4,1.2
66.9,11.9,1,1,2,0,52.0,0.843,961.0,0.35,4,390,31,medium,11.8,3.7
19.3,17.9,0,0,7,0,100.0,0.362,790.0,0.55,8,98,21,low,2.2,0.2
35.6,15.9,0,0,7,2,100.0,0.699,688.0,0.6,8,210,33,medium,4.8,0.4
38.9,2.9,1,1,4,0,38.1,1.0,550.0,0.5,5,110,27,low,3.2,0.9
12.3,2.2,0,0,0,2,7.3,0.106,422.0,0.65,2,485,7,low,10.2,0.1
20.3,0.8,0,0,3,0,73.1,0.199,115.0,0.75,4,195,18,low,4.1,0.0
43.4,0.4,0,0,1,0,8.1,0.04,797.0,0.4,1,74,4,low,1.5,0.0
63.9,24.4,1,1,4,3,44.6,1.0,1117.0,0.35,8,145,47,medium,4.7,1.7
13.7,5.7,0,0,2,0,15.6,0.023,40.0,0.75,11,310,1,low,6.6,0.2
47.4,0.3,1,1,0,0,6.0,0.161,550.0,0.5,12,110,18,low,3.1,0.9
29.8,0.2,0,0,2,2,42.1,0.653,422.0,0.65,4,485,12,low,10.1,0.0
32.2,2.0,0,0,0,0,14.5,0.021,790.0,0.55,11,98,9,low,2.1,0.0
29.5,33.2,1,1,1,1,100.0,0.476,578.0,0.45,4,168,34,medium,5.8,2.3
13.0,1.6,0,0,1,0,14.5,0.021,68.0,0.85,11,175,7,low,3.7,0.0
52.5,16.3,2,1,10,1,39.8,1.0,1117.0,0.35,9,145,44,medium,10.5,7.5
34.8,2.9,1,0,0,2,13.8,0.043,488.0,0.55,12,140,19,low,4.1,1.1
35.2,2.6,1,0,2,0,88.4,0.138,502.0,0.6,5,270,24,low,7.8,2.2
65.3,2.7,1,1,8,2,42.2,1.0,1238.0,0.35,8,190,40,medium,5.5,1.5
52.8,0.2,1,0,0,3,4.0,0.141,1238.0,0.35,11,190,20,low,5.4,1.5
30.4,15.7,0,0,12,1,100.0,0.522,115.0,0.75,6,195,38,medium,4.4,0.3
28.2,5.4,0,0,1,1,79.8,0.222,802.0,0.6,10,270,18,low,5.8,0.2
46.1,25.6,1,1,3,0,100.0,1.0,961.0,0.35,6,390,41,medium,12.8,4.7
15.5,1.4,0,0,0,1,10.3,0.083,215.0,0.75,11,280,8,low,5.9,0.0
59.5,40.9,2,1,11,1,72.7,1.0,1238.0,0.35,7,190,63,high,15.9,12.0
31.8,7.7,1,0,6,2,100.0,0.447,515.0,0.65,6,190,36,medium,5.6,1.7
56.5,3.9,0,0,6,0,32.3,1.0,750.0,0.5,9,340,25,low,7.2,0.1
12.9,34.1,0,1,3,3,100.0,0.463,40.0,0.75,6,310,32,medium,7.8,1.3
17.9,16.2,0,0,6,0,95.3,0.274,115.0,0.75,10,195,21,low,4.4,0.4
34.7,2.9,1,0,2,0,76.2,0.209,762.0,0.55,10,265,23,low,7.7,2.2
32.3,0.3,0,0,0,0,13.1,0.04,408.0,0.6,12,240,5,low,5.0,0.0
17.0,1.7,0,0,0,3,8.3,0.042,115.0,0.75,2,195,6,low,4.1,0.0
16.1,20.9,0,0,4,0,100.0,0.381,40.0,0.75,9,310,24,low,7.2,0.8
46.7,0.1,1,0,0,0,12.0,0.03,762.0,0.55,12,265,17,low,7.6,2.1
48.7,42.8,0,0,11,2,74.3,1.0,1438.0,0.4,8,85,44,medium,2.3,0.5
70.7,5.9,1,1,7,2,44.7,1.0,1238.0,0.35,9,190,43,medium,5.6,1.6
47.9,0.0,1,0,8,1,48.0,0.26,470.0,0.55,4,215,27,low,6.1,1.7
22.9,1.6,0,0,1,2,8.2,0.042,115.0,0.75,12,195,12,low,4.1,0.0
9.3,5.2,0,0,5,1,92.8,0.147,35.0,0.85,4,550,19,low,11.8,0.3
80.0,1.3,1,1,0,2,7.2,0.103,961.0,0.35,3,390,25,low,11.2,3.1
53.4,0.1,1,1,1,0,13.0,0.04,578.0,0.45,12,168,16,low,4.8,1.3
57.7,4.5,1,0,1,1,10.9,0.089,250.0,0.6,2,230,19,low,6.7,1.9
23.4,0.4,0,0,0,3,14.1,0.02,102.0,0.7,12,270,16,low,5.6,0.0
30.8,6.9,0,0,6,1,100.0,0.587,688.0,0.6,7,210,25,low,4.5,0.2
26.8,28.3,0,0,2,0,100.0,0.222,35.0,0.85,4,550,20,low,13.3,1.9
26.3,30.1,0,0,5,0,100.0,0.228,790.0,0.55,5,98,23,low,2.4,0.4
38.9,5.3,0,0,1,0,13.3,0.034,802.0,0.6,11,270,13,low,5.8,0.2
12.4,51.2,0,0,6,1,100.0,1.0,20.0,0.8,8,320,33,medium,9.0,2.3
33.8,0.8,0,0,0,1,4.1,0.143,775.0,0.5,11,245,11,low,5.1,0.0
65.9,17.4,2,2,5,1,80.8,1.0,870.0,0.45,6,310,48,medium,22.6,16.2
79.2,10.8,1,1,2,1,21.9,1.0,1117.0,0.35,10,145,34,medium,4.4,1.4
22.4,1.3,0,0,0,1,7.2,0.103,422.0,0.65,11,485,4,low,10.2,0.1
2.5,6.1,0,0,1,1,15.7,0.023,40.0,0.75,11,310,5,low,6.7,0.2
20.4,10.6,1,0,10,0,100.0,0.316,40.0,0.75,8,310,30,low,9.4,2.9
23.2,3.0,0,0,10,2,74.2,1.0,422.0,0.65,7,485,32,medium,10.3,0.2
61.8,1.2,1,1,1,1,3.1,0.175,1117.0,0.35,12,145,21,low,4.2,1.1
35.9,0.3,0,0,1,1,4.0,0.141,775.0,0.5,11,245,8,low,5.1,0.0
26.4,0.1,0,0,7,1,100.0,0.25,790.0,0.55,7,98,23,low,2.0,0.0
7.3,20.5,0,0,6,0,100.0,0.378,202.0,0.7,8,330,20,low,7.7,0.8
29.3,0.9,0,0,1,2,13.2,0.041,688.0,0.6,12,210,16,low,4.4,0.0
3.8,15.4,1,0,5,1,100.0,0.346,35.0,0.85,8,550,30,low,17.0,5.6
42.6,1.4,0,0,1,0,7.2,0.104,422.0,0.65,1,485,12,low,10.2,0.1
38.9,8.6,0,0,1,1,21.1,1.0,750.0,0.5,4,340,15,low,7.4,0.3
16.8,1.4,0,0,2,1,14.4,0.021,35.0,0.85,1,550,8,low,11.5,0.1
23.5,14.1,1,1,7,2,100.0,0.338,790.0,0.55,9,98,30,low,3.0,1.0
69.1,6.3,1,1,7,1,47.3,0.753,961.0,0.35,5,390,37,medium,11.5,3.4
68.3,6.9,0,0,8,0,91.1,0.587,797.0,0.4,9,74,35,medium,1.6,0.1
34.4,3.0,0,1,2,1,14.8,0.022,594.0,0.5,12,440,15,low,9.3,0.1
6.4,6.5,0,1,9,0,100.0,0.436,802.0,0.6,8,270,26,low,5.8,0.2
56.7,1.9,1,0,7,0,37.4,1.0,1197.0,0.3,10,180,34,medium,5.2,1.4
40.4,6.4,0,1,2,0,15.8,0.023,594.0,0.5,11,440,12,low,9.5,0.3
21.3,0.0,0,0,3,1,84.1,0.13,102.0,0.7,4,270,20,low,5.6,0.0
46.8,0.3,0,0,1,0,13.1,0.04,688.0,0.6,1,210,5,low,4.4,0.0
46.2,15.0,0,0,7,0,100.0,0.516,802.0,0.6,7,270,27,low,6.1,0.5
65.6,4.0,0,0,1,1,4.3,0.154,1438.0,0.4,11,85,13,low,1.8,0.0
15.8,11.2,0,0,5,2,73.5,0.666,215.0,0.75,4,280,27,low,6.2,0.3
36.8,2.6,0,1,0,0,14.7,0.021,594.0,0.5,2,440,14,low,9.3,0.1
54.4,2.0,1,0,0,3,12.5,0.032,515.0,0.65,12,190,23,low,5.5,1.5
27.5,29.2,0,0,4,2,100.0,0.433,790.0,0.55,8,98,38,medium,2.4,0.3
80.1,0.3,1,1,1,2,3.0,0.171,1117.0,0.35,1,145,28,low,4.1,1.1
57.1,3.1,1,0,0,1,4.2,0.151,1238.0,0.35,11,190,14,low,5.5,1.6
17.4,17.5,0,0,8,1,100.0,0.719,115.0,0.75,8,195,35,medium,4.5,0.4
60.6,1.4,1,1,1,0,3.1,0.176,1117.0,0.35,2,145,19,low,4.2,1.2
0.0,3.0,0,0,0,0,13.8,0.043,20.0,0.8,11,320,0,low,6.8,0.1
50.7,29.6,1,0,13,3,100.0,0.87,470.0,0.55,9,215,54,medium,7.2,2.7
30.6,8.4,1,0,2,0,14.0,0.036,515.0,0.65,2,190,23,low,5.7,1.7
42.2,0.2,0,0,3,0,84.3,0.131,202.0,0.7,10,330,14,low,6.9,0.0
52.6,43.5,1,1,10,2,100.0,1.0,578.0,0.45,8,168,57,medium,6.1,2.6
10.6,11.4,0,0,9,2,100.0,0.643,20.0,0.8,8,320,35,medium,7.1,0.4
23.1,1.2,0,0,2,1,73.7,0.201,802.0,0.6,10,270,12,low,5.7,0.0
27.7,1.4,0,0,1,0,86.4,0.135,40.0,0.75,4,310,8,low,6.5,0.0
49.4,4.8,2,2,0,2,6.6,0.179,870.0,0.45,3,310,28,low,21.2,14.7
46.9,1.1,1,0,0,0,8.2,0.041,470.0,0.55,1,215,11,low,6.2,1.7
32.3,1.5,1,0,0,0,10.3,0.083,250.0,0.6,1,230,7,low,6.6,1.8
29.4,0.9,1,1,5,1,36.7,1.0,550.0,0.5,10,110,29,low,3.2,0.9
56.1,5.5,2,2,0,0,6.7,0.182,870.0,0.45,3,310,29,low,21.2,14.8
40.7,13.1,1,0,3,0,100.0,0.664,688.0,0.6,8,210,26,low,6.4,2.0
35.5,3.1,0,0,6,0,74.3,1.0,422.0,0.65,8,485,24,low,10.3,0.2
52.2,0.6,1,0,5,2,81.0,0.508,797.0,0.4,9,74,35,medium,2.1,0.6
5.3,1.7,0,0,0,1,14.5,0.021,102.0,0.7,3,270,13,low,5.7,0.0
18.9,1.8,1,0,0,2,10.4,0.084,250.0,0.6,3,230,10,low,6.6,1.8
4.8,0.3,1,1,7,3,100.0,0.252,102.0,0.7,8,270,33,medium,7.7,2.1
36.9,3.4,1,0,6,1,76.9,0.211,762.0,0.55,4,265,28,low,7.7,2.2
16.7,2.8,0,0,0,0,8.5,0.043,115.0,0.75,11,195,1,low,4.1,0.1
49.3,1.6,1,0,5,1,80.4,0.27,488.0,0.55,5,140,25,low,4.0,1.1
57.9,2.3,1,1,1,2,3.1,0.18,1117.0,0.35,1,145,26,low,4.2,1.2
27.2,0.8,1,0,1,0,8.1,0.041,470.0,0.55,1,215,11,low,6.2,1.7
62.4,15.0,1,0,7,3,52.0,1.0,1238.0,0.35,7,190,45,medium,5.9,1.9
22.7,3.2,1,0,2,3,13.8,0.043,488.0,0.55,12,140,26,low,4.1,1.1
43.5,2.4,0,0,2,3,44.0,0.689,422.0,0.65,10,485,24,low,10.2,0.1
25.7,11.8,2,0,4,2,100.0,1.0,250.0,0.6,7,230,38,medium,16.3,11.5
51.4,1.6,1,0,3,1,74.4,0.203,762.0,0.55,4,265,27,low,7.6,2.1
76.9,22.1,1,0,8,1,86.6,1.0,1197.0,0.3,8,180,45,medium,5.8,2.0
17.9,3.6,1,0,7,0,100.0,0.273,790.0,0.55,7,98,27,low,2.9,0.8
20.2,1.3,0,0,0,0,12.3,0.031,115.0,0.75,11,195,8,low,4.1,0.0
33.1,31.2,2,1,5,2,97.5,1.0,550.0,0.5,7,110,46,medium,8.7,6.4
48.5,82.3,0,0,3,2,63.5,1.0,1438.0,0.4,5,85,42,medium,3.0,1.2
70.1,8.9,1,1,7,2,42.4,1.0,1041.0,0.3,5,200,39,medium,6.0,1.8
22.3,7.6,0,0,5,2,80.6,1.0,422.0,0.65,9,485,31,medium,10.5,0.4
50.2,10.2,1,0,6,2,100.0,0.471,515.0,0.65,8,190,38,medium,5.7,1.8
53.5,2.7,0,0,8,2,42.1,1.0,1438.0,0.4,9,85,31,medium,1.8,0.0
3.2,0.9,0,0,0,0,13.2,0.041,20.0,0.8,11,320,0,low,6.7,0.0
54.6,27.8,1,1,2,1,56.0,1.0,550.0,0.5,5,110,37,medium,3.6,1.4
47.5,9.4,2,0,5,1,100.0,0.618,488.0,0.55,6,140,37,medium,9.8,6.9
38.7,3.8,0,0,2,0,84.0,0.285,688.0,0.6,10,210,21,low,4.5,0.1
45.2,2.5,2,2,4,2,37.8,1.0,870.0,0.45,4,310,47,medium,20.9,14.5
38.5,1.2,1,1,1,1,15.4,0.01,574.0,0.55,11,380,23,low,10.9,3.0
8.5,11.3,0,0,2,1,95.6,0.333,20.0,0.8,10,320,18,low,7.1,0.4
51.1,9.3,1,1,3,2,92.5,0.32,578.0,0.45,10,168,39,medium,5.0,1.5
30.1,1.7,1,0,1,0,12.4,0.031,515.0,0.65,12,190,10,low,5.5,1.5
66.3,0.0,1,0,0,1,4.0,0.14,1238.0,0.35,12,190,22,low,5.4,1.5
60.5,3.6,1,1,4,2,38.6,1.0,1041.0,0.3,4,200,33,medium,5.8,1.7
41.4,11.8,1,1,0,0,18.6,0.013,574.0,0.55,3,380,21,low,11.5,3.6
65.9,0.4,1,0,1,0,6.1,0.162,1197.0,0.3,11,180,20,low,5.2,1.4
46.8,0.9,0,0,0,2,4.1,0.143,1438.0,0.4,3,85,16,low,1.8,0.0
27.2,38.5,0,0,10,1,100.0,1.0,215.0,0.75,6,280,36,medium,7.2,1.4
42.2,1.6,1,1,0,1,37.2,1.0,550.0,0.5,10,110,25,low,3.2,0.9
56.4,2.7,0,0,0,0,4.2,0.15,1438.0,0.4,3,85,6,low,1.8,0.0
23.5,34.7,0,0,2,0,100.0,0.243,102.0,0.7,5,270,26,low,6.8,1.2
56.7,2.4,0,0,4,0,83.9,0.53,797.0,0.4,9,74,24,low,1.6,0.0
49.3,5.1,1,1,3,3,86.0,0.293,578.0,0.45,5,168,40,medium,4.9,1.4
62.7,12.9,1,1,7,1,88.1,1.0,961.0,0.35,9,390,46,medium,11.9,3.8
26.8,0.6,0,0,7,0,48.6,0.264,115.0,0.75,4,195,18,low,4.1,0.0
61.1,0.8,1,1,0,3,3.1,0.174,1117.0,0.35,11,145,23,low,4.2,1.1
20.8,42.1,1,0,6,1,100.0,0.513,35.0,0.85,8,550,35,medium,19.9,8.4
51.6,10.3,1,0,0,0,14.5,0.038,515.0,0.65,3,190,17,low,5.7,1.8
32.5,0.0,1,0,1,2,14.0,0.02,502.0,0.6,1,270,20,low,7.7,2.1
38.1,6.3,1,1,0,1,6.8,0.185,550.0,0.5,2,110,18,low,3.2,1.0
27.7,4.5,1,1,3,2,6.5,0.178,550.0,0.5,3,110,23,low,3.2,0.9
62.0,17.7,1,1,9,0,24.4,1.0,1117.0,0.35,4,145,39,medium,4.5,1.5
40.1,0.4,1,0,0,0,14.1,0.02,502.0,0.6,1,270,11,low,7.7,2.1
47.3,50.4,1,1,4,1,72.3,1.0,550.0,0.5,5,110,43,medium,4.2,1.9
44.2,0.8,1,0,2,1,79.2,0.265,488.0,0.55,4,140,24,low,4.0,1.1
46.4,26.3,2,1,10,1,91.5,1.0,550.0,0.5,9,110,55,medium,8.4,6.2
20.1,15.1,0,1,5,2,100.0,0.345,790.0,0.55,9,98,31,medium,2.2,0.2
33.6,9.1,1,0,8,2,100.0,0.46,762.0,0.55,7,265,33,medium,7.9,2.4
38.6,2.5,1,0,0,1,12.6,0.032,762.0,0.55,2,265,14,low,7.7,2.1
46.8,24.6,2,1,13,1,89.5,1.0,550.0,0.5,8,110,53,medium,8.4,6.1
16.1,2.7,0,0,4,0,50.6,0.278,115.0,0.75,4,195,10,low,4.1,0.1
38.4,3.8,1,0,0,3,12.9,0.033,762.0,0.55,3,265,15,low,7.7,2.2
30.8,3.2,1,1,0,0,6.4,0.173,550.0,0.5,2,110,14,low,3.2,0.9
54.8,18.3,2,2,8,2,82.0,1.0,870.0,0.45,7,310,57,medium,22.8,16.3
56.9,0.2,0,0,6,0,80.3,0.502,797.0,0.4,8,74,24,low,1.5,0.0
26.4,51.3,0,0,9,1,100.0,0.571,202.0,0.7,7,330,35,medium,9.2,2.4
37.7,2.4,0,0,4,2,50.3,0.275,797.0,0.4,10,74,24,low,1.6,0.0
39.1,3.7,1,0,7,1,100.0,0.273,790.0,0.55,9,98,40,medium,2.9,0.8
28.3,61.2,1,0,5,2,100.0,1.0,215.0,0.75,7,280,43,medium,11.5,5.7
70.9,1.1,1,1,0,1,6.1,0.164,1041.0,0.3,1,200,22,low,5.7,1.6
39.5,26.2,1,0,8,1,100.0,0.827,797.0,0.4,8,74,41,medium,2.4,0.9
8.4,0.0,0,0,3,2,84.0,0.13,102.0,0.7,10,270,16,low,5.6,0.0
37.6,7.1,0,0,0,2,9.1,0.047,797.0,0.4,3,74,18,low,1.6,0.1
44.7,11.2,0,0,2,0,95.4,0.333,408.0,0.6,4,240,25,low,5.3,0.3
26.7,16.0,1,0,2,0,63.4,0.364,470.0,0.55,5,215,29,low,6.7,2.2
78.1,18.1,1,0,5,0,49.1,1.0,1197.0,0.3,4,180,37,medium,5.7,1.9
46.5,2.3,0,0,3,1,7.3,0.106,422.0,0.65,1,485,12,low,10.2,0.1
55.9,4.0,0,0,0,1,14.0,0.044,688.0,0.6,11,210,10,low,4.5,0.1
31.0,0.8,0,0,0,2,3.0,0.173,750.0,0.5,12,340,7,low,7.1,0.0
42.7,0.7,0,0,3,0,48.7,0.264,797.0,0.4,10,74,16,low,1.5,0.0
50.0,3.2,0,0,2,1,8.5,0.043,797.0,0.4,1,74,17,low,1.6,0.0
42.7,13.2,0,0,9,1,37.9,1.0,750.0,0.5,7,340,33,medium,7.6,0.5
43.8,11.8,1,0,5,0,96.5,0.337,488.0,0.55,5,140,26,low,4.3,1.3
21.2,2.8,1,0,14,1,100.0,0.534,20.0,0.8,8,320,42,medium,9.3,2.6
60.5,9.8,1,1,4,1,100.0,0.081,574.0,0.55,10,380,39,medium,11.4,3.5
41.6,7.1,1,1,1,3,14.8,0.047,578.0,0.45,1,168,28,low,5.0,1.5
50.6,2.5,1,0,3,2,4.2,0.149,1238.0,0.35,1,190,20,low,5.5,1.5
32.3,0.3,0,0,1,3,14.1,0.02,202.0,0.7,12,330,12,low,6.9,0.0
16.0,5.8,0,0,3,1,93.7,0.149,202.0,0.7,10,330,15,low,7.1,0.2
20.0,4.0,1,0,1,0,90.7,0.143,502.0,0.6,5,270,14,low,7.9,2.2
9.8,8.3,0,0,5,0,100.0,0.604,20.0,0.8,8,320,24,low,7.0,0.3
54.4,8.6,1,1,1,2,21.1,1.0,1117.0,0.35,5,145,31,medium,4.3,1.3
48.0,1.4,0,0,2,1,74.1,0.202,802.0,0.6,4,270,17,low,5.7,0.0
59.5,3.5,2,0,11,3,100.0,0.408,762.0,0.55,9,265,51,medium,18.0,12.5
41.6,2.0,1,0,2,1,87.3,0.136,502.0,0.6,10,270,25,low,7.8,2.2
19.2,1.8,0,0,4,1,74.7,0.204,802.0,0.6,5,270,19,low,5.7,0.1
63.6,3.4,1,1,0,0,3.2,0.184,1117.0,0.35,3,145,15,low,4.2,1.2
52.7,0.4,1,1,3,2,78.6,0.262,578.0,0.45,10,168,32,medium,4.8,1.3
32.2,0.3,0,0,0,0,14.1,0.02,102.0,0.7,2,270,5,low,5.6,0.0
26.8,18.3,0,0,13,1,100.0,0.547,802.0,0.6,9,270,35,medium,6.2,0.6
62.8,0.7,1,0,1,0,4.1,0.142,1238.0,0.35,12,190,20,low,5.4,1.5
30.4,7.6,0,0,1,2,83.0,0.232,802.0,0.6,4,270,26,low,5.8,0.2
66.2,11.8,1,1,0,2,7.4,0.207,1041.0,0.3,3,200,36,medium,6.1,1.9
30.1,2.7,1,0,0,1,10.5,0.085,250.0,0.6,1,230,16,low,6.7,1.9
44.8,0.3,1,0,7,0,100.0,0.252,502.0,0.6,7,270,27,low,7.7,2.1
26.7,2.7,0,0,0,0,12.6,0.032,115.0,0.75,3,195,6,low,4.1,0.1
69.2,1.0,1,0,1,2,24.5,0.934,1238.0,0.35,10,190,27,low,5.5,1.5
67.8,4.6,1,1,4,1,45.8,0.724,961.0,0.35,4,390,29,low,11.4,3.3
40.3,1.0,0,1,1,0,14.3,0.02,594.0,0.5,12,440,11,low,9.2,0.0
16.5,0.6,0,0,1,3,14.2,0.02,40.0,0.75,2,310,17,low,6.5,0.0
41.7,0.6,1,0,0,0,12.1,0.03,515.0,0.65,1,190,13,low,5.4,1.5
43.0,4.5,2,1,8,1,100.0,0.139,574.0,0.55,8,380,42,medium,25.9,18.0
44.2,0.7,1,0,6,2,81.1,0.508,470.0,0.55,9,215,32,medium,6.2,1.7
53.9,25.0,1,1,11,2,100.0,0.203,574.0,0.55,6,380,45,medium,12.4,4.5
42.2,18.7,1,0,4,1,66.0,0.382,470.0,0.55,5,215,31,medium,6.8,2.3
38.9,0.6,0,0,0,1,8.1,0.041,115.0,0.75,3,195,6,low,4.1,0.0
11.2,3.1,0,0,2,2,10.6,0.086,215.0,0.75,3,280,8,low,5.9,0.1
38.3,3.5,0,0,0,1,13.9,0.044,408.0,0.6,2,240,6,low,5.1,0.1
56.9,23.9,1,0,8,0,35.5,1.0,1238.0,0.35,5,190,32,medium,6.2,2.2
19.9,30.8,0,0,5,1,100.0,0.885,115.0,0.75,7,195,32,medium,4.8,0.7
59.3,33.8,1,1,5,0,100.0,1.0,1041.0,0.3,8,200,42,medium,6.9,2.7
52.4,0.6,1,1,0,2,3.0,0.172,1117.0,0.35,11,145,19,low,4.2,1.1
57.1,4.1,0,0,3,2,19.5,1.0,750.0,0.5,10,340,21,low,7.2,0.1
44.5,2.1,1,0,0,2,12.5,0.032,515.0,0.65,11,190,17,low,5.5,1.5
33.7,8.1,1,0,3,0,55.8,0.313,470.0,0.55,4,215,16,low,6.4,1.9
46.4,4.2,1,0,12,1,100.0,0.553,488.0,0.55,8,140,37,medium,4.1,1.2
53.8,28.3,1,1,8,1,100.0,1.0,961.0,0.35,6,390,49,medium,13.0,4.9
8.9,4.4,0,0,0,0,8.7,0.044,115.0,0.75,1,195,0,low,4.2,0.1
16.1,2.2,0,0,1,3,12.5,0.032,115.0,0.75,11,195,11,low,4.1,0.0
70.0,6.5,2,0,10,1,67.8,1.0,1197.0,0.3,6,180,44,medium,12.4,8.7
53.4,0.3,0,0,0,2,8.1,0.04,797.0,0.4,11,74,17,low,1.5,0.0
25.2,1.0,0,0,3,0,85.7,0.133,102.0,0.7,10,270,15,low,5.7,0.0
27.4,9.3,1,0,5,3,100.0,1.0,250.0,0.6,9,230,40,medium,6.9,2.1
27.3,8.2,0,0,0,0,8.2,0.121,422.0,0.65,2,485,8,low,10.5,0.4
42.9,11.0,1,1,3,3,95.1,0.331,578.0,0.45,5,168,35,medium,5.1,1.6
54.6,0.2,1,0,0,3,12.1,0.03,762.0,0.55,1,265,23,low,7.6,2.1
22.3,0.6,0,0,0,2,12.1,0.03,115.0,0.75,12,195,9,low,4.1,0.0
42.3,1.0,1,1,0,0,6.1,0.164,550.0,0.5,1,110,11,low,3.2,0.9
35.3,2.6,0,0,0,1,13.7,0.043,408.0,0.6,11,240,6,low,5.1,0.1
26.1,2.6,0,0,5,2,100.0,0.266,790.0,0.55,8,98,26,low,2.1,0.0
49.9,10.5,1,1,5,1,84.7,1.0,961.0,0.35,6,390,41,medium,11.8,3.6
38.4,2.2,1,0,4,3,100.0,0.264,502.0,0.6,9,270,34,medium,7.8,2.2
34.9,54.2,1,1,10,0,100.0,1.0,215.0,0.75,7,280,55,medium,11.0,5.1
11.5,1.9,1,0,0,3,10.4,0.084,250.0,0.6,2,230,15,low,6.6,1.8
4.8,23.2,0,0,13,2,100.0,0.593,115.0,0.75,7,195,36,medium,4.6,0.5
44.8,1.3,1,1,2,0,6.2,0.165,550.0,0.5,3,110,22,low,3.2,0.9
39.4,9.4,1,1,1,1,15.5,0.049,578.0,0.45,2,168,24,low,5.0,1.5
51.2,69.7,1,1,4,0,100.0,1.0,550.0,0.5,7,110,52,medium,4.8,2.5
3.3,6.4,0,0,0,0,15.8,0.023,68.0,0.85,3,175,0,low,3.8,0.1
49.1,4.6,1,1,6,3,100.0,0.558,578.0,0.45,7,168,41,medium,4.9,1.4
52.1,11.8,1,1,8,3,37.1,1.0,1117.0,0.35,9,145,44,medium,4.4,1.4
45.1,2.2,0,0,1,3,13.6,0.042,408.0,0.6,1,240,22,low,5.1,0.1
48.3,0.1,1,0,0,0,12.0,0.03,762.0,0.55,1,265,17,low,7.6,2.1
26.1,1.5,0,0,0,0,7.2,0.104,422.0,0.65,2,485,8,low,10.2,0.1
51.4,0.3,1,0,0,1,12.1,0.03,762.0,0.55,11,265,17,low,7.6,2.1
8.9,4.5,0,0,0,1,15.3,0.022,202.0,0.7,11,330,4,low,7.0,0.2
61.1,2.0,0,0,4,2,25.0,0.956,1438.0,0.4,10,85,24,low,1.8,0.0
53.6,49.1,1,1,4,1,79.3,1.0,1238.0,0.35,8,190,44,medium,7.2,3.2
55.5,2.0,0,0,0,1,4.2,0.147,1438.0,0.4,11,85,17,low,1.8,0.0
42.5,9.0,1,1,0,1,17.7,0.012,574.0,0.55,3,380,20,low,11.4,3.5
51.0,2.0,1,1,1,0,15.6,0.01,574.0,0.55,11,380,12,low,11.0,3.0
38.1,8.9,0,0,6,2,92.0,0.318,688.0,0.6,4,210,30,low,4.6,0.2
70.3,42.4,1,1,9,3,55.5,1.0,1117.0,0.35,8,145,57,medium,5.3,2.2
40.9,5.4,2,2,9,3,66.4,1.0,870.0,0.45,8,310,53,medium,21.2,14.8
43.3,1.3,1,0,2,0,86.3,0.134,502.0,0.6,10,270,24,low,7.8,2.1
28.3,3.5,0,0,0,2,13.9,0.044,20.0,0.8,2,320,14,low,6.8,0.1
44.8,7.9,1,0,5,2,90.2,0.311,488.0,0.55,4,140,34,medium,4.2,1.2
40.3,1.2,0,0,7,3,100.0,0.516,688.0,0.6,8,210,33,medium,4.4,0.0
30.3,3.6,1,0,7,1,100.0,1.0,250.0,0.6,6,230,32,medium,6.7,1.9
73.2,18.8,0,0,2,0,33.0,1.0,1438.0,0.4,5,85,23,low,2.0,0.2
33.7,4.1,1,0,3,1,77.8,0.215,762.0,0.55,10,265,23,low,7.7,2.2
18.2,50.9,0,0,7,0,100.0,0.568,102.0,0.7,6,270,37,medium,7.5,1.9
37.5,61.5,1,0,7,1,100.0,1.0,470.0,0.55,7,215,46,medium,8.9,4.4
46.5,22.8,1,0,5,0,100.0,0.393,790.0,0.55,6,98,31,medium,3.2,1.1
37.5,41.8,0,0,15,1,100.0,1.0,688.0,0.6,8,210,49,medium,5.5,1.2
41.4,4.0,1,0,2,0,51.8,0.286,470.0,0.55,10,215,17,low,6.3,1.8
67.7,0.7,1,1,3,0,18.2,1.0,1117.0,0.35,4,145,33,medium,4.2,1.1
45.3,1.7,2,0,5,1,100.0,0.391,762.0,0.55,6,265,40,medium,17.8,12.3
45.0,0.3,0,0,1,0,8.0,0.04,797.0,0.4,2,74,10,low,1.5,0.0
19.5,4.5,0,0,0,0,15.2,0.022,202.0,0.7,12,330,5,low,7.0,0.2
66.6,8.4,1,1,5,3,35.0,1.0,1117.0,0.35,8,145,40,medium,4.3,1.3
20.6,2.0,0,0,0,0,12.5,0.031,115.0,0.75,1,195,4,low,4.1,0.0
42.6,1.6,0,0,1,0,12.4,0.031,802.0,0.6,1,270,5,low,5.7,0.0
46.5,3.2,1,0,0,1,4.3,0.151,1238.0,0.35,11,190,20,low,5.5,1.6
31.9,0.6,0,0,0,1,4.0,0.142,775.0,0.5,11,245,7,low,5.1,0.0
0.0,5.2,0,0,1,2,15.5,0.023,40.0,0.75,3,310,10,low,6.6,0.2
55.3,6.5,0,0,0,0,4.5,0.163,1438.0,0.4,2,85,10,low,1.8,0.1
28.9,3.2,0,0,0,1,14.9,0.022,202.0,0.7,1,330,11,low,7.0,0.1
52.5,0.2,1,1,4,2,13.0,0.04,578.0,0.45,3,168,30,low,4.8,1.3
21.9,0.5,0,0,0,0,10.1,0.081,215.0,0.75,2,280,3,low,5.8,0.0
86.4,2.8,1,0,5,2,38.0,1.0,1197.0,0.3,10,180,39,medium,5.2,1.5
34.1,4.2,0,0,2,0,91.1,0.144,102.0,0.7,10,270,15,low,5.7,0.1
25.5,14.7,1,0,10,1,100.0,0.342,102.0,0.7,8,270,34,medium,8.3,2.7
23.9,6.0,1,0,1,1,11.2,0.092,250.0,0.6,2,230,14,low,6.8,2.0
62.6,0.2,1,0,1,0,13.1,0.04,488.0,0.55,12,140,12,low,4.0,1.1
39.2,15.0,1,0,12,2,100.0,0.688,470.0,0.55,6,215,48,medium,6.6,2.2
43.4,13.3,0,0,8,1,38.0,1.0,750.0,0.5,6,340,33,medium,7.6,0.5
51.2,16.2,1,0,5,1,100.0,0.702,470.0,0.55,7,215,37,medium,6.7,2.2
74.9,0.3,2,2,1,0,6.0,0.161,870.0,0.45,11,310,32,medium,20.7,14.2
51.5,34.8,0,0,9,0,100.0,0.936,688.0,0.6,8,210,45,medium,5.3,0.9
15.5,0.8,0,0,0,1,14.2,0.02,202.0,0.7,1,330,7,low,6.9,0.0
54.8,2.6,0,1,1,0,14.7,0.021,594.0,0.5,3,440,8,low,9.3,0.1
32.6,1.4,0,0,0,0,3.1,0.176,750.0,0.5,3,340,5,low,7.1,0.0
27.2,16.1,0,0,4,2,100.0,0.182,102.0,0.7,5,270,28,low,6.1,0.5
100.0,13.6,1,1,5,0,45.8,1.0,1041.0,0.3,10,200,43,medium,6.1,2.0
30.0,1.4,1,0,6,3,71.9,1.0,422.0,0.65,7,485,38,medium,14.0,3.8
71.3,0.6,2,2,2,0,6.1,0.163,870.0,0.45,12,310,34,medium,20.7,14.3
33.3,0.4,0,0,2,0,7.1,0.101,422.0,0.65,11,485,6,low,10.1,0.0
59.6,3.2,1,1,6,0,100.0,0.405,762.0,0.55,7,265,32,medium,7.7,2.2
0.0,8.7,0,0,3,0,98.6,0.158,40.0,0.75,5,310,12,low,6.8,0.3
36.7,48.9,0,0,8,1,100.0,1.0,215.0,0.75,8,280,42,medium,7.7,1.9
66.8,17.6,1,1,9,1,81.1,1.0,1041.0,0.3,8,200,51,medium,6.3,2.1
68.4,1.7,1,1,0,0,3.1,0.177,1117.0,0.35,11,145,19,low,4.2,1.2
46.1,1.1,0,0,1,2,12.3,0.031,802.0,0.6,1,270,10,low,5.7,0.0
45.7,29.3,1,0,1,1,100.0,0.338,762.0,0.55,5,265,32,medium,8.9,3.3
18.4,9.5,0,1,3,3,100.0,1.0,215.0,0.75,6,280,30,low,6.1,0.3
44.0,1.8,0,1,5,3,100.0,0.522,688.0,0.6,9,210,33,medium,4.4,0.0
44.3,1.6,1,1,1,0,13.4,0.042,578.0,0.45,12,168,12,low,4.8,1.3
23.1,1.5,0,0,1,1,14.4,0.021,40.0,0.75,1,310,11,low,6.5,0.0
71.9,4.2,0,0,4,0,26.0,1.0,1438.0,0.4,10,85,22,low,1.8,0.0
7.0,0.9,0,0,0,1,14.2,0.02,68.0,0.85,2,175,1,low,3.7,0.0
28.0,5.8,1,0,7,0,66.9,0.595,250.0,0.6,4,230,26,low,6.8,2.0
54.5,1.1,0,0,0,1,4.1,0.144,1438.0,0.4,11,85,13,low,1.8,0.0
41.8,1.9,1,0,2,1,62.2,0.544,250.0,0.6,5,230,29,low,6.6,1.8
46.5,0.4,1,1,3,1,90.8,0.066,574.0,0.55,10,380,20,low,10.9,3.0
28.0,21.6,1,1,7,2,100.0,0.77,578.0,0.45,7,168,46,medium,5.4,1.9
5.7,39.7,0,0,7,2,100.0,0.498,40.0,0.75,8,310,37,medium,8.1,1.6
86.0,25.8,2,0,10,1,91.0,1.0,1197.0,0.3,9,180,58,medium,13.8,10.0
49.4,74.8,1,0,7,2,100.0,1.0,1197.0,0.3,6,180,56,medium,8.2,4.5
14.8,5.9,0,0,18,1,100.0,0.287,102.0,0.7,8,270,28,low,5.8,0.2
57.2,3.7,1,1,5,1,45.1,0.711,961.0,0.35,10,390,35,medium,11.4,3.2
80.8,5.7,1,1,4,0,40.1,1.0,1041.0,0.3,10,200,28,low,5.9,1.7
9.9,16.2,0,0,8,2,100.0,0.365,20.0,0.8,5,320,25,low,7.3,0.6
5.1,7.1,0,0,6,1,96.0,0.153,40.0,0.75,4,310,16,low,6.7,0.2
15.9,104.0,0,1,11,2,100.0,1.0,20.0,0.8,7,320,56,medium,13.9,7.2
29.5,7.3,0,0,6,3,96.3,0.154,40.0,0.75,4,310,32,medium,6.7,0.2
42.2,9.1,0,0,1,0,21.3,1.0,750.0,0.5,4,340,15,low,7.4,0.3
55.8,4.1,1,1,1,3,3.2,0.187,1117.0,0.35,1,145,25,low,4.2,1.2
51.1,5.1,1,1,7,2,66.1,1.0,550.0,0.5,9,110,39,medium,3.2,0.9
26.9,0.9,0,0,0,1,8.1,0.041,115.0,0.75,1,195,0,low,4.1,0.0
76.4,25.1,2,2,3,1,54.1,1.0,870.0,0.45,10,310,46,medium,23.6,17.2
23.5,1.5,0,0,2,0,61.8,0.54,215.0,0.75,10,280,12,low,5.9,0.0
63.7,4.4,1,0,0,2,6.5,0.177,1197.0,0.3,2,180,20,low,5.3,1.5
59.8,0.7,0,0,9,0,81.2,0.509,797.0,0.4,9,74,29,low,1.5,0.0
44.8,1.7,1,1,1,1,13.5,0.042,578.0,0.45,1,168,25,low,4.8,1.3
48.5,21.4,1,1,4,3,100.0,0.383,202.0,0.7,6,330,41,medium,10.6,3.7
57.0,2.3,0,0,1,0,14.7,0.021,790.0,0.55,2,98,2,low,2.1,0.0
32.4,2.0,0,0,0,1,13.5,0.042,20.0,0.8,3,320,6,low,6.7,0.1
0.0,7.5,1,0,11,1,100.0,0.594,20.0,0.8,7,320,30,low,9.5,2.8
56.3,3.8,1,0,9,3,100.0,0.41,762.0,0.55,6,265,46,medium,7.7,2.2
65.8,5.0,2,2,11,2,66.0,1.0,870.0,0.45,9,310,59,medium,21.2,14.7
31.7,1.3,0,0,0,2,14.4,0.021,102.0,0.7,3,270,0,low,5.7,0.0
8.5,5.4,0,0,6,0,93.1,0.148,68.0,0.85,4,175,17,low,3.7,0.1
40.4,7.2,1,1,0,0,6.9,0.189,550.0,0.5,3,110,13,low,3.3,1.0
43.2,3.5,0,0,6,2,32.1,1.0,750.0,0.5,6,340,29,low,7.2,0.1
76.0,9.7,1,1,7,2,83.5,1.0,961.0,0.35,9,390,48,medium,11.7,3.6
45.8,3.3,1,1,0,0,6.4,0.173,550.0,0.5,2,110,17,low,3.2,0.9
47.0,6.5,1,0,8,3,100.0,0.291,202.0,0.7,6,330,41,medium,9.7,2.9
29.0,1.1,0,0,1,0,13.3,0.041,20.0,0.8,12,320,5,low,6.7,0.0
20.8,14.4,0,0,0,0,18.0,0.027,202.0,0.7,2,330,9,low,7.4,0.5
67.1,4.6,0,0,1,1,4.4,0.156,1438.0,0.4,3,85,19,low,1.8,0.0
36.3,4.9,1,1,8,2,100.0,0.561,578.0,0.45,8,168,39,medium,4.9,1.4
26.5,3.4,0,0,1,0,4.3,0.152,775.0,0.5,1,245,5,low,5.2,0.1
65.4,1.4,0,0,6,2,82.2,0.518,797.0,0.4,7,74,30,low,1.6,0.0
32.9,14.2,1,0,4,0,61.7,0.352,470.0,0.55,4,215,28,low,6.6,2.1
19.8,4.5,0,0,1,2,45.8,0.723,422.0,0.65,10,485,13,low,10.3,0.2
27.9,0.5,0,0,0,0,14.1,0.02,102.0,0.7,12,270,3,low,5.6,0.0
43.9,11.3,1,0,4,1,100.0,1.0,215.0,0.75,9,280,34,medium,8.5,2.6
73.5,5.5,1,0,8,2,26.6,1.0,1238.0,0.35,4,190,36,medium,5.6,1.6
21.7,22.2,0,0,8,2,100.0,0.389,40.0,0.75,8,310,31,medium,7.3,0.8
36.1,1.9,0,0,0,3,14.5,0.021,790.0,0.55,11,98,10,low,2.1,0.0
50.0,7.0,0,1,7,0,45.6,1.0,1438.0,0.4,7,85,32,medium,1.8,0.1
66.4,14.8,2,1,8,3,77.8,1.0,1041.0,0.3,8,200,58,medium,14.4,10.2
46.2,14.9,1,1,11,2,100.0,0.172,574.0,0.55,9,380,45,medium,11.7,3.8
29.0,0.9,0,0,9,2,71.3,1.0,422.0,0.65,8,485,29,low,10.1,0.0
60.5,0.9,0,0,0,1,4.1,0.143,1438.0,0.4,2,85,15,low,1.8,0.0
14.1,0.8,0,0,1,0,14.2,0.02,40.0,0.75,11,310,7,low,6.5,0.0
45.1,15.6,2,2,8,1,78.7,1.0,870.0,0.45,9,310,46,medium,22.4,16.0
12.0,0.1,0,0,0,3,14.0,0.02,35.0,0.85,1,550,9,low,11.5,0.0
43.7,0.6,1,0,0,0,12.1,0.03,515.0,0.65,12,190,11,low,5.4,1.5
55.8,3.0,0,0,0,0,8.5,0.043,797.0,0.4,3,74,12,low,1.6,0.0
26.9,0.1,0,0,0,3,8.0,0.04,115.0,0.75,2,195,12,low,4.1,0.0
68.6,3.5,1,0,0,1,4.3,0.152,1238.0,0.35,2,190,15,low,5.5,1.6
54.0,4.1,2,2,9,3,64.9,1.0,870.0,0.45,7,310,56,medium,21.1,14.6
76.8,4.3,1,1,1,2,6.5,0.177,1041.0,0.3,3,200,27,low,5.8,1.7
40.6,23.0,1,0,8,3,100.0,0.59,515.0,0.65,9,190,43,medium,6.1,2.2
55.5,1.0,1,0,0,0,4.1,0.144,1238.0,0.35,2,190,11,low,5.5,1.5
0.6,1.4,0,0,8,0,100.0,0.518,20.0,0.8,6,320,26,low,6.7,0.0
30.1,1.7,0,0,3,2,80.7,0.271,408.0,0.6,10,240,23,low,5.0,0.0
37.6,1.1,1,0,2,0,13.3,0.041,488.0,0.55,1,140,9,low,4.0,1.1
35.9,1.0,0,0,0,1,14.3,0.021,202.0,0.7,12,330,7,low,6.9,0.0
58.4,3.9,2,2,11,0,64.7,1.0,870.0,0.45,9,310,54,medium,21.1,14.6
36.5,2.4,1,0,0,0,8.4,0.042,470.0,0.55,1,215,8,low,6.2,1.7
21.8,3.3,0,0,0,1,8.5,0.043,115.0,0.75,2,195,10,low,4.1,0.1
47.3,2.3,1,1,2,0,6.3,0.169,550.0,0.5,12,110,17,low,3.2,0.9
20.9,0.3,0,0,1,3,14.1,0.02,102.0,0.7,2,270,12,low,5.6,0.0
0.0,7.8,0,0,2,2,16.2,0.024,68.0,0.85,2,175,4,low,3.8,0.1
15.5,6.1,0,0,7,1,100.0,0.288,40.0,0.75,8,310,20,low,6.7,0.2
13.6,17.9,0,0,3,0,100.0,0.188,35.0,0.85,5,550,16,low,12.6,1.1
44.4,0.2,0,0,0,0,13.1,0.04,688.0,0.6,2,210,6,low,4.4,0.0
38.7,0.1,0,0,1,3,12.0,0.03,802.0,0.6,11,270,17,low,5.6,0.0
18.2,3.8,0,0,0,2,15.1,0.022,35.0,0.85,11,550,10,low,11.7,0.2
23.1,10.9,0,0,2,2,51.1,0.827,422.0,0.65,4,485,19,low,10.7,0.6
35.9,1.4,1,0,0,2,12.3,0.031,515.0,0.65,3,190,20,low,5.5,1.5
34.2,43.4,1,0,4,3,100.0,1.0,250.0,0.6,4,230,46,medium,8.4,3.6
8.8,0.4,0,0,1,1,14.1,0.02,68.0,0.85,11,175,9,low,3.7,0.0
28.8,0.6,1,1,7,2,36.5,1.0,550.0,0.5,10,110,39,medium,3.2,0.9
43.8,7.3,1,1,10,0,100.0,0.591,578.0,0.45,8,168,33,medium,5.0,1.5
38.0,5.4,0,0,2,1,86.4,0.295,408.0,0.6,10,240,18,low,5.1,0.1
44.8,12.2,1,1,4,0,100.0,0.653,578.0,0.45,9,168,30,low,5.1,1.6
28.9,0.7,0,0,2,0,48.7,0.264,115.0,0.75,10,195,8,low,4.1,0.0
42.5,0.8,0,0,4,2,79.3,0.265,688.0,0.6,10,210,24,low,4.4,0.0
42.5,0.1,0,1,0,1,14.0,0.02,594.0,0.5,12,440,12,low,9.2,0.0
35.5,3.0,0,0,2,3,10.6,0.086,215.0,0.75,1,280,18,low,5.9,0.1
18.5,4.0,1,0,4,0,51.8,0.286,470.0,0.55,10,215,25,low,6.3,1.8
13.2,1.0,0,0,0,0,13.2,0.041,20.0,0.8,12,320,2,low,6.7,0.0
64.4,0.1,0,0,1,1,12.0,0.03,802.0,0.6,11,270,18,low,5.6,0.0
32.5,3.6,0,0,3,2,13.9,0.044,688.0,0.6,3,210,18,low,4.5,0.1
42.7,5.8,1,0,5,2,87.1,0.298,488.0,0.55,4,140,30,low,4.1,1.2
19.1,3.3,0,0,0,0,14.9,0.022,102.0,0.7,11,270,6,low,5.7,0.1
35.1,9.2,0,0,2,3,92.3,0.32,408.0,0.6,5,240,30,low,5.2,0.2
10.7,0.0,0,0,1,0,14.0,0.02,68.0,0.85,11,175,3,low,3.6,0.0
39.0,0.6,0,1,0,0,14.2,0.02,594.0,0.5,12,440,7,low,9.2,0.0
9.1,11.0,0,1,9,0,100.0,0.319,35.0,0.85,6,550,20,low,12.1,0.7
57.5,7.4,0,1,10,1,100.0,0.297,594.0,0.5,6,440,35,medium,9.5,0.4
56.6,0.5,1,1,0,0,15.2,0.01,574.0,0.55,11,380,20,low,10.9,3.0
52.4,4.4,1,1,2,0,14.1,0.044,578.0,0.45,11,168,18,low,4.9,1.4
56.2,17.3,0,0,9,2,100.0,0.716,797.0,0.4,6,74,41,medium,1.7,0.1
26.7,31.8,1,0,7,1,100.0,0.897,688.0,0.6,8,210,34,medium,7.1,2.8
38.3,6.5,1,0,3,0,95.0,0.151,502.0,0.6,5,270,26,low,8.0,2.4
52.3,3.0,1,1,0,0,7.4,0.107,961.0,0.35,3,390,15,low,11.3,3.2
44.7,0.2,1,0,0,1,14.0,0.02,502.0,0.6,12,270,15,low,7.7,2.1
70.8,16.7,1,0,5,1,48.0,1.0,1197.0,0.3,4,180,32,medium,5.6,1.9
54.4,12.7,1,0,0,0,7.5,0.211,1197.0,0.3,3,180,16,low,5.5,1.7
34.6,22.7,1,0,6,1,100.0,0.588,802.0,0.6,7,270,35,medium,8.7,3.1
39.5,2.0,1,1,0,1,15.6,0.011,574.0,0.55,2,380,21,low,11.0,3.1
34.6,8.8,0,0,1,1,28.2,1.0,775.0,0.5,5,245,21,low,5.3,0.2
38.9,7.2,0,0,5,1,20.6,1.0,750.0,0.5,4,340,27,low,7.3,0.3
47.9,7.2,2,1,9,1,68.7,1.0,550.0,0.5,8,110,50,medium,7.6,5.3
23.6,4.4,0,0,2,1,45.7,0.721,422.0,0.65,4,485,18,low,10.3,0.2
37.8,3.1,1,0,1,2,12.7,0.032,515.0,0.65,1,190,19,low,5.5,1.6
25.0,8.8,1,0,9,3,100.0,1.0,215.0,0.75,7,280,43,medium,8.4,2.5
48.1,1.1,1,0,2,3,10.2,0.082,250.0,0.6,11,230,19,low,6.6,1.8
48.6,3.6,0,1,1,2,90.1,0.142,594.0,0.5,5,440,24,low,9.3,0.2
30.2,1.5,1,1,0,1,92.8,0.068,574.0,0.55,5,380,18,low,10.9,3.0
27.7,0.0,1,1,1,1,6.0,0.16,550.0,0.5,11,110,19,low,3.1,0.9
59.5,0.4,2,2,0,1,6.0,0.161,870.0,0.45,12,310,27,low,20.7,14.2
20.7,2.0,0,0,1,3,87.4,0.137,102.0,0.7,10,270,20,low,5.7,0.1
5.8,7.3,0,0,2,2,96.3,0.154,35.0,0.85,4,550,17,low,11.9,0.4
4.6,8.8,0,0,1,2,91.8,0.317,20.0,0.8,4,320,17,low,7.0,0.3
65.1,1.5,1,1,1,1,15.4,0.01,574.0,0.55,3,380,19,low,10.9,3.0
46.4,4.3,1,1,0,0,16.3,0.011,574.0,0.55,1,380,22,low,11.1,3.2
38.1,30.3,0,1,9,2,100.0,0.439,790.0,0.55,6,98,40,medium,2.4,0.4
11.7,2.9,0,0,4,0,50.8,0.279,115.0,0.75,10,195,11,low,4.1,0.1
30.8,1.5,0,0,1,0,43.3,0.675,422.0,0.65,4,485,13,low,10.2,0.1
52.7,1.0,2,2,0,2,6.1,0.164,870.0,0.45,12,310,26,low,20.8,14.3
22.0,0.9,0,0,0,2,13.2,0.041,20.0,0.8,12,320,11,low,6.7,0.0
54.2,1.4,1,1,0,1,13.4,0.041,578.0,0.45,11,168,24,low,4.8,1.3
42.2,2.2,0,0,3,0,4.2,0.148,775.0,0.5,2,245,10,low,5.2,0.1
38.9,47.6,1,1,5,0,100.0,0.569,578.0,0.45,4,168,40,medium,6.3,2.8
57.2,73.5,0,0,9,1,98.8,1.0,1438.0,0.4,6,85,49,medium,2.8,1.0
68.0,97.9,0,0,7,3,100.0,1.0,1438.0,0.4,8,85,57,medium,3.5,1.7
25.5,0.9,0,0,1,0,14.3,0.02,790.0,0.55,12,98,6,low,2.1,0.0
43.0,3.7,1,0,5,1,77.3,0.213,515.0,0.65,4,190,26,low,5.5,1.6
2.9,1.1,0,0,9,1,85.8,0.133,40.0,0.75,4,310,18,low,6.5,0.0
18.3,0.2,0,0,1,1,14.0,0.02,102.0,0.7,2,270,5,low,5.6,0.0
31.4,0.3,0,0,2,0,3.0,0.171,750.0,0.5,12,340,7,low,7.1,0.0
29.1,8.7,0,0,4,0,91.6,0.317,408.0,0.6,4,240,21,low,5.2,0.2
3.8,13.0,0,0,7,0,100.0,0.172,40.0,0.75,5,310,23,low,6.9,0.4
14.3,6.7,0,0,1,3,9.1,0.047,115.0,0.75,2,195,16,low,4.2,0.1
22.8,1.5,0,0,2,0,18.5,1.0,750.0,0.5,4,340,9,low,7.1,0.1
28.0,1.6,0,0,2,0,80.4,0.27,688.0,0.6,10,210,15,low,4.4,0.0
9.7,1.2,0,0,8,1,79.9,0.268,20.0,0.8,10,320,16,low,6.7,0.0
18.1,1.7,0,0,0,1,13.5,0.042,688.0,0.6,1,210,9,low,4.4,0.0
37.7,22.2,2,1,2,2,86.6,1.0,550.0,0.5,9,110,41,medium,8.2,6.0
15.8,2.7,0,0,10,1,100.0,0.267,68.0,0.85,8,175,28,low,3.7,0.0
0.0,5.1,0,0,7,2,88.1,0.563,115.0,0.75,6,195,27,low,4.2,0.1
37.1,2.5,1,0,2,0,81.9,0.276,488.0,0.55,10,140,21,low,4.1,1.1
46.8,0.1,1,1,0,0,3.0,0.17,1117.0,0.35,12,145,18,low,4.1,1.1
39.2,46.7,1,0,10,0,77.4,1.0,775.0,0.5,8,245,44,medium,9.1,4.0
11.2,0.7,0,0,2,1,14.2,0.02,35.0,0.85,11,550,4,low,11.5,0.0
58.3,7.9,1,1,4,0,41.7,1.0,550.0,0.5,4,110,34,medium,3.3,1.0
31.4,7.7,1,0,4,2,83.1,0.232,762.0,0.55,4,265,27,low,7.9,2.4
18.0,23.4,0,0,5,2,100.0,0.309,802.0,0.6,4,270,28,low,6.4,0.7
69.4,0.3,1,1,0,0,13.1,0.04,578.0,0.45,3,168,19,low,4.8,1.3
28.0,0.5,1,0,0,1,14.1,0.02,502.0,0.6,11,270,20,low,7.7,2.1
34.5,1.0,1,0,0,0,12.2,0.031,515.0,0.65,1,190,12,low,5.5,1.5
43.3,1.4,0,0,13,3,100.0,0.518,408.0,0.6,6,240,37,medium,5.0,0.0
62.4,1.5,2,2,3,1,6.2,0.166,870.0,0.45,11,310,36,medium,20.8,14.4
22.4,1.3,0,0,0,1,14.4,0.021,102.0,0.7,3,270,13,low,5.7,0.0
13.5,5.7,0,0,0,0,15.6,0.023,68.0,0.85,3,175,0,low,3.8,0.1
61.8,2.4,0,0,1,2,12.6,0.032,802.0,0.6,11,270,19,low,5.7,0.1
21.9,1.7,0,0,0,0,8.3,0.042,115.0,0.75,2,195,3,low,4.1,0.0
38.0,3.0,1,0,6,0,76.3,0.209,762.0,0.55,4,265,25,low,7.7,2.2
21.2,2.2,0,0,1,1,8.4,0.042,115.0,0.75,2,195,6,low,4.1,0.0
47.7,0.7,1,0,5,2,73.0,0.199,762.0,0.55,5,265,31,medium,7.6,2.1
34.3,1.3,1,1,2,2,92.3,0.067,574.0,0.55,10,380,25,low,10.9,3.0
50.2,0.6,0,0,10,3,40.4,1.0,1438.0,0.4,8,85,40,medium,1.8,0.0
26.9,9.0,1,0,6,2,100.0,0.613,408.0,0.6,8,240,33,medium,7.2,2.2
39.8,1.6,0,0,2,0,18.6,1.0,750.0,0.5,5,340,17,low,7.1,0.1
27.4,1.4,0,0,1,2,13.4,0.041,408.0,0.6,12,240,10,low,5.0,0.0
24.3,1.6,0,0,2,1,86.7,0.135,790.0,0.55,4,98,20,low,2.1,0.0
60.0,23.6,1,1,10,0,100.0,0.795,797.0,0.4,9,74,49,medium,2.4,0.9
41.8,0.5,0,1,1,0,14.1,0.02,594.0,0.5,12,440,15,low,9.2,0.0
38.7,7.4,1,0,4,2,96.5,0.154,502.0,0.6,4,270,31,medium,8.0,2.4
35.8,43.5,0,1,9,3,100.0,0.522,594.0,0.5,9,440,50,medium,11.7,2.5
16.8,0.2,1,0,0,1,12.0,0.03,515.0,0.65,1,190,12,low,5.4,1.5
33.9,7.4,1,0,0,0,14.9,0.047,488.0,0.55,3,140,5,low,4.2,1.2
46.8,18.9,2,0,11,2,100.0,0.368,502.0,0.6,9,270,49,medium,19.9,14.2
27.7,3.1,0,0,3,1,89.3,0.14,102.0,0.7,4,270,18,low,5.7,0.1
13.7,36.8,0,0,12,0,100.0,0.48,202.0,0.7,6,330,33,medium,8.4,1.5
0.0,3.9,0,0,6,3,100.0,0.549,20.0,0.8,6,320,31,medium,6.8,0.1
2.7,50.3,0,1,5,3,100.0,0.564,40.0,0.75,7,310,48,medium,8.6,2.2
30.6,16.5,1,0,2,1,95.7,0.275,515.0,0.65,4,190,27,low,5.9,2.0
26.5,17.4,1,0,6,1,100.0,0.359,202.0,0.7,9,330,33,medium,10.3,3.5
49.3,0.3,1,1,3,1,3.0,0.171,1117.0,0.35,12,145,24,low,4.1,1.1
28.0,0.5,0,0,1,2,14.1,0.02,202.0,0.7,12,330,9,low,6.9,0.0
84.6,0.5,1,1,1,1,7.1,0.101,961.0,0.35,3,390,26,low,11.2,3.0
54.7,0.8,0,0,1,0,4.1,0.143,1438.0,0.4,1,85,11,low,1.8,0.0
15.5,4.7,0,0,0,2,15.3,0.022,68.0,0.85,1,175,11,low,3.7,0.1
38.2,0.8,0,0,1,0,14.2,0.02,790.0,0.55,12,98,11,low,2.0,0.0
64.8,0.9,1,1,0,2,6.1,0.164,1041.0,0.3,3,200,24,low,5.7,1.6
