distance_km,road_condition,bridge_condition,avg_slope_risk,avg_elevation_m,rainfall_24h_mm,temp_celsius,congestion_level,flood_risk_level,landslide_probability,commodity_type,weight_kg,priority,month,delay_minutes,safety_score,route_rank
434.5,0,1,37.9,594.0,4.3,30.4,0,14.0,0.02,general,1342.0,1,1,170.8,90,1
114.0,1,1,42.7,550.0,9.2,30.0,0,36.0,1.0,food,3159.0,4,4,257.9,60,2
186.3,1,0,44.1,515.0,0.5,25.3,0,12.0,0.03,medicine,4736.0,5,12,104.5,80,2
325.6,0,0,26.3,202.0,2.6,31.3,1,84.0,0.13,construction,1174.0,1,10,136.7,69,1
313.3,0,0,12.0,40.0,0.3,19.1,0,14.0,0.02,medicine,10421.0,5,1,3.4,97,1
238.6,0,0,38.1,408.0,1.1,26.4,0,78.0,0.26,fuel,8041.0,3,4,29.0,69,1
98.5,0,0,34.6,790.0,2.2,34.5,3,100.0,0.25,food,1783.0,4,9,217.1,64,1
189.1,0,0,12.6,115.0,0.3,23.5,2,48.0,0.26,construction,5673.0,1,4,192.2,76,1
107.6,1,1,47.9,550.0,1.6,20.4,2,6.0,0.16,food,11683.0,4,1,292.6,80,2
138.8,1,1,61.7,1117.0,7.4,20.0,0,30.0,1.0,agri,1422.0,2,6,304.6,60,2
191.3,0,0,24.2,115.0,2.7,30.4,1,72.0,0.195,agri,2234.0,2,4,87.1,75,1
561.7,0,0,9.8,35.0,3.1,27.5,1,14.0,0.02,construction,6699.0,1,2,209.0,96,1
523.9,0,0,2.9,35.0,1.8,18.5,1,100.0,0.25,agri,13660.0,2,6,246.4,74,1
312.0,0,0,9.0,20.0,0.9,30.8,3,13.0,0.04,general,12218.0,1,1,606.1,86,1
395.2,1,1,69.4,961.0,18.5,31.7,2,70.0,1.0,medicine,5111.0,5,9,2082.0,41,2
71.1,0,0,49.0,797.0,0.5,25.3,0,8.0,0.04,fuel,7906.0,3,2,1.5,90,1
178.5,1,0,69.8,1197.0,0.5,20.0,0,6.0,0.16,fuel,8022.0,3,11,113.4,79,2
193.9,1,0,50.4,1238.0,2.4,34.5,0,24.0,0.91,food,1035.0,4,10,245.5,63,2
273.0,0,0,20.9,102.0,1.0,18.9,0,14.0,0.02,general,2601.0,1,1,5.5,92,1
139.9,1,0,47.2,488.0,52.3,22.1,0,78.0,0.26,medicine,11059.0,5,5,392.9,56,2
138.1,1,0,37.1,488.0,2.6,28.8,2,13.0,0.04,construction,5151.0,1,2,254.8,80,2
106.6,1,1,37.2,550.0,0.9,28.0,1,60.0,1.0,general,3028.0,1,8,295.4,54,2
193.6,1,0,58.1,1238.0,2.2,33.9,0,4.0,0.14,agri,13908.0,2,3,126.8,79,2
254.2,0,0,37.6,775.0,2.6,29.2,1,24.0,0.91,general,4007.0,1,4,243.4,72,1
105.5,1,1,37.8,550.0,2.3,33.3,0,6.0,0.16,general,11026.0,1,12,121.3,87,2
280.7,0,0,15.1,102.0,9.4,31.3,0,84.0,0.13,general,13529.0,1,10,52.2,76,1
267.8,1,0,43.4,762.0,0.1,19.7,1,100.0,0.375,general,9953.0,1,9,339.5,54,2
204.2,0,0,44.8,688.0,5.5,22.0,1,13.0,0.04,construction,12814.0,1,3,86.4,83,1
75.2,0,0,40.7,797.0,7.5,19.6,0,48.0,0.26,general,14609.0,1,5,16.2,74,1
138.5,1,0,41.6,488.0,3.9,28.7,1,13.0,0.04,agri,7642.0,2,11,152.5,85,2
261.8,1,0,38.7,502.0,9.2,22.8,0,84.0,0.13,medicine,14137.0,5,4,208.7,66,2
209.1,1,1,72.4,1041.0,61.6,24.3,3,60.0,1.0,agri,12869.0,2,7,2247.6,28,3
264.5,0,0,13.9,102.0,3.5,32.5,1,84.0,0.13,fuel,14074.0,3,4,115.0,73,1
203.9,1,1,70.3,1041.0,8.4,19.7,2,36.0,1.0,general,11241.0,1,4,928.8,46,2
285.5,0,0,32.0,215.0,27.9,24.1,2,100.0,1.0,general,13073.0,1,7,821.4,41,1
406.1,1,1,65.4,961.0,2.1,26.5,2,7.0,0.1,agri,12039.0,2,3,1084.1,79,2
197.4,1,0,40.8,515.0,2.8,24.4,0,72.0,0.195,general,7251.0,1,4,138.5,67,2
321.4,0,0,10.6,20.0,0.3,28.0,0,13.0,0.04,fuel,8073.0,3,12,6.1,98,1
148.9,1,1,71.9,1117.0,1.1,28.6,1,18.0,1.0,construction,11028.0,1,10,414.1,63,2
199.0,1,0,56.7,1238.0,6.4,23.5,1,24.0,0.91,food,1638.0,4,4,404.1,61,2
219.1,1,0,28.6,250.0,66.5,32.2,0,100.0,1.0,medicine,2768.0,5,8,1396.3,38,3
263.3,1,0,32.2,502.0,1.7,30.1,3,14.0,0.02,food,11200.0,4,2,874.0,81,2
266.4,1,0,38.8,762.0,1.3,25.1,2,12.0,0.03,construction,709.0,1,11,477.6,76,2
259.6,0,0,20.7,102.0,0.8,18.7,1,100.0,0.25,construction,1919.0,1,7,117.8,71,1
389.7,1,1,52.5,961.0,5.8,20.9,1,70.0,1.0,agri,9709.0,2,9,1161.3,45,2
167.0,0,0,19.3,68.0,0.7,28.6,1,14.0,0.02,general,2863.0,1,11,55.6,91,1
421.1,0,1,46.7,594.0,1.5,18.5,1,14.0,0.02,fuel,6128.0,3,11,313.5,87,1
111.6,1,1,44.2,550.0,1.2,27.3,3,6.0,0.16,agri,13628.0,2,11,522.7,77,2
426.6,0,1,41.1,594.0,0.7,19.7,0,84.0,0.13,construction,12751.0,1,5,165.4,74,1
252.4,1,0,44.3,762.0,25.2,22.8,1,100.0,0.375,medicine,13223.0,5,8,533.1,49,2
327.5,0,0,15.8,20.0,21.5,22.8,2,100.0,0.5,food,14862.0,4,9,612.9,55,1
228.0,1,0,35.2,250.0,1.3,31.2,2,10.0,0.08,general,6720.0,1,2,419.3,79,2
317.8,2,2,57.6,870.0,2.8,19.8,2,6.0,0.16,fuel,5141.0,3,11,2584.1,73,2
174.6,1,1,48.1,578.0,2.2,18.2,3,13.0,0.04,agri,8815.0,2,3,790.0,75,2
268.5,1,0,48.5,762.0,6.1,23.0,2,100.0,0.375,fuel,11978.0,3,9,622.9,49,2
180.1,0,0,13.9,68.0,0.4,26.4,1,84.0,0.13,agri,13372.0,2,10,68.9,73,1
275.8,0,0,30.6,215.0,0.2,20.4,0,10.0,0.08,medicine,1720.0,5,1,9.3,95,1
193.8,1,0,57.6,1238.0,0.9,32.0,0,24.0,0.91,food,14806.0,4,5,238.3,63,2
266.6,1,0,35.2,502.0,3.3,31.8,0,84.0,0.13,fuel,11769.0,3,4,179.2,73,2
331.9,0,0,25.9,202.0,1.2,33.4,0,14.0,0.02,general,7296.0,1,2,7.5,89,1
267.6,0,0,33.9,215.0,0.3,20.0,1,10.0,0.08,fuel,14452.0,3,2,95.4,91,1
187.6,1,0,41.1,515.0,1.1,32.8,0,12.0,0.03,general,8531.0,1,3,107.5,85,2
507.8,0,0,28.8,422.0,6.7,28.7,1,70.0,1.0,food,8973.0,4,9,579.6,63,1
332.8,0,0,23.9,20.0,0.6,22.8,0,100.0,0.5,fuel,3228.0,3,9,76.4,63,1
144.5,1,1,50.4,1117.0,3.3,27.9,2,18.0,1.0,fuel,10429.0,3,4,613.5,58,2
162.3,1,1,39.9,578.0,2.1,32.0,3,13.0,0.04,agri,13058.0,2,12,733.9,82,2
205.2,1,0,39.0,470.0,0.0,24.4,0,8.0,0.04,general,14564.0,1,11,114.5,83,2
196.5,1,0,52.0,1238.0,35.3,26.0,0,40.0,1.0,fuel,13038.0,3,8,528.9,48,2
350.6,0,0,48.6,750.0,18.6,34.9,3,3.0,0.17,food,12820.0,4,2,980.7,77,1
136.5,1,0,42.1,488.0,1.6,20.2,0,13.0,0.04,agri,10240.0,2,2,80.0,86,2
99.2,0,0,34.7,790.0,1.9,19.9,2,84.0,0.13,fuel,8042.0,3,10,95.2,76,1
144.9,1,0,40.3,488.0,4.2,27.5,0,78.0,0.26,food,917.0,4,10,112.0,69,2
179.5,0,0,11.3,68.0,2.1,30.0,0,14.0,0.02,general,5584.0,1,2,6.2,93,1
272.4,1,0,37.2,502.0,3.6,25.4,1,84.0,0.13,medicine,11863.0,5,4,315.8,68,2
306.8,0,0,14.9,40.0,15.4,32.7,0,100.0,0.25,medicine,7157.0,5,6,106.6,71,1
241.0,1,0,26.0,250.0,6.2,23.6,0,60.0,0.52,agri,2369.0,2,4,242.6,68,2
269.6,0,0,22.0,215.0,1.5,20.4,0,60.0,0.52,fuel,13503.0,3,4,68.4,75,1
189.5,1,0,37.3,515.0,0.7,20.9,0,12.0,0.03,fuel,1786.0,3,12,107.2,83,2
466.6,0,0,31.3,422.0,3.7,21.5,1,42.0,0.65,construction,1070.0,1,4,357.3,63,1
200.8,0,0,19.4,115.0,6.3,19.4,2,48.0,0.26,medicine,11350.0,5,4,233.4,75,1
532.6,0,0,21.9,35.0,0.3,24.3,0,14.0,0.02,construction,7207.0,1,11,6.3,92,1
251.1,0,0,39.4,775.0,0.8,22.3,1,40.0,1.0,construction,8216.0,1,7,251.2,64,1
374.7,1,1,58.4,961.0,0.4,27.1,0,7.0,0.1,medicine,791.0,5,12,396.9,79,2
540.2,0,0,18.4,35.0,0.3,23.6,2,14.0,0.02,construction,7727.0,1,1,460.9,91,1
81.5,0,0,55.3,1438.0,2.0,28.0,0,4.0,0.14,food,4615.0,4,2,6.7,92,1
165.7,1,1,39.5,578.0,9.1,27.7,0,78.0,0.26,fuel,2716.0,3,4,234.4,67,2
331.4,0,0,36.9,750.0,0.7,21.2,2,3.0,0.17,construction,1663.0,1,3,318.1,83,1
270.7,0,0,33.8,802.0,5.0,34.7,3,72.0,0.195,construction,13050.0,1,5,607.6,65,1
216.7,0,0,41.6,688.0,0.8,20.9,1,13.0,0.04,construction,8788.0,1,2,74.5,88,1
537.9,0,0,6.2,35.0,2.1,21.2,1,14.0,0.02,general,4015.0,1,1,191.4,87,1
168.3,0,0,7.8,68.0,2.0,22.9,1,14.0,0.02,food,8223.0,4,2,59.7,93,1
253.1,1,0,47.5,762.0,7.0,20.3,0,100.0,0.375,construction,10382.0,1,7,231.1,56,2
497.6,0,0,22.1,422.0,5.4,26.0,3,42.0,0.65,construction,12544.0,1,4,1420.7,63,1
282.6,1,0,38.9,502.0,0.5,30.4,1,14.0,0.02,construction,12707.0,1,3,284.4,82,2
168.7,0,0,11.9,68.0,28.5,21.4,2,100.0,0.25,agri,10145.0,2,7,320.9,60,1
390.9,1,1,68.5,961.0,3.7,32.9,1,42.0,0.65,construction,5966.0,1,5,918.8,58,2
279.0,0,0,19.6,215.0,1.6,30.7,2,10.0,0.08,food,6066.0,4,3,256.7,88,1
180.8,1,0,60.1,1197.0,23.7,28.6,0,36.0,1.0,medicine,12013.0,5,4,378.4,56,2
273.2,1,0,36.1,502.0,0.5,33.2,0,14.0,0.02,agri,4103.0,2,12,152.0,87,2
276.6,1,0,40.9,502.0,0.0,27.7,0,14.0,0.02,fuel,12408.0,3,1,151.4,86,2
466.1,0,0,37.4,422.0,16.9,20.2,0,70.0,1.0,fuel,3824.0,3,9,418.5,54,1
270.9,1,0,44.6,762.0,1.7,28.9,0,12.0,0.03,fuel,5513.0,3,1,158.1,90,2
319.5,0,0,21.5,202.0,8.6,27.9,3,14.0,0.02,medicine,2724.0,5,3,699.7,76,1
272.3,0,0,19.0,102.0,1.0,28.4,1,14.0,0.02,food,13876.0,4,11,92.1,93,1
219.5,1,0,30.8,470.0,0.3,27.8,2,8.0,0.04,fuel,14048.0,3,2,388.9,88,2
218.9,0,0,39.3,688.0,3.2,19.9,1,78.0,0.26,fuel,6286.0,3,10,109.5,73,1
296.2,0,0,19.3,40.0,1.8,31.6,3,84.0,0.13,medicine,5522.0,5,10,610.2,62,1
192.0,0,0,18.7,115.0,1.7,25.7,0,8.0,0.04,fuel,3058.0,3,11,7.1,89,1
379.9,1,1,46.9,574.0,10.0,33.6,1,100.0,0.125,agri,690.0,2,6,749.3,54,2
243.9,0,0,32.7,408.0,0.3,34.3,0,13.0,0.04,general,14955.0,1,11,4.8,88,1
200.0,1,1,66.1,1041.0,9.0,19.1,2,36.0,1.0,agri,3475.0,2,4,918.9,52,2
208.3,1,0,33.9,470.0,0.1,26.0,2,8.0,0.04,general,7073.0,1,3,367.9,82,2
310.8,2,2,51.6,870.0,12.8,24.8,0,60.0,1.0,agri,12996.0,2,8,2262.7,47,2
282.0,0,0,12.9,102.0,0.7,22.6,0,14.0,0.02,construction,2764.0,1,1,4.5,99,1
561.9,0,0,6.5,35.0,2.3,18.5,1,14.0,0.02,fuel,786.0,3,2,201.9,90,1
230.5,0,0,27.9,408.0,21.2,21.0,0,100.0,0.5,agri,4026.0,2,9,142.3,62,1
194.2,1,0,48.2,515.0,29.0,32.1,0,100.0,0.375,medicine,4751.0,5,6,307.3,49,2
218.3,0,0,40.6,688.0,0.3,19.5,1,100.0,0.5,agri,13444.0,2,6,129.4,57,1
273.4,1,0,49.1,762.0,6.3,22.4,0,100.0,0.375,fuel,9550.0,3,8,245.1,53,2
307.2,2,2,58.6,870.0,4.8,25.4,2,36.0,1.0,general,2532.0,1,10,3302.3,47,2
394.0,1,1,39.8,574.0,1.1,33.2,0,15.0,0.01,general,4396.0,1,1,399.6,89,2
311.3,2,2,58.4,870.0,2.0,22.4,3,6.0,0.16,medicine,8123.0,5,11,3346.4,67,2
183.8,1,0,31.9,515.0,3.0,18.3,1,72.0,0.195,medicine,9946.0,5,5,219.6,70,2
568.1,0,0,11.3,35.0,0.2,18.2,1,14.0,0.02,fuel,10143.0,3,12,184.4,95,1
188.7,0,0,21.9,115.0,23.4,25.1,0,72.0,0.195,agri,2911.0,2,5,91.2,65,1
245.7,0,0,30.9,408.0,0.1,28.3,0,13.0,0.04,agri,5657.0,2,12,4.0,87,1
245.3,0,0,44.4,408.0,0.6,27.6,3,13.0,0.04,general,11122.0,1,11,474.0,81,1
310.9,0,0,10.1,20.0,0.4,22.5,1,100.0,0.5,construction,9154.0,1,9,185.3,66,1
314.7,0,0,13.9,20.0,2.6,19.8,1,13.0,0.04,medicine,10482.0,5,1,117.6,90,1
144.1,1,1,63.2,1117.0,3.0,31.9,0,18.0,1.0,medicine,9058.0,5,5,293.5,63,2
172.6,0,0,6.9,68.0,1.5,33.6,1,100.0,0.25,food,13158.0,4,6,80.3,70,1
327.4,0,0,17.2,20.0,7.2,29.2,0,13.0,0.04,general,7597.0,1,3,37.2,93,1
330.5,0,0,45.1,750.0,50.1,34.0,0,30.0,1.0,general,10613.0,1,9,769.9,55,2
142.1,1,1,59.8,1117.0,29.4,34.5,2,30.0,1.0,medicine,12746.0,5,9,892.4,49,2
432.0,0,1,36.5,594.0,3.8,18.6,0,14.0,0.02,general,1616.0,1,2,166.0,91,1
198.8,0,0,19.1,115.0,4.2,30.3,1,100.0,0.375,medicine,11965.0,5,9,117.0,64,1
186.6,1,0,53.3,1238.0,5.2,33.1,0,24.0,0.91,fuel,13116.0,3,10,250.1,64,2
185.7,0,0,17.4,115.0,35.3,27.0,1,100.0,0.375,food,9599.0,4,7,273.2,62,2
321.6,0,0,6.6,40.0,41.7,31.1,2,84.0,0.13,agri,3962.0,2,5,794.5,58,2
297.9,0,0,10.0,40.0,6.9,22.9,0,100.0,0.25,food,759.0,4,6,60.2,69,1
220.2,0,0,33.6,688.0,1.0,24.5,3,13.0,0.04,medicine,11902.0,5,11,428.2,85,1
234.9,0,0,36.3,775.0,7.1,32.9,1,40.0,1.0,construction,2922.0,1,9,271.0,64,1
204.6,0,0,25.8,115.0,1.8,34.0,1,72.0,0.195,food,3845.0,4,4,90.0,79,1
261.3,0,0,31.8,802.0,4.2,21.2,0,100.0,0.375,medicine,14552.0,5,7,57.7,70,1
280.4,0,0,33.1,802.0,1.8,34.9,2,12.0,0.03,agri,10592.0,2,12,249.7,83,1
188.3,0,0,21.0,115.0,2.2,21.8,1,8.0,0.04,general,8911.0,1,11,69.0,86,1
201.4,0,0,41.7,688.0,25.9,22.5,1,78.0,0.26,food,1761.0,4,5,208.7,67,1
545.0,0,0,9.8,35.0,8.4,22.4,0,100.0,0.25,medicine,3693.0,5,7,122.7,76,1
493.9,0,0,13.6,422.0,0.5,32.5,1,42.0,0.65,food,12458.0,4,4,345.8,71,1
384.1,1,1,65.4,961.0,15.0,27.6,2,70.0,1.0,agri,10048.0,2,6,1920.1,41,2
144.9,1,0,44.0,488.0,17.8,30.0,1,78.0,0.26,medicine,9470.0,5,4,245.5,62,2
172.2,1,1,45.7,578.0,3.8,33.0,0,100.0,0.5,agri,11281.0,2,7,254.9,57,2
106.3,1,1,43.9,550.0,5.1,32.1,0,6.0,0.16,agri,9445.0,2,2,129.8,82,2
256.8,0,0,39.7,775.0,1.8,22.4,2,4.0,0.14,fuel,2051.0,3,11,247.4,91,1
220.6,1,0,43.5,470.0,1.0,34.4,3,8.0,0.04,fuel,1986.0,3,11,731.1,73,2
88.7,0,0,62.9,1438.0,2.0,19.2,0,4.0,0.14,medicine,8941.0,5,1,7.3,83,1
315.1,0,0,14.8,20.0,4.3,18.8,0,13.0,0.04,fuel,821.0,3,3,22.6,91,1
314.4,0,0,10.2,20.0,1.2,31.1,0,13.0,0.04,medicine,14958.0,5,1,9.5,100,1
143.9,1,1,63.2,1117.0,10.0,20.8,0,30.0,1.0,general,1695.0,1,6,330.3,59,2
203.6,1,1,73.3,1041.0,26.6,22.6,1,60.0,1.0,fuel,9759.0,3,7,850.7,42,2
227.6,1,0,37.0,250.0,0.9,34.7,0,10.0,0.08,construction,3590.0,1,2,135.7,84,2
160.1,1,1,46.1,578.0,13.0,24.3,3,78.0,0.26,medicine,3190.0,5,5,913.7,59,2
150.3,1,1,62.3,1117.0,2.3,31.1,1,3.0,0.17,fuel,2403.0,3,1,264.4,80,2
160.1,1,1,46.1,578.0,49.1,28.5,0,100.0,0.5,construction,2315.0,1,6,626.1,49,2
275.0,0,0,14.8,102.0,0.8,21.4,1,14.0,0.02,agri,4400.0,2,11,92.1,91,1
206.0,1,1,67.7,1041.0,0.7,25.7,1,6.0,0.16,medicine,4729.0,5,11,350.7,70,2
316.0,2,2,57.4,870.0,29.5,31.3,0,60.0,1.0,agri,4010.0,2,9,2940.7,39,2
204.5,0,0,27.5,115.0,2.2,26.5,1,80.0,0.5,construction,642.0,1,6,128.6,69,1
176.9,1,0,66.2,1197.0,10.9,19.5,0,60.0,1.0,food,6255.0,4,9,285.5,49,2
161.8,1,1,43.6,578.0,18.4,29.7,0,100.0,0.5,general,2016.0,1,7,318.8,55,2
75.0,0,0,56.6,797.0,1.6,18.5,2,8.0,0.04,general,10854.0,1,11,66.9,84,1
278.1,0,0,41.6,802.0,1.7,31.9,1,72.0,0.195,fuel,9832.0,3,10,121.9,73,1
310.8,2,2,52.3,870.0,32.9,19.4,2,60.0,1.0,fuel,10051.0,3,7,3341.3,34,2
175.0,0,0,13.7,68.0,8.2,30.2,0,84.0,0.13,agri,10363.0,2,5,29.1,76,1
229.7,0,0,39.5,408.0,0.7,22.4,2,100.0,0.5,fuel,11269.0,3,7,279.8,58,1
198.5,1,1,71.1,1041.0,9.3,24.3,1,60.0,1.0,construction,11016.0,1,8,624.6,50,2
339.5,0,0,32.8,750.0,3.1,33.3,1,3.0,0.17,food,13729.0,4,11,152.8,86,1
223.3,1,0,29.4,250.0,19.7,28.7,2,100.0,1.0,general,13681.0,1,8,904.0,41,2
256.5,1,0,44.1,762.0,0.4,34.5,1,12.0,0.03,medicine,4085.0,5,11,259.3,81,2
186.7,1,0,73.2,1197.0,8.8,26.8,0,60.0,1.0,general,6171.0,1,9,289.0,44,2
89.0,0,0,63.0,1438.0,0.8,29.2,0,4.0,0.14,food,14562.0,4,2,5.8,84,1
308.6,2,2,57.9,870.0,2.7,19.2,0,36.0,1.0,food,12519.0,4,4,1973.7,49,2
193.7,0,0,15.8,115.0,0.4,28.5,0,12.0,0.03,medicine,1032.0,5,1,3.2,96,1
215.0,0,0,40.9,688.0,21.1,26.1,1,100.0,0.5,fuel,13090.0,3,8,232.1,57,1
262.1,0,0,18.7,102.0,1.9,22.6,3,100.0,0.25,construction,1070.0,1,8,574.7,62,1
161.7,1,1,46.9,578.0,0.5,33.9,0,13.0,0.04,general,2651.0,1,12,165.1,78,2
77.6,0,0,48.2,797.0,47.2,18.1,2,80.0,0.5,construction,7094.0,1,8,263.6,51,2
210.3,0,0,44.5,688.0,3.0,29.3,0,13.0,0.04,general,10265.0,1,3,11.3,86,1
183.2,0,0,18.9,68.0,0.2,29.4,0,14.0,0.02,construction,10543.0,1,2,1.9,93,1
144.7,1,0,53.5,488.0,12.7,29.6,2,13.0,0.04,general,8774.0,1,3,318.7,74,2
362.2,1,1,36.1,574.0,49.4,29.7,1,100.0,0.125,medicine,6211.0,5,8,1621.9,53,2
213.2,0,0,38.7,688.0,0.3,29.2,2,13.0,0.04,construction,11845.0,1,2,184.4,86,1
191.3,1,0,31.6,515.0,20.1,32.9,1,100.0,0.375,general,12214.0,1,8,362.7,52,2
390.0,1,1,40.7,574.0,20.1,25.4,1,100.0,0.125,fuel,584.0,3,9,928.1,58,2
196.5,1,1,65.6,1041.0,10.0,24.7,1,60.0,1.0,fuel,3944.0,3,8,625.0,52,2
227.1,1,0,40.7,250.0,5.9,19.2,1,100.0,1.0,fuel,7221.0,3,7,485.9,47,2
335.9,0,0,38.7,750.0,7.6,26.8,0,3.0,0.17,general,6013.0,1,3,58.8,88,1
480.1,0,0,37.9,422.0,11.5,27.1,2,70.0,1.0,agri,10913.0,2,8,1013.6,54,1
219.6,0,0,37.7,688.0,0.0,21.3,3,13.0,0.04,agri,1374.0,2,11,420.2,84,1
396.5,1,1,33.0,574.0,8.0,19.7,0,100.0,0.125,general,4956.0,1,8,503.9,64,2
216.4,0,0,46.6,688.0,9.5,23.3,0,78.0,0.26,construction,6496.0,1,5,53.8,72,1
259.8,0,0,19.0,102.0,0.1,29.6,2,14.0,0.02,agri,2050.0,2,12,220.5,84,1
211.4,0,0,46.0,688.0,3.7,34.4,1,78.0,0.26,agri,1129.0,2,5,107.6,68,1
202.7,1,1,70.2,1041.0,45.4,28.2,0,60.0,1.0,medicine,3575.0,5,9,929.5,40,2
192.1,1,0,38.6,515.0,1.8,32.3,0,12.0,0.03,food,11818.0,4,3,112.4,87,2
72.3,0,0,44.1,797.0,1.1,25.2,1,8.0,0.04,food,7051.0,4,12,25.3,89,1
242.1,0,0,32.2,408.0,0.5,30.5,0,13.0,0.04,construction,843.0,1,2,5.2,93,1
197.8,0,0,17.2,115.0,13.2,27.3,1,80.0,0.5,fuel,7703.0,3,6,171.4,61,1
409.0,1,1,55.3,961.0,2.2,29.8,2,70.0,1.0,medicine,10540.0,5,7,1711.4,41,2
251.8,0,0,36.8,408.0,3.0,19.8,0,100.0,0.5,construction,1652.0,1,7,67.1,68,1
93.9,0,0,28.0,790.0,9.7,21.3,0,84.0,0.13,construction,1507.0,1,10,17.9,71,1
485.9,0,0,32.2,422.0,0.1,31.6,2,7.0,0.1,agri,9938.0,2,1,437.1,82,1
311.0,2,2,61.0,870.0,9.8,23.7,2,60.0,1.0,construction,7245.0,1,7,3343.5,46,2
133.8,1,0,44.2,488.0,16.0,34.3,0,100.0,0.5,food,8270.0,4,8,167.4,51,2
105.6,1,1,51.6,550.0,15.0,30.9,2,60.0,1.0,construction,13944.0,1,7,527.8,42,2
95.4,0,0,39.6,790.0,9.2,20.6,1,100.0,0.25,agri,9542.0,2,7,58.2,64,1
206.2,1,0,40.0,470.0,0.9,20.2,2,8.0,0.04,food,1024.0,4,12,369.0,82,2
382.3,1,1,53.3,961.0,0.9,24.1,0,7.0,0.1,fuel,6984.0,3,3,410.0,84,2
99.0,0,0,34.8,790.0,13.1,33.6,2,100.0,0.25,fuel,3523.0,3,7,132.7,61,1
102.2,0,0,38.1,790.0,0.3,31.9,2,14.0,0.02,general,12186.0,1,2,87.0,85,1
149.2,1,1,54.1,1117.0,1.4,19.4,1,3.0,0.17,construction,5518.0,1,3,258.3,78,2
282.8,0,0,34.9,802.0,1.4,32.0,1,12.0,0.03,agri,11590.0,2,1,98.7,91,1
71.6,0,0,45.6,797.0,9.8,24.8,0,80.0,0.5,food,874.0,4,6,27.3,61,1
375.8,1,1,62.1,961.0,43.6,27.3,0,70.0,1.0,agri,7839.0,2,6,1653.3,41,2
73.6,0,0,50.2,797.0,1.0,28.9,1,48.0,0.26,construction,2704.0,1,5,34.0,71,1
306.0,0,0,13.7,20.0,4.0,25.8,3,13.0,0.04,construction,3968.0,1,2,625.7,85,1
94.5,0,0,35.0,790.0,0.1,23.2,0,14.0,0.02,fuel,7887.0,3,12,0.8,89,1
283.4,1,0,43.2,502.0,26.6,28.5,1,100.0,0.25,food,6678.0,4,6,578.0,49,2
260.0,0,0,16.0,102.0,3.1,25.6,1,14.0,0.02,medicine,12499.0,5,11,96.9,87,1
100.3,0,0,30.6,790.0,10.6,18.2,0,84.0,0.13,food,4267.0,4,4,20.5,65,1
100.6,0,0,28.5,790.0,0.6,27.1,1,84.0,0.13,food,7088.0,4,10,38.8,73,1
217.2,0,0,36.8,688.0,0.5,26.3,2,13.0,0.04,construction,7402.0,1,3,188.6,83,1
434.5,0,1,44.9,594.0,2.2,25.8,3,84.0,0.13,food,11910.0,4,10,1262.3,66,1
382.8,1,1,65.9,961.0,0.7,25.4,0,7.0,0.1,agri,13576.0,2,12,408.6,79,2
189.3,1,0,61.4,1238.0,4.5,29.2,1,4.0,0.14,fuel,1466.0,3,3,225.0,80,2
440.8,0,1,53.6,594.0,0.6,30.5,0,14.0,0.02,agri,1729.0,2,3,146.0,89,1
561.9,0,0,6.0,35.0,0.3,19.2,0,84.0,0.13,medicine,5571.0,5,10,30.9,83,1
318.5,2,2,63.4,870.0,6.5,21.1,0,36.0,1.0,general,804.0,1,10,2136.4,53,2
70.9,0,0,50.5,797.0,55.0,23.0,0,80.0,0.5,general,3482.0,1,7,143.1,56,2
161.6,1,1,48.8,578.0,2.5,31.2,0,13.0,0.04,fuel,14543.0,3,2,172.6,89,2
216.3,0,0,46.3,688.0,0.9,34.7,2,13.0,0.04,general,12271.0,1,2,189.9,89,1
314.9,2,2,52.3,870.0,0.3,23.8,1,6.0,0.16,fuel,9388.0,3,11,1765.5,68,2
459.5,0,1,44.6,594.0,1.2,20.1,1,84.0,0.13,medicine,4646.0,5,10,370.7,70,1
252.7,0,0,35.7,775.0,26.1,32.4,2,40.0,1.0,construction,7178.0,1,9,701.7,55,1
196.5,1,0,54.8,1238.0,3.4,31.2,1,4.0,0.14,fuel,14778.0,3,2,228.5,81,2
88.7,0,0,59.5,1438.0,0.1,20.8,2,4.0,0.14,construction,3596.0,1,1,82.2,80,1
280.2,0,0,39.0,215.0,5.1,30.5,1,10.0,0.08,construction,4814.0,1,2,122.3,90,1
191.2,1,0,66.4,1238.0,2.1,32.8,0,4.0,0.14,construction,7193.0,1,11,124.9,82,2
185.4,0,0,26.4,115.0,4.8,30.3,0,100.0,0.375,food,8549.0,4,7,42.6,66,1
388.9,1,1,47.5,574.0,1.6,21.2,1,15.0,0.01,agri,576.0,2,11,620.0,79,2
497.7,0,0,23.8,422.0,0.5,30.7,0,70.0,1.0,construction,4931.0,1,8,270.8,58,1
114.1,1,1,53.6,550.0,123.4,24.3,2,60.0,1.0,food,9099.0,4,6,1227.0,28,3
326.4,0,0,31.8,202.0,5.4,29.8,0,84.0,0.13,construction,9029.0,1,5,40.6,72,1
209.6,0,0,46.7,688.0,19.9,19.1,1,100.0,0.5,fuel,9251.0,3,8,219.0,61,1
75.3,0,0,47.5,797.0,23.0,22.6,0,80.0,0.5,medicine,1349.0,5,6,49.7,65,1
275.4,0,0,27.9,215.0,31.1,30.0,1,100.0,1.0,food,2638.0,4,6,547.9,49,2
275.2,0,0,29.9,215.0,5.2,19.5,2,60.0,0.52,agri,14976.0,2,4,372.8,62,1
333.9,0,0,19.1,20.0,19.9,25.2,0,100.0,0.5,agri,6444.0,2,6,195.8,63,1
113.7,1,1,38.7,550.0,7.3,27.7,0,60.0,1.0,medicine,5350.0,5,9,248.9,56,2
362.0,1,1,42.2,574.0,0.2,32.1,0,90.0,0.065,medicine,14140.0,5,4,373.3,63,2
204.9,0,0,37.2,688.0,0.5,32.8,2,13.0,0.04,construction,7144.0,1,12,178.1,87,1
279.5,0,0,27.4,215.0,2.0,19.4,1,100.0,1.0,food,11078.0,4,9,287.1,58,1
497.9,0,0,33.0,422.0,0.2,28.4,1,7.0,0.1,general,14371.0,1,11,181.3,87,1
267.9,0,0,23.1,215.0,1.2,22.8,3,100.0,1.0,medicine,4118.0,5,8,875.6,46,1
322.5,0,0,23.4,202.0,14.4,25.6,0,84.0,0.13,food,13643.0,4,5,86.7,73,1
207.2,1,0,41.2,470.0,0.5,25.0,0,8.0,0.04,food,10125.0,4,12,117.3,85,2
324.4,2,2,57.0,870.0,1.6,33.9,0,6.0,0.16,fuel,11097.0,3,11,1398.8,74,2
199.1,1,0,61.5,1238.0,5.7,29.1,1,40.0,1.0,fuel,14594.0,3,8,424.8,49,2
384.1,1,1,39.4,574.0,7.9,19.9,0,100.0,0.125,construction,12834.0,1,6,487.6,62,2
85.5,0,0,59.6,1438.0,14.3,20.0,0,40.0,1.0,general,10764.0,1,6,71.4,61,1
391.7,1,1,56.2,961.0,0.7,25.8,3,42.0,0.65,agri,12825.0,2,5,2245.3,57,2
325.4,0,0,16.1,20.0,5.5,25.0,0,78.0,0.26,medicine,7931.0,5,4,59.9,81,1
173.1,1,1,43.4,578.0,11.9,18.9,0,100.0,0.5,medicine,2888.0,5,6,299.7,57,2
265.4,0,0,36.6,802.0,9.6,26.8,2,72.0,0.195,food,13123.0,4,4,318.0,68,1
472.3,0,0,30.7,422.0,5.0,34.7,3,42.0,0.65,general,8311.0,1,5,1340.5,63,1
379.9,1,1,39.4,574.0,0.6,29.2,2,90.0,0.065,agri,14485.0,2,10,974.7,67,2
533.7,0,0,11.8,35.0,5.3,22.9,1,84.0,0.13,agri,12070.0,2,4,249.5,79,1
138.5,1,0,43.9,488.0,47.7,27.1,2,100.0,0.5,food,5093.0,4,6,755.1,38,2
321.1,2,2,54.8,870.0,4.7,22.7,2,6.0,0.16,general,9987.0,1,1,2671.7,69,2
183.4,1,0,40.1,515.0,5.5,28.5,3,72.0,0.195,medicine,6558.0,5,5,691.2,65,2
283.1,1,0,32.6,502.0,11.9,28.8,0,100.0,0.25,agri,8616.0,2,9,266.5,61,2
190.5,1,0,41.0,515.0,1.7,33.1,0,12.0,0.03,construction,12944.0,1,11,111.2,84,2
567.5,0,0,8.5,35.0,1.1,30.1,2,14.0,0.02,fuel,7159.0,3,1,493.6,84,1
177.4,1,0,62.5,1197.0,15.0,32.1,2,60.0,1.0,construction,12477.0,1,8,665.7,43,2
326.4,0,0,37.7,750.0,4.6,20.4,2,30.0,1.0,food,9942.0,4,6,610.2,56,1
273.3,1,0,40.5,502.0,4.4,32.3,1,84.0,0.13,construction,2331.0,1,5,322.2,65,2
447.8,0,1,41.5,594.0,0.8,29.7,2,14.0,0.02,construction,4550.0,1,2,623.4,86,1
284.0,0,0,22.5,215.0,3.3,26.7,0,10.0,0.08,fuel,4907.0,3,2,21.0,90,1
274.1,1,0,42.1,502.0,10.0,32.8,1,14.0,0.02,food,4274.0,4,3,341.5,82,2
322.6,2,2,56.8,870.0,3.3,27.5,1,6.0,0.16,food,13036.0,4,2,1879.1,70,2
442.1,0,1,42.6,594.0,5.2,34.6,0,100.0,0.25,construction,11229.0,1,9,234.9,64,1
145.9,1,0,44.1,488.0,4.3,32.6,2,100.0,0.5,construction,12171.0,1,9,351.5,51,2
323.6,0,0,45.4,750.0,55.0,30.4,0,30.0,1.0,agri,13155.0,2,8,880.7,51,2
139.4,1,1,58.9,1117.0,12.9,27.2,0,18.0,1.0,fuel,7297.0,3,5,336.3,58,2
264.6,1,0,43.8,502.0,3.9,23.1,0,84.0,0.13,general,13592.0,1,10,181.1,65,2
569.4,0,0,9.5,35.0,7.9,28.1,2,84.0,0.13,general,1003.0,1,4,629.0,71,1
242.0,0,0,30.3,408.0,66.4,32.5,2,78.0,0.26,general,9185.0,1,5,1325.0,53,3
317.3,0,0,30.9,202.0,0.4,33.5,2,14.0,0.02,food,8791.0,4,3,270.8,88,1
270.5,0,0,42.4,802.0,5.7,23.4,1,100.0,0.375,medicine,13442.0,5,9,167.1,61,1
263.5,1,0,50.7,762.0,1.3,28.7,0,12.0,0.03,construction,7929.0,1,1,151.5,86,2
326.5,0,0,43.1,750.0,0.4,26.3,1,3.0,0.17,fuel,11282.0,3,12,131.5,87,1
485.3,0,0,27.3,422.0,8.4,19.2,1,42.0,0.65,medicine,1162.0,5,5,422.2,65,1
135.0,1,0,40.4,488.0,4.0,34.5,0,78.0,0.26,general,9356.0,1,5,103.6,60,2
176.1,1,0,66.0,1197.0,0.2,26.8,2,6.0,0.16,construction,8795.0,1,12,331.6,73,2
270.3,0,0,14.6,102.0,0.5,33.8,1,14.0,0.02,food,2151.0,4,11,89.2,91,1
315.0,0,0,22.5,20.0,1.2,32.9,3,13.0,0.04,fuel,2407.0,3,11,615.2,85,1
164.2,1,1,50.7,578.0,11.0,25.2,2,100.0,0.5,medicine,9315.0,5,7,602.7,48,2
137.3,1,0,39.1,488.0,3.1,34.2,0,13.0,0.04,food,1363.0,4,11,84.4,85,2
111.1,1,1,40.8,550.0,5.8,19.9,0,6.0,0.16,medicine,2255.0,5,3,137.7,76,2
267.8,1,0,37.4,502.0,5.0,19.2,3,14.0,0.02,agri,10194.0,2,3,931.4,75,2
183.2,1,0,68.5,1197.0,9.9,28.1,2,60.0,1.0,medicine,10998.0,5,8,635.4,47,2
375.2,1,1,56.8,961.0,1.4,19.1,0,7.0,0.1,agri,6619.0,2,12,406.6,82,2
210.6,1,0,27.7,470.0,6.0,27.8,2,48.0,0.26,fuel,9958.0,3,5,459.7,71,2
289.7,0,0,21.5,215.0,23.9,25.3,0,100.0,1.0,medicine,11940.0,5,8,317.4,53,1
308.3,0,0,5.9,40.0,28.8,32.0,1,100.0,0.25,general,5882.0,1,7,346.4,62,1
202.0,1,1,64.5,1041.0,7.3,29.7,1,36.0,1.0,agri,2568.0,2,10,616.5,52,2
101.8,0,0,33.7,790.0,0.9,20.6,1,14.0,0.02,food,5439.0,4,2,34.3,88,1
93.8,0,0,38.3,790.0,0.8,23.3,0,14.0,0.02,agri,3659.0,2,11,1.6,95,1
325.1,0,0,14.8,40.0,2.2,29.7,0,14.0,0.02,construction,7829.0,1,3,11.6,90,1
397.6,1,1,41.1,574.0,0.8,18.7,0,15.0,0.01,construction,839.0,1,11,400.5,84,2
112.8,1,1,44.5,550.0,3.1,22.9,2,6.0,0.16,fuel,9243.0,3,3,313.8,78,2
149.7,1,1,59.5,1117.0,6.3,22.9,0,3.0,0.17,construction,5436.0,1,11,188.7,81,2
331.4,0,0,33.9,202.0,2.7,27.4,2,100.0,0.25,agri,6886.0,2,8,352.4,65,1
191.1,0,0,19.2,115.0,4.2,21.3,0,80.0,0.5,agri,14513.0,2,6,54.6,68,1
553.2,0,0,9.1,35.0,1.5,27.9,1,14.0,0.02,agri,7589.0,2,3,191.6,89,1
193.1,0,0,25.5,115.0,3.3,33.0,1,8.0,0.04,construction,3419.0,1,12,74.3,96,1
178.1,1,0,59.9,1197.0,0.1,26.1,3,6.0,0.16,construction,13687.0,1,11,613.3,74,2
316.9,0,0,16.5,40.0,12.1,32.8,0,100.0,0.25,medicine,12016.0,5,8,90.9,68,1
195.5,1,1,69.4,1041.0,29.3,34.0,3,36.0,1.0,agri,7509.0,2,5,1961.7,38,2
456.0,0,1,39.0,594.0,16.0,24.4,2,100.0,0.25,fuel,6105.0,3,7,958.2,58,1
175.2,0,0,19.5,68.0,1.0,27.8,2,14.0,0.02,fuel,8816.0,3,11,151.8,87,1
407.8,1,1,61.5,961.0,3.4,19.9,2,70.0,1.0,medicine,13450.0,5,7,1732.8,49,2
160.6,1,1,58.2,578.0,28.4,25.6,3,100.0,0.5,agri,777.0,2,9,1271.7,42,2
279.4,0,0,23.6,215.0,2.1,30.3,0,10.0,0.08,construction,5701.0,1,11,16.4,93,1
278.2,1,0,35.8,502.0,2.4,21.6,0,84.0,0.13,agri,11199.0,2,4,181.7,71,2
196.3,1,0,44.0,515.0,12.8,20.4,1,72.0,0.195,construction,11609.0,1,5,288.7,66,2
289.7,0,0,23.4,215.0,2.6,19.5,1,10.0,0.08,medicine,6403.0,5,2,114.2,89,1
200.9,0,0,29.5,688.0,0.4,19.9,0,13.0,0.04,food,7759.0,4,12,4.0,92,1
319.1,2,2,56.7,870.0,18.4,18.9,0,60.0,1.0,medicine,3870.0,5,9,2511.6,42,2
190.7,0,0,24.1,115.0,3.1,33.8,0,8.0,0.04,food,7408.0,4,2,10.7,92,1
427.9,0,1,35.2,594.0,16.2,34.6,1,100.0,0.25,medicine,2282.0,5,8,543.4,66,1
202.6,0,0,29.0,115.0,10.5,25.6,0,100.0,0.375,general,10398.0,1,8,65.4,69,1
175.4,1,0,68.7,1197.0,18.8,32.0,1,60.0,1.0,general,2572.0,1,9,469.2,49,2
113.0,1,1,41.5,550.0,7.9,26.4,1,60.0,1.0,construction,1288.0,1,7,348.0,50,2
497.1,0,0,27.9,422.0,2.3,18.0,0,42.0,0.65,construction,10751.0,1,4,168.6,73,1
186.5,0,0,24.1,115.0,31.1,18.1,0,100.0,0.375,food,1977.0,4,7,148.0,58,2
226.8,1,0,37.6,250.0,0.3,32.3,2,10.0,0.08,food,6790.0,4,12,410.1,78,2
281.1,0,0,19.8,102.0,4.8,34.4,1,84.0,0.13,construction,6121.0,1,5,128.6,72,1
86.1,0,0,60.1,1438.0,16.1,18.1,1,40.0,1.0,agri,14508.0,2,9,121.4,54,1
179.6,0,0,10.4,68.0,30.4,29.9,2,84.0,0.13,general,9840.0,1,5,334.5,65,2
296.0,2,2,43.3,870.0,2.7,34.3,1,36.0,1.0,fuel,3529.0,3,10,2458.7,52,2
276.3,0,0,25.2,215.0,2.1,18.9,2,10.0,0.08,construction,12830.0,1,3,257.2,91,1
471.0,0,0,29.6,422.0,14.1,26.0,1,70.0,1.0,agri,9312.0,2,6,635.7,56,1
72.5,0,0,43.2,797.0,2.1,29.1,1,80.0,0.5,agri,6229.0,2,8,45.5,67,1
171.6,1,1,42.1,578.0,0.2,33.1,0,13.0,0.04,food,2117.0,4,12,173.9,80,2
74.1,0,0,46.4,797.0,2.0,32.2,1,48.0,0.26,construction,6362.0,1,4,35.5,72,1
311.0,0,0,17.7,40.0,14.3,18.2,1,100.0,0.25,general,10324.0,1,6,224.4,66,1
475.9,0,0,33.2,422.0,0.9,31.1,0,7.0,0.1,construction,746.0,1,12,23.9,91,1
76.0,0,0,52.4,797.0,2.1,20.0,1,8.0,0.04,general,5547.0,1,11,27.8,84,1
192.5,0,0,20.8,115.0,0.0,23.1,2,100.0,0.375,medicine,842.0,5,8,211.3,64,1
197.6,1,0,28.6,515.0,15.6,31.3,0,100.0,0.375,fuel,1453.0,3,9,224.0,56,2
82.7,0,0,56.6,1438.0,0.7,26.2,0,4.0,0.14,construction,14388.0,1,2,5.3,92,1
574.3,0,0,12.7,35.0,16.6,34.9,0,100.0,0.25,construction,5802.0,1,9,212.8,69,1
170.2,0,0,19.9,68.0,0.2,20.4,1,14.0,0.02,food,2631.0,4,12,55.2,92,1
201.1,0,0,14.1,115.0,1.3,24.6,0,8.0,0.04,food,13804.0,4,11,6.4,97,1
264.3,0,0,16.9,102.0,10.1,33.1,0,100.0,0.25,agri,614.0,2,8,66.7,70,1
86.1,0,0,57.7,1438.0,3.1,20.3,0,24.0,0.91,general,7759.0,1,10,45.2,69,1
218.9,1,0,36.6,470.0,0.1,22.7,1,8.0,0.04,medicine,6776.0,5,11,221.4,88,2
81.1,0,0,59.7,1438.0,0.3,25.6,0,4.0,0.14,fuel,14429.0,3,11,4.8,88,1
71.8,0,0,39.5,797.0,42.6,34.9,1,80.0,0.5,general,9107.0,1,6,140.1,56,2
268.0,0,0,30.2,215.0,13.4,34.7,3,100.0,1.0,medicine,14184.0,5,9,1047.3,42,1
282.4,0,0,15.3,102.0,5.3,34.6,1,84.0,0.13,general,10916.0,1,4,131.9,75,1
175.5,1,0,68.7,1197.0,10.2,29.3,2,36.0,1.0,general,7734.0,1,4,611.7,46,2
313.9,0,0,19.7,202.0,0.2,24.1,0,100.0,0.25,medicine,12797.0,5,7,32.5,73,1
562.6,0,0,9.9,35.0,1.6,25.3,1,100.0,0.25,food,2218.0,4,8,262.4,69,1
303.5,2,2,54.3,870.0,1.0,33.6,0,6.0,0.16,medicine,11437.0,5,1,1297.9,80,2
208.4,1,1,76.0,1041.0,6.0,27.8,0,6.0,0.16,agri,8679.0,2,1,259.4,75,2
241.5,0,0,36.6,775.0,20.7,22.1,0,40.0,1.0,construction,1064.0,1,6,241.9,58,1
186.0,0,0,12.3,115.0,1.3,32.7,1,72.0,0.195,fuel,7992.0,3,4,80.3,82,1
200.0,0,0,19.1,115.0,1.3,24.0,2,48.0,0.26,general,7407.0,1,10,207.8,79,1
269.9,0,0,32.2,802.0,0.8,28.0,2,12.0,0.03,food,3503.0,4,3,234.5,83,1
315.8,0,0,13.0,202.0,0.3,34.0,2,84.0,0.13,construction,12619.0,1,10,292.0,74,1
206.5,0,0,34.2,688.0,22.9,31.1,2,100.0,0.5,fuel,8317.0,3,8,398.3,55,1
190.8,0,0,21.7,115.0,3.8,18.6,0,72.0,0.195,construction,6540.0,1,4,24.7,76,1
320.7,0,0,9.3,20.0,1.1,34.5,0,100.0,0.5,agri,3841.0,2,8,75.9,65,1
166.3,0,0,16.9,68.0,20.7,34.4,2,100.0,0.25,agri,12802.0,2,8,264.4,58,1
262.9,1,0,46.8,762.0,0.7,23.5,0,12.0,0.03,construction,5879.0,1,2,148.6,86,2
254.8,0,0,33.5,775.0,8.7,34.7,1,24.0,0.91,agri,10085.0,2,10,281.2,71,1
138.9,1,1,62.4,1117.0,0.6,30.1,1,3.0,0.17,agri,14307.0,2,12,237.2,77,2
372.2,1,1,67.8,961.0,2.6,28.2,2,42.0,0.65,food,1986.0,4,5,1300.4,54,2
74.1,0,0,52.9,797.0,10.0,24.3,1,80.0,0.5,medicine,13854.0,5,8,58.7,64,1
214.1,0,0,43.2,688.0,28.7,32.6,0,100.0,0.5,fuel,5507.0,3,7,174.1,54,1
241.0,0,0,41.8,775.0,20.3,32.6,1,24.0,0.91,agri,14233.0,2,10,348.4,65,1
179.9,1,0,71.0,1197.0,1.0,20.8,0,6.0,0.16,general,865.0,1,1,115.9,82,2
222.3,1,0,37.2,470.0,0.1,30.0,0,48.0,0.26,medicine,10721.0,5,5,153.1,75,2
278.6,1,0,38.5,502.0,3.4,34.4,2,84.0,0.13,general,13008.0,1,10,545.0,61,2
271.0,0,0,22.5,215.0,20.7,27.4,2,60.0,0.52,food,2780.0,4,5,505.2,63,1
240.3,0,0,41.8,775.0,3.0,32.8,0,24.0,0.91,general,9561.0,1,4,125.7,71,1
169.2,1,1,46.8,578.0,9.4,33.4,0,78.0,0.26,agri,4948.0,2,10,240.9,62,2
187.2,1,0,36.9,515.0,1.3,23.7,0,12.0,0.03,medicine,11865.0,5,11,107.8,90,2
303.4,0,0,12.8,40.0,5.7,29.7,0,84.0,0.13,construction,14195.0,1,5,39.3,76,1
314.4,0,0,13.2,40.0,4.8,28.7,2,84.0,0.13,agri,1970.0,2,10,323.0,68,1
185.8,1,0,33.4,515.0,0.7,25.3,3,12.0,0.03,agri,2143.0,2,2,610.2,79,2
198.1,1,1,60.8,1041.0,1.3,30.0,0,6.0,0.16,construction,4332.0,1,12,223.1,78,2
262.0,0,0,39.7,802.0,4.5,22.6,3,72.0,0.195,food,9253.0,4,4,583.1,63,1
182.0,1,0,57.3,1238.0,1.0,34.2,1,40.0,1.0,fuel,9543.0,3,9,358.9,54,2
111.6,1,1,50.9,550.0,1.6,18.3,1,6.0,0.16,agri,5037.0,2,3,192.8,82,2
473.9,0,0,33.8,422.0,7.6,32.7,0,42.0,0.65,general,9020.0,1,5,204.4,72,1
86.7,0,0,57.7,1438.0,3.0,24.9,0,4.0,0.14,construction,7029.0,1,2,8.3,86,1
282.4,0,0,21.3,102.0,1.8,32.3,3,14.0,0.02,food,1977.0,4,3,551.3,82,1
204.4,1,0,39.1,470.0,5.5,19.6,1,80.0,0.5,agri,4251.0,2,9,312.3,59,2
327.8,0,0,34.7,202.0,23.1,18.2,1,100.0,0.25,medicine,4009.0,5,7,310.7,65,1
326.8,0,0,14.8,20.0,1.3,21.4,0,100.0,0.5,medicine,4101.0,5,9,78.3,69,1
378.9,1,1,62.2,961.0,4.2,22.2,2,70.0,1.0,general,9298.0,1,6,1627.5,43,2
325.5,0,0,15.0,20.0,0.4,34.2,2,78.0,0.26,construction,14024.0,1,10,332.0,73,1
190.8,1,0,64.3,1238.0,0.6,28.5,1,4.0,0.14,general,1493.0,1,2,208.7,81,2
138.2,1,0,32.9,488.0,49.1,27.9,0,100.0,0.5,medicine,13483.0,5,8,397.5,48,2
203.3,1,1,63.3,1041.0,9.3,25.7,2,36.0,1.0,food,6700.0,4,10,937.1,52,2
268.4,0,0,16.1,102.0,1.5,33.9,0,14.0,0.02,construction,4865.0,1,11,7.2,88,1
310.1,2,2,55.0,870.0,0.1,26.3,1,6.0,0.16,construction,4273.0,1,11,1735.4,78,2
425.0,0,1,46.2,594.0,0.6,19.2,2,14.0,0.02,medicine,12305.0,5,3,589.3,81,1
315.7,0,0,9.6,40.0,1.2,22.9,1,84.0,0.13,construction,8266.0,1,5,124.8,73,1
433.7,0,1,40.2,594.0,0.9,32.1,3,14.0,0.02,food,14316.0,4,2,1178.5,86,1
186.7,1,0,38.9,515.0,7.4,26.6,1,100.0,0.375,construction,7795.0,1,7,273.9,54,2
184.2,1,0,60.9,1238.0,3.4,29.5,2,4.0,0.14,general,6869.0,1,11,362.4,76,2
197.2,0,0,22.8,115.0,0.7,29.5,0,48.0,0.26,general,2204.0,1,10,22.7,78,1
188.5,0,0,20.6,115.0,0.0,30.2,0,100.0,0.375,general,1712.0,1,7,30.0,74,1
523.6,0,0,6.5,35.0,2.9,33.1,0,100.0,0.25,fuel,3724.0,3,8,74.0,69,1
195.4,0,0,19.3,115.0,8.4,22.2,0,48.0,0.26,medicine,3684.0,5,5,44.9,78,1
198.7,1,0,52.1,1238.0,8.4,27.5,1,24.0,0.91,construction,10598.0,1,4,417.9,53,2
346.9,0,0,46.1,750.0,1.4,26.5,1,18.0,1.0,agri,8221.0,2,4,351.9,65,1
528.8,0,0,5.5,35.0,1.3,20.0,1,14.0,0.02,agri,3491.0,2,11,181.5,91,1
242.4,0,0,23.1,775.0,4.0,21.5,0,4.0,0.14,construction,11995.0,1,1,26.4,92,1
105.3,1,1,52.3,550.0,6.4,27.5,0,36.0,1.0,medicine,645.0,5,4,227.1,61,2
398.7,1,1,64.3,961.0,1.4,32.2,1,7.0,0.1,general,5338.0,1,2,664.6,79,2
247.0,0,0,30.0,408.0,1.1,21.1,0,13.0,0.04,general,12151.0,1,11,7.1,91,1
101.9,0,0,32.1,790.0,0.3,19.1,1,14.0,0.02,agri,14537.0,2,1,33.3,92,1
200.9,0,0,45.0,688.0,4.6,19.3,1,13.0,0.04,fuel,14959.0,3,3,81.9,84,1
241.4,0,0,27.7,408.0,1.0,21.7,0,13.0,0.04,fuel,5859.0,3,2,6.8,87,1
239.1,0,0,37.3,408.0,6.8,29.2,1,78.0,0.26,food,577.0,4,10,135.8,66,1
144.3,1,0,48.5,488.0,28.7,27.3,2,100.0,0.5,food,12144.0,4,6,528.0,46,2
175.3,0,0,20.5,68.0,1.5,29.4,0,84.0,0.13,food,3327.0,4,5,12.4,79,1
197.4,1,0,42.7,515.0,14.1,33.4,1,100.0,0.375,agri,13392.0,2,9,331.5,59,2
272.1,0,0,44.0,802.0,2.0,20.7,0,12.0,0.03,general,3433.0,1,2,10.2,89,1
96.2,0,0,37.8,790.0,1.0,21.7,1,14.0,0.02,medicine,3225.0,5,3,32.5,87,1
234.6,0,0,39.1,775.0,10.5,24.5,2,24.0,0.91,fuel,4443.0,3,4,457.8,66,1
203.8,1,1,62.9,1041.0,0.6,34.0,0,6.0,0.16,food,3268.0,4,1,226.1,84,2
326.2,0,0,17.2,20.0,0.4,28.1,2,13.0,0.04,food,11781.0,4,1,283.1,85,1
200.1,0,0,15.3,115.0,2.0,19.5,1,80.0,0.5,medicine,952.0,5,9,125.2,73,1
263.5,0,0,20.2,102.0,0.5,32.9,0,100.0,0.25,construction,10169.0,1,8,28.6,67,1
186.6,1,0,63.4,1238.0,30.1,33.1,3,40.0,1.0,fuel,12469.0,3,9,1470.1,41,2
569.0,0,0,13.8,35.0,4.5,27.8,2,100.0,0.25,fuel,14966.0,3,8,631.1,68,1
136.4,1,0,47.6,488.0,0.2,25.0,1,78.0,0.26,medicine,5035.0,5,10,160.4,62,2
385.9,1,1,44.6,574.0,3.1,18.2,2,90.0,0.065,construction,1065.0,1,5,1028.6,66,2
101.3,0,0,38.3,790.0,1.4,27.6,1,14.0,0.02,construction,8924.0,1,1,34.9,89,1
225.5,1,0,33.4,470.0,22.6,25.5,0,80.0,0.5,general,9154.0,1,7,330.4,62,2
573.6,0,0,2.6,35.0,41.9,23.8,3,100.0,0.25,general,14726.0,1,8,2619.8,57,2
345.1,0,0,38.0,750.0,3.7,30.2,1,3.0,0.17,medicine,10284.0,5,2,158.8,87,1
203.6,1,1,70.0,1041.0,2.8,34.0,1,36.0,1.0,food,10608.0,4,10,580.3,50,2
274.0,0,0,24.7,102.0,1.2,20.7,0,14.0,0.02,agri,10725.0,2,3,6.1,97,1
199.1,1,1,72.6,1041.0,27.5,32.2,1,60.0,1.0,fuel,12653.0,3,7,846.5,46,2
391.5,1,1,28.9,574.0,38.1,27.1,0,90.0,0.065,construction,8803.0,1,5,951.1,60,2
224.9,1,0,23.8,250.0,14.0,27.9,0,60.0,0.52,construction,960.0,1,10,272.4,68,2
545.8,0,0,4.3,35.0,0.1,28.3,2,14.0,0.02,medicine,13348.0,5,12,462.4,93,1
232.7,0,0,35.4,408.0,29.4,22.9,1,100.0,0.5,construction,12787.0,1,7,315.2,55,1
133.9,1,0,40.5,488.0,9.0,19.1,0,100.0,0.5,agri,3556.0,2,7,141.7,54,2
379.4,1,1,54.0,961.0,9.5,22.6,2,70.0,1.0,construction,5231.0,1,7,1753.9,43,2
539.0,0,0,6.2,35.0,4.2,20.2,1,100.0,0.25,construction,1407.0,1,6,276.5,66,1
194.2,1,1,74.4,1041.0,3.3,20.5,0,6.0,0.16,agri,1700.0,2,11,228.2,77,2
189.7,1,0,58.2,1238.0,1.6,27.6,1,4.0,0.14,general,7830.0,1,3,212.0,80,2
467.7,0,0,26.8,422.0,1.8,22.7,1,7.0,0.1,medicine,4944.0,5,2,182.3,89,1
340.6,0,0,34.7,202.0,0.1,25.1,1,14.0,0.02,construction,10175.0,1,2,110.3,88,1
565.2,0,0,16.1,35.0,1.4,23.3,3,14.0,0.02,general,13398.0,1,12,1096.2,86,1
187.6,1,0,59.7,1238.0,1.0,26.3,1,4.0,0.14,fuel,12654.0,3,3,206.8,84,2
266.3,1,0,35.9,502.0,8.5,24.9,2,84.0,0.13,fuel,2327.0,3,10,568.2,56,2
82.4,0,0,67.0,1438.0,5.3,21.0,1,4.0,0.14,medicine,9849.0,5,11,39.0,87,1
189.7,0,0,15.5,115.0,11.3,24.3,1,80.0,0.5,general,3186.0,1,6,156.2,67,1
141.8,1,1,57.3,1117.0,0.2,21.1,3,3.0,0.17,medicine,14564.0,5,12,658.1,77,2
181.3,1,0,64.8,1197.0,0.9,24.4,0,36.0,1.0,agri,8573.0,2,10,240.2,61,2
253.5,0,0,31.0,775.0,4.2,21.0,0,4.0,0.14,fuel,13174.0,3,2,28.4,92,1
224.2,1,0,34.0,250.0,2.8,18.0,1,60.0,0.52,food,11379.0,4,4,329.9,65,2
468.1,0,0,30.8,422.0,3.7,24.0,3,42.0,0.65,medicine,1081.0,5,4,1301.5,62,1
239.9,0,0,36.2,775.0,3.1,22.0,1,40.0,1.0,agri,11528.0,2,9,252.6,65,1
424.8,0,1,40.9,594.0,6.7,25.3,2,84.0,0.13,fuel,2975.0,3,5,703.2,71,1
133.4,1,0,53.6,488.0,5.0,23.8,3,100.0,0.5,fuel,7893.0,3,7,571.1,48,2
98.0,0,0,23.1,790.0,0.2,18.6,2,84.0,0.13,general,2830.0,1,10,90.4,77,1
104.8,1,1,46.2,550.0,1.2,22.0,0,6.0,0.16,food,3016.0,4,1,117.7,80,2
108.7,1,1,42.3,550.0,1.6,24.7,2,6.0,0.16,agri,3936.0,2,12,295.8,79,2
86.5,0,0,54.3,1438.0,16.2,33.8,0,40.0,1.0,medicine,12489.0,5,6,76.1,59,1
270.7,0,0,34.0,802.0,5.1,22.0,3,12.0,0.03,fuel,10184.0,3,3,560.8,82,1
224.3,1,0,31.6,470.0,0.6,28.4,2,8.0,0.04,food,14234.0,4,2,399.3,85,2
101.8,0,0,37.9,790.0,2.9,22.7,3,14.0,0.02,general,5022.0,1,2,202.3,87,1
373.9,1,1,37.4,574.0,0.7,25.5,2,90.0,0.065,construction,14065.0,1,4,961.2,60,2
188.9,0,0,21.6,115.0,6.6,33.8,0,80.0,0.5,agri,14537.0,2,8,61.2,65,1
263.6,1,0,52.9,762.0,10.4,22.2,2,100.0,0.375,agri,11431.0,2,6,657.2,50,2
201.6,1,1,65.3,1041.0,14.1,31.9,1,36.0,1.0,fuel,13327.0,3,10,683.1,56,2
343.1,0,0,20.5,202.0,3.5,23.3,0,14.0,0.02,food,3177.0,4,1,18.0,95,1
260.8,1,0,44.3,762.0,2.3,32.1,1,72.0,0.195,medicine,4675.0,5,10,306.8,65,2
329.8,0,0,20.0,202.0,3.6,28.1,0,84.0,0.13,construction,8427.0,1,5,32.7,75,1
150.8,1,1,62.7,1117.0,7.0,30.5,2,30.0,1.0,fuel,8716.0,3,8,673.9,53,2
345.3,0,0,43.3,750.0,43.4,24.8,0,30.0,1.0,agri,8864.0,2,7,658.7,58,2
239.1,0,0,41.6,408.0,1.7,34.7,0,100.0,0.5,medicine,10051.0,5,9,58.7,65,1
245.8,0,0,27.8,775.0,2.4,20.9,3,40.0,1.0,medicine,12372.0,5,7,817.0,61,1
188.7,1,0,58.0,1197.0,0.6,34.5,0,6.0,0.16,general,1265.0,1,11,120.2,78,2
285.4,0,0,20.4,215.0,8.5,21.9,1,100.0,1.0,general,5709.0,1,9,339.1,54,1
320.0,2,2,51.1,870.0,3.4,26.1,2,6.0,0.16,food,5259.0,4,1,2621.9,67,2
208.7,1,0,43.7,470.0,0.3,25.9,0,48.0,0.26,medicine,6024.0,5,10,144.7,73,2
180.4,0,0,4.2,68.0,12.5,24.5,3,84.0,0.13,agri,2220.0,2,4,444.9,68,1
250.4,0,0,33.9,408.0,5.1,27.0,1,13.0,0.04,agri,2838.0,2,3,104.1,86,1
182.8,1,0,65.8,1197.0,78.0,27.6,1,60.0,1.0,medicine,2187.0,5,6,1714.7,31,3
177.0,0,0,12.4,68.0,44.2,29.3,1,100.0,0.25,general,6347.0,1,8,314.2,57,2
149.8,1,1,53.1,1117.0,6.4,28.4,0,3.0,0.17,food,5646.0,4,3,189.3,79,2
73.4,0,0,46.7,797.0,10.8,29.2,0,80.0,0.5,general,2774.0,1,9,29.3,62,1
144.6,1,0,33.9,488.0,0.6,25.1,1,100.0,0.5,fuel,11107.0,3,9,201.1,57,2
256.2,0,0,43.4,775.0,0.7,33.1,1,4.0,0.14,construction,11410.0,1,2,100.4,91,1
311.0,0,0,18.9,40.0,20.4,25.3,0,100.0,0.25,medicine,12577.0,5,7,139.0,68,1
391.6,1,1,66.2,961.0,3.4,25.3,0,7.0,0.1,agri,12741.0,2,2,442.9,79,2
144.8,1,1,50.9,1117.0,3.3,23.2,0,18.0,1.0,construction,4444.0,1,10,296.4,64,2
185.4,0,0,27.5,115.0,34.3,34.4,0,48.0,0.26,medicine,10231.0,5,5,151.1,70,2
221.6,1,0,34.0,470.0,3.8,24.8,3,8.0,0.04,agri,874.0,2,1,763.2,81,2
267.7,1,0,44.7,762.0,4.4,29.7,0,72.0,0.195,construction,4955.0,1,10,196.5,65,2
190.9,1,0,58.5,1238.0,1.4,20.7,2,4.0,0.14,construction,13520.0,1,2,363.0,73,2
527.1,0,0,4.3,35.0,3.6,19.7,0,84.0,0.13,construction,844.0,1,4,52.3,80,1
222.2,1,0,40.0,470.0,35.3,20.3,3,80.0,0.5,medicine,6585.0,5,9,1525.9,45,2
205.3,1,0,35.7,470.0,0.4,27.8,1,48.0,0.26,general,664.0,1,5,242.2,71,2
87.4,0,0,48.8,1438.0,3.2,18.7,3,24.0,0.91,agri,8391.0,2,4,279.1,65,1
259.0,1,0,41.3,762.0,2.5,22.6,1,12.0,0.03,fuel,1233.0,3,2,274.8,84,2
436.7,0,1,40.0,594.0,19.3,31.7,2,100.0,0.25,fuel,13991.0,3,9,977.5,57,1
161.2,1,1,49.9,578.0,11.6,23.7,0,100.0,0.5,agri,7642.0,2,6,277.2,52,2
193.9,0,0,13.8,115.0,2.8,24.7,1,72.0,0.195,medicine,12179.0,5,4,88.6,76,1
200.1,0,0,16.0,115.0,1.6,20.5,1,72.0,0.195,food,10356.0,4,5,87.3,72,1
258.0,0,0,30.3,802.0,0.1,24.7,1,72.0,0.195,food,4268.0,4,10,106.3,76,1
280.4,0,0,16.2,102.0,8.1,23.1,0,14.0,0.02,general,10250.0,1,3,33.4,88,1
289.1,0,0,22.0,215.0,22.6,32.0,2,100.0,1.0,fuel,5727.0,3,8,750.8,45,1
345.8,0,0,44.0,750.0,0.5,19.4,1,3.0,0.17,fuel,13058.0,3,11,139.9,90,1
195.8,1,1,62.3,1041.0,1.3,28.5,0,6.0,0.16,agri,8681.0,2,11,220.2,75,2
201.8,0,0,24.6,115.0,3.4,33.9,1,100.0,0.375,medicine,11803.0,5,8,115.4,67,1
461.5,0,0,26.2,422.0,22.5,18.7,2,70.0,1.0,general,4169.0,1,8,1195.9,49,1
321.3,2,2,55.2,870.0,1.5,20.1,1,36.0,1.0,fuel,9117.0,3,5,2633.0,53,2
272.8,1,0,30.2,502.0,18.2,27.8,2,100.0,0.25,fuel,3781.0,3,6,731.7,54,2
275.2,0,0,14.5,102.0,2.7,28.6,0,84.0,0.13,construction,2399.0,1,5,23.8,79,1
343.6,0,0,36.8,750.0,2.9,18.8,1,3.0,0.17,medicine,13968.0,5,1,153.0,91,1
186.8,1,0,59.1,1238.0,7.7,18.2,0,24.0,0.91,medicine,9655.0,5,5,263.7,59,2
327.6,0,0,31.0,202.0,3.4,21.0,3,84.0,0.13,fuel,1231.0,3,10,693.6,63,1
239.0,1,0,28.6,250.0,19.8,27.6,0,100.0,1.0,construction,9213.0,1,7,461.3,45,2
305.1,0,0,17.2,40.0,39.5,24.9,0,100.0,0.25,fuel,8119.0,3,8,299.8,60,2
171.3,1,1,52.4,578.0,44.6,31.5,3,100.0,0.5,fuel,4789.0,3,6,1817.2,41,2
460.8,0,0,36.9,422.0,2.9,21.7,1,70.0,1.0,food,736.0,4,9,482.8,61,1
276.2,1,0,28.6,502.0,6.2,29.3,0,100.0,0.25,medicine,1869.0,5,8,223.1,66,2
87.8,0,0,56.4,1438.0,2.2,29.0,2,4.0,0.14,medicine,11807.0,5,12,85.5,79,1
221.2,1,0,26.0,250.0,0.0,30.1,0,10.0,0.08,food,8334.0,4,11,128.2,84,2
320.9,0,0,10.7,40.0,22.8,27.6,1,84.0,0.13,general,6010.0,1,4,274.4,70,1
343.6,0,0,39.6,750.0,8.2,22.1,0,30.0,1.0,fuel,3065.0,3,8,239.1,64,1
398.5,1,1,47.9,574.0,3.0,27.0,0,90.0,0.065,food,4933.0,4,10,436.8,68,2
188.2,1,0,56.0,1238.0,21.6,29.6,1,40.0,1.0,agri,2361.0,2,6,530.2,49,2
74.6,0,0,50.2,797.0,18.9,29.9,1,80.0,0.5,agri,11089.0,2,7,75.9,60,1
273.2,1,0,36.2,502.0,0.3,18.4,1,14.0,0.02,general,12824.0,1,11,273.9,78,2
82.4,0,0,57.2,1438.0,0.4,34.4,1,4.0,0.14,agri,8350.0,2,2,31.9,82,1
527.2,0,0,15.9,35.0,0.6,19.8,0,100.0,0.25,general,9748.0,1,9,58.0,79,1
76.4,0,0,42.0,797.0,0.4,26.5,0,48.0,0.26,agri,9398.0,2,5,8.5,81,1
202.8,0,0,16.0,115.0,24.8,27.9,1,100.0,0.375,medicine,7260.0,5,6,221.5,65,1
189.0,0,0,23.5,115.0,18.1,27.5,0,100.0,0.375,agri,5079.0,2,6,88.7,63,1
205.5,1,0,43.6,470.0,4.7,29.9,0,8.0,0.04,fuel,11466.0,3,3,132.7,81,2
328.5,0,0,23.4,202.0,5.4,33.9,1,84.0,0.13,fuel,14555.0,3,5,153.7,72,1
73.1,0,0,41.2,797.0,0.1,23.8,1,8.0,0.04,agri,14967.0,2,11,24.3,88,1
189.1,1,0,31.0,515.0,0.6,24.8,1,12.0,0.03,general,6909.0,1,11,192.1,80,2
385.6,1,1,42.4,574.0,0.2,31.8,3,15.0,0.01,general,2696.0,1,2,1679.9,79,2
144.7,1,1,51.6,1117.0,10.5,27.9,0,30.0,1.0,agri,6180.0,2,9,334.6,55,2
94.7,0,0,33.9,790.0,21.0,21.6,1,100.0,0.25,agri,13143.0,2,6,84.1,60,1
272.1,0,0,30.9,802.0,2.9,31.7,1,72.0,0.195,agri,13666.0,2,4,124.8,74,1
277.1,0,0,26.4,215.0,3.2,20.4,1,60.0,0.52,food,1669.0,4,4,183.8,66,1
198.4,1,0,51.4,515.0,4.8,28.0,2,12.0,0.03,medicine,11860.0,5,3,377.7,76,2
176.0,1,0,70.3,1197.0,8.5,20.1,0,6.0,0.16,fuel,6379.0,3,2,140.7,75,2
380.6,1,1,40.4,574.0,1.5,33.9,2,15.0,0.01,general,14283.0,1,1,965.5,86,2
80.9,0,0,54.6,1438.0,21.4,19.5,0,24.0,0.91,food,6878.0,4,10,75.8,66,1
75.1,0,0,51.7,797.0,1.5,18.9,0,8.0,0.04,food,3637.0,4,3,2.6,90,1
268.4,0,0,36.6,802.0,0.0,31.9,0,12.0,0.03,fuel,12097.0,3,12,3.2,95,1
266.4,1,0,44.8,762.0,1.2,28.7,1,12.0,0.03,construction,14390.0,1,12,274.3,86,2
311.3,0,0,20.5,40.0,16.7,21.7,0,100.0,0.25,agri,1364.0,2,7,116.0,73,1
212.2,0,0,42.5,688.0,27.9,26.9,0,100.0,0.5,fuel,6907.0,3,8,167.7,53,1
173.9,1,0,64.8,1197.0,0.2,21.4,0,6.0,0.16,construction,7920.0,1,12,109.5,80,2
139.8,1,0,41.6,488.0,6.4,32.3,0,100.0,0.5,food,1532.0,4,9,138.9,53,2
312.3,2,2,60.2,870.0,18.4,32.9,0,60.0,1.0,food,1921.0,4,8,2455.9,44,2
181.3,1,0,57.9,1238.0,0.4,27.2,3,4.0,0.14,fuel,12711.0,3,11,621.4,75,2
333.1,0,0,32.8,750.0,1.3,20.9,0,30.0,1.0,agri,14848.0,2,8,186.5,69,1
75.4,0,0,52.4,797.0,28.6,20.4,0,80.0,0.5,fuel,561.0,3,9,60.9,52,1
198.3,0,0,6.8,115.0,3.3,25.0,0,8.0,0.04,food,5363.0,4,3,11.5,94,1
183.9,1,0,47.7,515.0,1.0,34.3,0,72.0,0.195,medicine,6201.0,5,5,122.4,71,2
472.2,0,0,34.1,422.0,1.3,21.0,1,70.0,1.0,fuel,7389.0,3,6,478.2,61,1
573.2,0,0,15.9,35.0,0.1,22.8,3,14.0,0.02,fuel,3990.0,3,12,1086.6,85,1
456.5,0,1,35.9,594.0,17.9,21.8,3,84.0,0.13,medicine,3123.0,5,5,1689.4,58,1
272.9,1,0,51.1,762.0,3.9,30.4,2,72.0,0.195,construction,12160.0,1,5,556.4,57,2
238.4,1,0,31.2,250.0,0.3,29.8,1,10.0,0.08,construction,6340.0,1,3,248.8,80,2
330.6,0,0,21.2,202.0,40.8,20.3,0,84.0,0.13,construction,2802.0,1,4,312.8,72,2
256.0,0,0,43.3,775.0,3.7,33.4,1,4.0,0.14,construction,6567.0,1,1,113.7,82,1
266.2,1,0,38.0,502.0,16.2,27.8,1,100.0,0.25,fuel,8769.0,3,7,433.9,53,2
184.5,1,0,66.0,1238.0,11.9,18.4,1,24.0,0.91,construction,4287.0,1,4,412.6,54,2
336.4,0,0,29.4,202.0,13.3,31.5,1,100.0,0.25,food,2431.0,4,6,234.7,69,1
95.7,0,0,24.3,790.0,8.6,28.2,0,100.0,0.25,medicine,7695.0,5,6,21.9,69,1
83.2,0,0,60.7,1438.0,5.8,18.4,0,4.0,0.14,food,7339.0,4,3,11.3,86,1
297.3,0,0,17.9,40.0,9.9,27.4,2,84.0,0.13,construction,3346.0,1,5,343.8,62,1
180.9,1,0,41.1,515.0,1.3,27.8,2,12.0,0.03,construction,6730.0,1,12,324.6,82,2
348.5,0,0,38.1,750.0,11.1,27.7,0,18.0,1.0,medicine,4079.0,5,10,264.7,65,1
323.6,0,0,35.6,202.0,1.2,28.0,0,14.0,0.02,agri,1773.0,2,1,7.2,87,1
232.1,0,0,30.4,408.0,3.2,21.6,2,13.0,0.04,fuel,701.0,3,3,215.6,81,1
385.7,1,1,53.0,574.0,23.2,31.6,1,100.0,0.125,medicine,10346.0,5,7,973.9,51,2
187.8,1,0,70.7,1197.0,57.9,30.2,0,36.0,1.0,agri,3851.0,2,4,903.7,41,2
457.5,0,1,53.7,594.0,0.4,21.8,0,14.0,0.02,food,11492.0,4,1,150.4,88,1
200.1,0,0,22.8,115.0,0.5,25.0,0,8.0,0.04,fuel,11837.0,3,11,4.3,94,1
400.4,1,1,57.6,961.0,2.1,34.4,1,7.0,0.1,medicine,11075.0,5,2,676.1,78,2
282.1,0,0,24.1,215.0,1.3,26.6,1,60.0,0.52,fuel,11306.0,3,10,176.4,65,1
95.4,0,0,36.5,790.0,0.7,22.6,3,14.0,0.02,fuel,5868.0,3,11,182.9,81,1
215.3,0,0,31.5,688.0,2.0,32.4,0,13.0,0.04,food,7550.0,4,12,8.8,87,1
173.0,1,0,68.8,1197.0,7.1,23.4,0,60.0,1.0,medicine,12951.0,5,7,259.0,51,2
253.8,0,0,38.2,775.0,12.7,20.5,1,24.0,0.91,fuel,5308.0,3,4,307.7,66,1
195.0,0,0,18.2,115.0,3.3,26.7,2,8.0,0.04,general,12991.0,1,3,181.6,86,1
318.0,0,0,32.0,202.0,32.9,23.6,2,100.0,0.25,agri,14213.0,2,9,669.7,59,2
264.9,0,0,23.6,102.0,21.1,20.2,1,100.0,0.25,fuel,4159.0,3,9,236.2,66,1
238.6,1,0,31.5,250.0,2.6,18.9,2,100.0,1.0,fuel,6059.0,3,9,742.7,49,2
94.7,0,0,36.5,790.0,32.6,27.3,1,100.0,0.25,construction,9263.0,1,7,119.0,56,2
308.8,0,0,12.0,40.0,2.5,32.1,2,14.0,0.02,construction,10230.0,1,11,278.1,90,1
193.7,1,0,57.1,1238.0,5.6,32.9,1,24.0,0.91,general,13353.0,1,5,387.7,60,2
93.6,0,0,26.6,790.0,51.6,29.5,0,100.0,0.25,medicine,14160.0,5,6,144.1,60,2
240.1,0,0,38.6,775.0,13.1,24.7,0,24.0,0.91,general,5679.0,1,4,175.2,68,1
541.4,0,0,10.1,35.0,3.2,25.5,1,84.0,0.13,general,2506.0,1,10,232.4,78,1
89.1,0,0,62.5,1438.0,1.3,19.2,1,4.0,0.14,medicine,6622.0,5,3,35.8,89,1
252.0,0,0,31.5,775.0,2.9,31.9,1,40.0,1.0,agri,4221.0,2,9,264.1,69,1
276.8,0,0,39.0,802.0,1.0,23.5,0,12.0,0.03,construction,1294.0,1,11,6.6,90,1
470.7,0,0,33.4,422.0,0.7,21.7,0,7.0,0.1,food,2245.0,4,11,22.2,93,1
181.8,1,0,35.0,515.0,2.6,33.8,1,12.0,0.03,general,5558.0,1,2,193.3,82,2
385.1,1,1,62.0,961.0,1.2,30.2,2,7.0,0.1,agri,5448.0,2,1,1013.1,75,2
167.1,1,1,47.9,578.0,2.0,26.7,1,13.0,0.04,food,14810.0,4,1,272.5,81,2
317.9,0,0,16.4,40.0,4.5,27.2,0,100.0,0.25,agri,601.0,2,6,52.6,69,1
227.8,1,0,37.5,250.0,6.2,31.9,0,100.0,1.0,fuel,4963.0,3,7,334.4,46,2
472.4,0,0,32.2,422.0,2.2,19.2,0,42.0,0.65,medicine,6552.0,5,5,159.8,69,1
165.9,1,1,36.1,578.0,25.7,33.4,0,78.0,0.26,agri,14324.0,2,5,333.3,61,2
258.1,1,0,33.9,502.0,0.5,23.1,2,14.0,0.02,agri,2276.0,2,11,454.2,79,2
111.5,1,1,45.9,550.0,0.4,19.2,0,6.0,0.16,agri,14354.0,2,2,123.1,87,2
141.3,1,1,67.8,1117.0,37.3,20.9,3,30.0,1.0,general,13683.0,1,7,1519.3,41,2
350.9,0,0,36.0,750.0,41.6,21.4,0,30.0,1.0,agri,6203.0,2,7,634.8,55,2
271.2,0,0,32.4,802.0,2.6,29.8,1,100.0,0.375,general,12048.0,1,8,151.2,61,1
286.7,0,0,23.2,215.0,21.0,20.6,0,100.0,1.0,fuel,6496.0,3,6,289.6,51,1
104.9,1,1,44.3,550.0,1.0,34.2,0,6.0,0.16,general,3097.0,1,2,117.3,84,2
143.4,1,1,58.0,1117.0,6.7,20.4,3,3.0,0.17,construction,6033.0,1,2,725.0,73,2
277.4,0,0,33.1,802.0,4.3,28.7,3,100.0,0.375,agri,13806.0,2,9,673.7,57,1
207.7,1,1,69.0,1041.0,2.9,31.7,0,6.0,0.16,medicine,9717.0,5,2,242.2,77,2
197.1,1,1,67.8,1041.0,0.3,28.1,0,6.0,0.16,agri,3352.0,2,11,217.3,83,2
301.9,2,2,65.5,870.0,7.8,28.9,0,60.0,1.0,fuel,12448.0,3,8,2059.8,48,2
140.7,1,1,58.4,1117.0,2.4,31.6,1,3.0,0.17,general,868.0,1,3,248.0,81,2
346.5,0,0,34.0,750.0,6.4,18.9,0,30.0,1.0,construction,1668.0,1,6,227.6,69,1
299.1,0,0,9.7,40.0,0.3,19.5,0,14.0,0.02,agri,13928.0,2,12,3.2,95,1
140.1,1,1,61.6,1117.0,35.9,21.5,2,18.0,1.0,general,8533.0,1,5,986.9,52,2
270.9,1,0,37.3,502.0,0.5,20.8,0,14.0,0.02,general,11517.0,1,2,150.4,87,2
211.5,1,0,42.3,470.0,42.8,30.5,0,80.0,0.5,fuel,4227.0,3,6,512.1,52,2
264.1,1,0,41.8,762.0,0.4,30.6,0,12.0,0.03,food,14442.0,4,1,147.4,87,2
338.1,0,0,41.7,750.0,1.0,24.0,2,3.0,0.17,food,12271.0,4,1,327.3,87,1
265.7,0,0,24.5,102.0,4.1,32.4,3,84.0,0.13,general,9537.0,1,4,568.8,66,1
194.6,1,0,57.2,1238.0,31.7,32.4,1,40.0,1.0,construction,10269.0,1,6,664.7,47,2
308.5,0,0,9.3,40.0,6.0,24.1,2,84.0,0.13,food,8413.0,4,10,325.6,74,1
329.9,0,0,33.5,750.0,5.8,30.7,3,30.0,1.0,agri,10869.0,2,6,1150.7,59,1
355.5,0,0,41.3,750.0,1.3,26.1,2,3.0,0.17,fuel,4157.0,3,2,346.1,87,1
189.0,1,0,44.8,515.0,1.3,21.5,1,100.0,0.375,agri,2721.0,2,9,245.6,59,2
219.9,1,0,28.2,470.0,12.9,30.4,1,80.0,0.5,general,1492.0,1,6,388.2,61,2
114.4,1,1,46.9,550.0,1.3,23.6,0,36.0,1.0,medicine,7365.0,5,4,226.4,63,2
101.5,0,0,34.0,790.0,0.3,32.8,2,14.0,0.02,food,3136.0,4,12,86.5,86,1
278.0,0,0,38.4,215.0,2.5,30.0,0,100.0,1.0,construction,3570.0,1,9,161.7,55,1
419.8,0,1,45.6,594.0,3.9,27.5,1,84.0,0.13,agri,14320.0,2,5,363.3,72,1
347.5,0,0,38.0,750.0,20.2,27.0,0,18.0,1.0,fuel,8221.0,3,4,343.5,66,1
181.2,1,0,74.8,1197.0,0.9,20.8,3,6.0,0.16,construction,11051.0,1,12,630.9,66,2
175.1,1,1,49.3,578.0,3.8,28.1,1,13.0,0.04,food,9236.0,4,2,295.1,77,2
269.7,0,0,11.4,102.0,11.9,23.7,2,100.0,0.25,food,3194.0,4,8,352.5,65,1
325.9,0,0,32.6,750.0,1.3,29.2,1,3.0,0.17,general,5532.0,1,2,136.3,86,1
208.7,1,1,75.9,1041.0,5.1,26.5,0,6.0,0.16,agri,7384.0,2,11,254.8,75,2
265.6,0,0,26.7,102.0,27.4,18.2,1,100.0,0.25,fuel,1738.0,3,9,285.5,62,1
188.5,1,0,67.0,1197.0,10.2,28.4,1,36.0,1.0,food,1586.0,4,5,433.9,47,2
259.4,0,0,35.1,802.0,27.2,22.1,2,100.0,0.375,fuel,1398.0,3,6,511.9,51,1
141.1,1,0,47.4,488.0,0.3,18.6,0,13.0,0.04,food,6615.0,4,2,79.5,83,2
181.3,1,0,30.7,515.0,4.1,27.8,0,72.0,0.195,construction,2046.0,1,4,131.7,73,2
96.7,0,0,34.9,790.0,1.7,31.0,2,100.0,0.25,fuel,4635.0,3,6,100.6,67,1
192.5,1,0,56.0,1238.0,11.8,26.2,0,40.0,1.0,fuel,13907.0,3,8,316.0,58,2
181.6,1,0,44.6,515.0,2.7,33.5,0,72.0,0.195,medicine,5477.0,5,10,127.0,75,2
279.5,0,0,18.0,102.0,8.3,26.8,1,84.0,0.13,construction,1656.0,1,5,146.0,74,1
493.9,0,0,32.1,422.0,24.3,27.8,2,70.0,1.0,construction,6393.0,1,9,1323.6,47,1
202.4,0,0,15.2,115.0,4.0,33.3,0,48.0,0.26,medicine,3426.0,5,10,32.9,82,1
197.8,1,0,35.4,515.0,21.4,29.5,2,100.0,0.375,general,7375.0,1,6,596.3,49,2
262.6,0,0,16.7,102.0,15.2,18.7,0,100.0,0.25,construction,14777.0,1,8,90.2,62,1
368.9,1,1,39.5,574.0,2.6,21.5,1,100.0,0.125,food,805.0,4,6,636.7,67,2
257.4,0,0,39.3,802.0,2.0,31.9,0,12.0,0.03,construction,12529.0,1,3,9.6,90,1
221.6,1,0,33.3,250.0,5.0,30.8,0,10.0,0.08,medicine,14104.0,5,1,149.9,86,2
371.5,1,1,44.5,574.0,1.7,29.9,2,15.0,0.01,agri,1425.0,2,3,945.7,77,2
262.0,1,0,48.6,762.0,1.1,23.2,1,12.0,0.03,agri,13108.0,2,3,269.4,80,2
135.5,1,0,47.2,488.0,57.1,21.7,0,100.0,0.5,fuel,9319.0,3,6,494.6,41,2
179.0,1,0,66.8,1197.0,4.1,21.9,1,6.0,0.16,agri,2936.0,2,2,213.8,75,2
165.6,1,1,51.3,578.0,0.9,19.0,0,13.0,0.04,fuel,9168.0,3,11,170.5,84,2
111.8,1,1,45.7,550.0,2.7,29.9,0,6.0,0.16,general,10530.0,1,3,129.7,74,2
315.0,2,2,57.2,870.0,0.2,24.3,1,36.0,1.0,fuel,13694.0,3,10,2542.8,52,2
337.2,0,0,25.3,202.0,9.4,31.6,1,100.0,0.25,general,6098.0,1,9,207.3,69,1
277.4,1,0,42.2,762.0,4.9,19.4,0,72.0,0.195,fuel,8471.0,3,10,206.3,72,2
193.4,0,0,21.1,115.0,7.1,21.5,0,12.0,0.03,general,14592.0,1,3,21.0,95,1
85.1,0,0,55.3,1438.0,1.8,26.0,0,24.0,0.91,medicine,2372.0,5,10,42.7,70,1
96.0,0,0,30.5,790.0,3.3,26.0,0,14.0,0.02,medicine,14129.0,5,2,4.8,89,1
315.0,0,0,22.1,20.0,7.8,26.2,3,13.0,0.04,food,1228.0,4,11,686.8,82,1
187.1,0,0,19.5,115.0,4.9,22.8,1,48.0,0.26,general,6711.0,1,10,99.5,75,1
93.4,0,0,35.5,790.0,24.2,18.2,1,100.0,0.25,general,8265.0,1,8,91.5,61,1
179.6,1,0,66.0,1197.0,1.0,33.1,1,6.0,0.16,agri,13940.0,2,11,200.8,79,2
507.4,0,0,32.2,422.0,4.3,25.7,0,42.0,0.65,general,4546.0,1,4,188.8,69,1
213.0,1,0,33.5,470.0,60.2,18.9,0,48.0,0.26,construction,6874.0,1,5,770.3,60,3
270.3,0,0,17.2,102.0,0.2,23.4,3,14.0,0.02,medicine,14198.0,5,12,513.7,85,1
260.6,1,0,40.9,762.0,12.7,33.5,0,100.0,0.375,construction,7024.0,1,8,274.6,58,2
494.4,0,0,32.6,422.0,17.4,34.9,1,70.0,1.0,food,6382.0,4,8,718.6,48,1
82.2,0,0,70.1,1438.0,20.0,32.5,0,24.0,0.91,food,8385.0,4,10,74.0,61,1
203.9,1,1,62.1,1041.0,0.7,34.8,2,6.0,0.16,agri,2972.0,2,12,547.7,79,2
242.2,0,0,36.1,775.0,9.4,25.3,2,40.0,1.0,food,8859.0,4,7,492.6,63,1
187.0,1,0,60.1,1238.0,21.9,22.1,0,40.0,1.0,fuel,632.0,3,9,377.2,47,2
558.2,0,0,10.4,35.0,11.3,25.6,2,100.0,0.25,food,2522.0,4,6,720.1,67,1
392.7,1,1,58.3,961.0,3.6,27.9,0,7.0,0.1,agri,7140.0,2,2,447.0,85,2
336.4,0,0,37.2,750.0,15.3,22.1,2,18.0,1.0,food,14516.0,4,4,762.1,58,1
546.9,0,0,4.4,35.0,0.6,26.9,2,14.0,0.02,agri,1249.0,2,1,469.0,93,1
70.7,0,0,47.0,797.0,1.9,24.0,0,48.0,0.26,construction,3288.0,1,10,9.3,71,1
206.0,0,0,49.5,688.0,16.2,25.0,3,13.0,0.04,agri,4003.0,2,3,520.2,73,1
203.6,1,1,71.3,1041.0,12.6,28.3,0,36.0,1.0,food,9144.0,4,4,488.3,51,2
286.7,0,0,20.1,215.0,3.3,32.3,0,100.0,1.0,construction,14323.0,1,9,170.9,55,1
268.0,0,0,31.6,215.0,2.9,23.9,0,60.0,0.52,construction,4701.0,1,5,73.6,78,1
95.4,0,0,28.6,790.0,0.5,25.0,0,14.0,0.02,construction,6168.0,1,2,1.3,94,1
241.0,1,0,26.8,250.0,62.6,31.6,1,100.0,1.0,food,11777.0,4,8,1754.2,29,3
248.6,0,0,28.4,408.0,9.8,24.1,0,78.0,0.26,agri,10673.0,2,10,63.1,75,1
256.8,1,0,43.7,502.0,0.8,23.6,0,14.0,0.02,agri,12269.0,2,1,143.8,87,2
274.2,0,0,30.9,215.0,3.3,30.4,1,60.0,0.52,general,13769.0,1,10,182.0,66,1
468.3,0,0,30.0,422.0,11.7,27.7,0,42.0,0.65,fuel,8900.0,3,5,238.2,65,1
181.8,0,0,10.2,68.0,1.8,28.7,0,14.0,0.02,construction,7634.0,1,2,5.6,94,1
186.4,1,0,34.2,515.0,1.9,26.6,1,72.0,0.195,general,2433.0,1,5,217.5,65,2
198.1,1,0,61.1,1238.0,44.5,30.0,2,40.0,1.0,agri,11633.0,2,7,1270.1,40,2
298.0,0,0,24.3,40.0,18.6,32.2,1,100.0,0.25,medicine,8166.0,5,7,245.8,67,1
160.2,1,1,37.8,578.0,19.7,19.4,1,100.0,0.5,fuel,2435.0,3,6,454.8,50,2
183.4,1,0,67.9,1197.0,4.8,20.8,1,6.0,0.16,construction,2047.0,1,2,222.3,79,2
233.4,1,0,29.2,250.0,41.0,32.1,0,100.0,1.0,fuel,1215.0,3,8,717.3,40,2
107.3,1,1,47.9,550.0,0.9,22.4,1,36.0,1.0,general,12607.0,1,10,297.4,57,2
449.3,0,1,47.7,594.0,0.4,30.5,0,14.0,0.02,medicine,14966.0,5,3,147.7,85,1
209.9,1,0,41.3,470.0,4.6,33.8,3,80.0,0.5,agri,14646.0,2,6,893.4,55,2
181.7,1,0,55.6,1238.0,7.6,29.0,1,4.0,0.14,food,14746.0,4,3,231.1,79,2
239.5,1,0,37.9,250.0,13.3,18.7,2,100.0,1.0,fuel,7160.0,3,7,875.0,39,2
296.2,0,0,16.0,40.0,0.8,26.0,0,14.0,0.02,medicine,8117.0,5,1,5.2,96,1
181.8,1,0,29.0,515.0,2.4,24.1,1,12.0,0.03,agri,10102.0,2,12,192.5,83,2
495.4,0,0,32.8,422.0,2.8,23.4,0,70.0,1.0,construction,9166.0,1,9,291.0,57,1
202.2,0,0,16.0,115.0,9.0,25.6,1,72.0,0.195,fuel,12408.0,3,10,116.2,74,1
185.1,1,0,38.3,515.0,8.2,32.3,1,100.0,0.375,fuel,3291.0,3,6,275.7,58,2
192.0,1,1,68.9,1041.0,12.1,31.9,0,6.0,0.16,construction,8424.0,1,3,272.2,80,2
297.3,2,2,55.0,870.0,8.5,27.9,0,36.0,1.0,agri,1327.0,2,10,2045.6,50,2
232.0,1,0,33.0,250.0,25.3,18.3,2,100.0,1.0,fuel,5238.0,3,9,1030.9,36,2
275.8,0,0,33.4,215.0,0.8,22.7,2,10.0,0.08,fuel,10291.0,3,12,248.9,91,1
300.9,2,2,59.4,870.0,9.6,20.1,2,60.0,1.0,medicine,14460.0,5,8,3234.5,38,2
192.4,1,0,61.6,1238.0,3.9,19.8,1,40.0,1.0,general,11831.0,1,6,398.3,57,2
448.9,0,1,46.7,594.0,32.4,19.0,0,100.0,0.25,fuel,9786.0,3,7,560.2,61,2
304.2,2,2,51.5,870.0,3.2,18.6,2,6.0,0.16,general,3050.0,1,12,2484.6,72,2
95.4,0,0,31.2,790.0,2.9,33.6,2,84.0,0.13,construction,7759.0,1,10,93.9,69,1
333.2,0,0,10.1,20.0,0.3,29.0,1,13.0,0.04,fuel,9108.0,3,11,111.9,91,1
143.6,1,0,42.6,488.0,0.3,25.6,0,13.0,0.04,medicine,4775.0,5,12,80.9,84,2
477.9,0,0,29.9,422.0,2.5,22.3,2,7.0,0.1,fuel,2000.0,3,3,455.3,87,1
75.2,0,0,47.3,797.0,7.6,20.9,3,8.0,0.04,general,10314.0,1,3,163.3,82,1
205.8,0,0,38.1,688.0,0.4,23.2,2,13.0,0.04,fuel,2550.0,3,1,178.3,83,1
423.7,0,1,50.2,594.0,7.4,21.4,1,84.0,0.13,medicine,10318.0,5,4,400.6,64,1
346.2,0,0,40.7,750.0,16.6,22.5,2,30.0,1.0,construction,8758.0,1,6,802.2,57,1
201.5,0,0,25.5,115.0,81.3,20.8,3,100.0,0.375,general,14791.0,1,7,2113.0,44,3
244.5,0,0,35.1,408.0,6.1,31.6,3,100.0,0.5,fuel,6051.0,3,7,652.0,54,1
491.3,0,0,36.3,422.0,0.3,25.4,3,7.0,0.1,general,14141.0,1,12,974.1,81,1
261.2,1,0,38.0,502.0,1.5,30.5,0,14.0,0.02,food,13727.0,4,12,149.9,85,2
385.1,1,1,48.7,574.0,10.7,22.4,0,90.0,0.065,fuel,12434.0,3,4,500.6,61,2
194.7,1,1,65.5,1041.0,2.1,24.9,0,6.0,0.16,construction,13689.0,1,11,223.0,80,2
371.2,1,1,38.1,574.0,36.0,35.0,1,100.0,0.125,agri,14499.0,2,7,1216.8,52,2
281.2,0,0,32.0,802.0,10.5,31.5,0,100.0,0.375,fuel,12331.0,3,8,90.8,64,1
84.0,0,0,57.6,1438.0,1.2,23.8,1,40.0,1.0,agri,2915.0,2,9,84.8,60,1
335.6,0,0,14.0,20.0,9.1,22.8,3,78.0,0.26,construction,7703.0,1,10,831.5,64,1
173.8,1,1,42.7,578.0,5.2,30.0,0,78.0,0.26,agri,9741.0,2,4,226.5,67,2
296.7,2,2,57.5,870.0,4.5,27.1,2,36.0,1.0,agri,6765.0,2,4,3189.4,48,2
185.3,1,0,76.1,1197.0,0.9,33.1,1,6.0,0.16,food,6552.0,4,12,206.9,71,2
270.0,0,0,25.8,215.0,2.0,18.3,0,100.0,1.0,construction,11173.0,1,6,154.4,57,1
240.6,0,0,35.2,775.0,9.3,20.8,2,40.0,1.0,general,2586.0,1,9,488.8,62,1
104.6,1,1,50.7,550.0,0.3,28.0,0,36.0,1.0,medicine,6629.0,5,5,203.7,51,2
75.6,0,0,50.9,797.0,9.4,30.4,1,80.0,0.5,agri,3556.0,2,7,58.8,59,1
189.9,0,0,12.3,115.0,9.4,32.1,2,72.0,0.195,medicine,10204.0,5,5,226.5,70,1
179.1,1,0,60.2,1197.0,0.7,21.5,3,6.0,0.16,medicine,7463.0,5,12,621.5,77,2
244.7,0,0,35.4,775.0,16.2,33.6,2,40.0,1.0,general,9000.0,1,8,562.6,61,1
319.8,0,0,14.4,20.0,0.2,25.9,0,13.0,0.04,construction,14308.0,1,12,5.6,93,1
240.8,0,0,32.4,408.0,8.8,27.2,0,78.0,0.26,fuel,9533.0,3,4,56.9,69,1
109.4,1,1,43.4,550.0,22.6,21.7,3,60.0,1.0,general,10801.0,1,9,989.8,39,2
109.1,1,1,48.3,550.0,3.6,19.4,0,6.0,0.16,medicine,14505.0,5,3,129.1,77,2
203.2,0,0,43.7,688.0,9.2,22.2,1,78.0,0.26,medicine,9410.0,5,4,125.2,70,1
394.9,1,1,48.9,574.0,0.7,23.6,1,90.0,0.065,general,3575.0,1,4,637.9,63,2
136.3,1,0,35.1,488.0,0.6,25.0,0,13.0,0.04,medicine,10364.0,5,1,77.4,82,2
201.3,0,0,22.6,115.0,2.2,20.7,0,80.0,0.5,general,9527.0,1,6,51.2,73,1
475.7,0,0,29.0,422.0,0.8,31.1,3,7.0,0.1,general,6394.0,1,2,950.8,88,1
195.2,1,0,37.0,515.0,0.9,33.3,2,12.0,0.03,fuel,12827.0,3,1,347.5,82,2
259.4,1,0,43.1,762.0,51.7,18.8,1,100.0,0.375,general,9855.0,1,7,1026.9,41,2
461.6,0,0,34.6,422.0,42.6,18.8,1,70.0,1.0,general,12429.0,1,8,1218.3,47,2
159.8,1,1,42.6,578.0,9.6,25.8,1,78.0,0.26,agri,7797.0,2,5,335.4,62,2
184.8,1,0,62.3,1197.0,1.3,20.5,2,6.0,0.16,medicine,9390.0,5,11,354.5,77,2
318.7,0,0,27.0,202.0,4.7,26.8,0,14.0,0.02,fuel,12154.0,3,11,22.3,89,1
144.4,1,0,49.5,488.0,51.0,26.5,0,100.0,0.5,general,8430.0,1,9,438.3,43,2
311.4,0,0,17.9,40.0,0.3,25.1,0,14.0,0.02,construction,10940.0,1,3,3.7,92,1
259.2,0,0,31.7,802.0,1.3,24.1,1,12.0,0.03,construction,3917.0,1,1,90.2,91,1
286.0,0,0,28.8,215.0,9.5,20.2,0,10.0,0.08,general,6699.0,1,3,47.3,92,1
173.9,1,0,67.6,1197.0,2.4,30.9,2,6.0,0.16,medicine,14074.0,5,1,339.7,71,2
310.4,2,2,62.9,870.0,18.0,27.1,1,36.0,1.0,fuel,7343.0,3,10,3133.2,44,2
549.5,0,0,1.5,35.0,29.7,32.1,1,100.0,0.25,agri,8805.0,2,6,633.7,61,1
379.8,1,1,58.8,961.0,1.9,26.3,0,7.0,0.1,fuel,14265.0,3,11,416.1,81,2
372.6,1,1,43.9,574.0,3.4,25.8,1,100.0,0.125,food,5670.0,4,8,652.6,56,2
228.8,1,0,28.2,250.0,68.2,24.4,1,100.0,1.0,agri,11513.0,2,8,2004.9,28,3
163.1,1,1,53.6,578.0,3.3,18.4,0,13.0,0.04,agri,8674.0,2,2,177.0,81,2
257.2,1,0,40.7,762.0,0.9,18.9,2,12.0,0.03,construction,5612.0,1,12,458.1,81,2
327.1,0,0,12.2,20.0,0.3,33.4,1,13.0,0.04,food,1688.0,4,12,110.2,91,1
169.7,0,0,16.9,68.0,2.1,34.6,1,14.0,0.02,agri,4411.0,2,12,60.3,90,1
183.6,1,0,71.8,1197.0,6.5,34.8,0,36.0,1.0,general,2148.0,1,10,271.2,51,2
159.7,1,1,46.8,578.0,33.1,31.6,0,13.0,0.04,fuel,2693.0,3,3,339.7,80,2
210.4,1,0,33.5,470.0,7.5,30.9,0,80.0,0.5,fuel,1984.0,3,7,215.1,62,2
198.2,1,1,69.2,1041.0,8.1,28.8,0,6.0,0.16,construction,2072.0,1,2,258.0,82,2
570.7,0,0,0.0,35.0,5.5,20.9,1,14.0,0.02,food,14220.0,4,3,236.0,100,1
488.9,0,0,27.6,422.0,10.3,18.9,2,70.0,1.0,food,2744.0,4,6,1010.2,55,1
171.5,0,0,13.1,68.0,2.9,24.3,1,84.0,0.13,construction,14805.0,1,5,72.8,70,1
200.7,0,0,36.3,688.0,3.0,18.9,2,100.0,0.5,agri,7923.0,2,8,256.1,59,1
85.2,0,0,54.5,1438.0,10.2,20.9,1,24.0,0.91,fuel,3547.0,3,5,97.4,60,1
168.3,0,0,16.4,68.0,35.4,18.4,0,84.0,0.13,general,2467.0,1,5,128.4,71,2
183.3,1,0,55.7,1238.0,1.1,28.9,0,4.0,0.14,food,12712.0,4,12,116.2,83,2
262.2,1,0,42.2,502.0,0.1,30.0,1,14.0,0.02,medicine,1811.0,5,11,261.6,82,2
407.5,1,1,59.7,961.0,2.5,23.7,1,42.0,0.65,food,2288.0,4,5,939.4,60,2
212.9,1,0,35.3,470.0,0.6,31.1,0,8.0,0.04,fuel,5914.0,3,11,120.8,88,2
299.2,2,2,55.0,870.0,1.6,30.0,0,6.0,0.16,medicine,9609.0,5,12,1289.5,72,2
173.2,1,0,74.2,1197.0,93.8,31.3,3,60.0,1.0,fuel,8534.0,3,6,1861.7,18,3
135.4,1,0,48.3,488.0,4.2,32.3,2,78.0,0.26,food,13463.0,4,4,287.0,64,2
505.4,0,0,35.3,422.0,0.3,27.3,1,7.0,0.1,construction,2918.0,1,3,184.8,91,1
195.7,1,0,53.5,1238.0,28.0,19.5,0,40.0,1.0,general,762.0,1,7,448.8,51,2
480.2,0,0,35.8,422.0,7.2,28.5,0,70.0,1.0,general,2247.0,1,9,323.6,60,1
248.4,0,0,34.0,408.0,1.5,34.6,3,78.0,0.26,general,1912.0,1,4,544.3,69,1
323.5,0,0,37.0,202.0,11.0,24.0,1,100.0,0.25,construction,4207.0,1,9,209.5,67,1
374.9,1,1,42.7,574.0,1.6,21.3,2,15.0,0.01,agri,10847.0,2,12,952.3,83,2
262.1,0,0,20.9,102.0,3.6,32.8,1,84.0,0.13,medicine,2570.0,5,10,114.6,73,1
267.0,1,0,35.2,502.0,32.7,23.4,2,100.0,0.25,fuel,5017.0,3,9,943.3,50,2
172.8,1,1,43.7,578.0,3.1,26.2,1,78.0,0.26,fuel,5955.0,3,10,323.5,68,2
192.4,0,0,21.9,115.0,2.5,31.7,1,12.0,0.03,agri,4407.0,2,3,70.8,83,1
371.5,1,1,50.8,574.0,50.1,30.3,0,100.0,0.125,medicine,9462.0,5,8,1261.2,55,2
240.2,0,0,33.4,408.0,0.7,24.1,1,13.0,0.04,fuel,1264.0,3,12,82.3,90,1
267.1,0,0,19.3,215.0,3.5,27.1,2,10.0,0.08,fuel,2939.0,3,2,256.8,87,1
329.5,0,0,44.7,750.0,0.9,22.9,1,3.0,0.17,construction,12455.0,1,1,135.8,82,1
188.4,1,0,40.3,515.0,0.8,22.7,2,100.0,0.375,construction,607.0,1,9,401.3,56,2
390.7,1,1,52.0,961.0,0.1,27.7,3,42.0,0.65,medicine,10267.0,5,10,2223.8,64,2
373.0,1,1,50.1,961.0,0.8,22.1,1,7.0,0.1,agri,5673.0,2,11,614.9,76,2
94.7,0,0,27.3,790.0,12.6,32.1,3,100.0,0.25,agri,13727.0,2,7,247.8,64,1
169.9,0,0,14.7,68.0,0.0,30.6,1,14.0,0.02,food,904.0,4,12,54.8,94,1
263.2,0,0,26.6,102.0,0.9,28.7,0,14.0,0.02,construction,8692.0,1,1,4.9,93,1
234.9,0,0,36.4,775.0,0.5,30.8,0,4.0,0.14,medicine,6889.0,5,12,14.3,85,1
279.6,1,0,40.2,502.0,2.5,33.0,0,14.0,0.02,construction,13385.0,1,2,165.6,84,2
304.7,0,0,19.7,40.0,3.8,26.7,0,84.0,0.13,construction,3388.0,1,5,31.1,75,1
268.0,0,0,35.2,802.0,1.7,33.6,3,12.0,0.03,general,7247.0,1,3,524.3,88,1
186.4,0,0,16.1,115.0,4.3,25.4,1,80.0,0.5,construction,10961.0,1,6,125.0,70,1
355.0,0,0,42.7,750.0,40.5,26.8,1,30.0,1.0,construction,2164.0,1,7,889.1,59,2
317.7,0,0,26.4,202.0,1.1,22.6,1,14.0,0.02,general,14548.0,1,11,107.7,88,1
189.7,1,0,30.9,515.0,0.1,27.4,3,12.0,0.03,agri,3273.0,2,11,618.2,77,2
445.1,0,1,37.1,594.0,1.9,18.7,1,14.0,0.02,fuel,14257.0,3,3,334.9,85,1
210.0,1,0,33.7,470.0,16.0,18.9,3,80.0,0.5,food,11612.0,4,9,1050.9,52,2
142.2,1,0,41.7,488.0,3.1,29.0,0,13.0,0.04,medicine,8159.0,5,1,87.4,86,2
298.4,2,2,57.3,870.0,19.7,26.2,3,60.0,1.0,general,6062.0,1,8,3208.2,32,2
143.9,1,1,56.3,1117.0,14.3,28.3,0,30.0,1.0,construction,14507.0,1,9,355.6,51,2
134.8,1,0,44.9,488.0,4.1,18.4,0,78.0,0.26,construction,1661.0,1,4,103.7,64,2
244.4,0,0,39.4,775.0,0.0,19.4,3,4.0,0.14,agri,12890.0,2,3,492.0,84,1
171.1,1,1,48.5,578.0,0.0,31.3,1,13.0,0.04,medicine,3877.0,5,12,269.5,82,2
320.7,0,0,12.8,40.0,1.9,34.7,0,14.0,0.02,construction,11992.0,1,11,10.1,92,1
94.9,0,0,38.7,790.0,0.5,35.0,1,84.0,0.13,food,13574.0,4,4,36.5,70,1
281.5,0,0,22.5,102.0,0.0,19.3,2,14.0,0.02,fuel,7169.0,3,2,238.2,84,1
313.3,0,0,10.7,40.0,3.3,31.7,1,100.0,0.25,fuel,7790.0,3,8,155.7,70,1
260.4,1,0,51.3,502.0,4.2,23.7,0,84.0,0.13,general,11535.0,1,4,179.6,68,2
316.6,0,0,11.2,40.0,8.2,18.9,0,100.0,0.25,construction,8866.0,1,7,70.4,67,1
135.2,1,0,31.2,488.0,5.8,29.8,1,100.0,0.5,food,8651.0,4,9,207.9,59,2
256.7,1,0,39.6,502.0,0.3,33.0,3,14.0,0.02,fuel,4425.0,3,3,835.3,76,2
177.7,1,0,68.8,1197.0,8.4,33.0,1,36.0,1.0,general,7325.0,1,4,396.5,50,2
191.0,1,1,60.8,1041.0,1.3,31.4,0,36.0,1.0,fuel,12889.0,3,10,378.1,56,2
205.0,1,1,71.3,1041.0,3.2,20.0,1,36.0,1.0,agri,8235.0,2,4,587.6,53,2
196.9,0,0,14.9,115.0,0.6,31.7,0,12.0,0.03,fuel,8284.0,3,11,3.8,94,1
146.1,1,0,37.6,488.0,8.1,32.8,0,100.0,0.5,agri,1977.0,2,7,151.4,59,2
112.5,1,1,53.9,550.0,0.4,24.3,0,6.0,0.16,fuel,6392.0,3,1,124.3,82,2
269.6,0,0,37.2,802.0,1.1,31.9,1,12.0,0.03,general,8560.0,1,11,92.6,87,1
147.9,1,1,61.5,1117.0,6.1,20.4,1,30.0,1.0,construction,5401.0,1,9,442.6,61,2
281.0,1,0,46.4,502.0,14.0,19.5,2,100.0,0.25,general,7672.0,1,6,700.3,53,2
76.9,0,0,51.6,797.0,3.0,25.0,0,80.0,0.5,agri,13042.0,2,9,20.5,66,1
191.5,0,0,12.4,115.0,3.1,22.1,0,80.0,0.5,food,2457.0,4,7,51.4,69,1
303.7,2,2,63.8,870.0,21.2,25.5,2,60.0,1.0,food,11473.0,4,7,3264.6,35,2
476.9,0,0,29.2,422.0,8.2,20.6,2,42.0,0.65,food,4072.0,4,4,748.1,64,1
296.5,2,2,50.8,870.0,0.1,32.6,1,6.0,0.16,food,8150.0,4,12,1659.7,77,2
396.1,1,1,68.1,961.0,0.3,32.7,0,7.0,0.1,fuel,5904.0,3,1,419.2,77,2
192.1,0,0,16.8,115.0,12.5,19.2,1,80.0,0.5,fuel,12147.0,3,7,163.7,67,1
382.4,1,1,47.1,574.0,5.7,29.3,0,15.0,0.01,construction,8783.0,1,3,429.6,81,2
215.2,0,0,45.6,688.0,5.9,23.1,3,78.0,0.26,food,8404.0,4,5,505.8,62,1
86.4,0,0,61.3,1438.0,4.1,19.7,2,4.0,0.14,medicine,12927.0,5,11,87.9,78,1
337.1,0,0,37.2,750.0,1.6,25.4,2,30.0,1.0,medicine,1595.0,5,6,597.9,60,1
173.5,1,1,45.2,578.0,1.0,28.1,0,13.0,0.04,agri,14442.0,2,1,179.0,82,2
76.3,0,0,46.5,797.0,0.8,21.8,0,8.0,0.04,fuel,8666.0,3,11,1.9,92,1
323.8,0,0,15.9,40.0,0.0,22.0,2,14.0,0.02,food,7418.0,4,2,273.9,86,1
251.9,0,0,36.4,408.0,22.0,19.3,0,100.0,0.5,food,1754.0,4,8,160.1,53,1
80.8,0,0,52.5,1438.0,7.4,32.2,0,24.0,0.91,medicine,2879.0,5,5,48.9,64,1
234.8,0,0,32.3,408.0,13.9,33.4,0,78.0,0.26,general,13115.0,1,4,76.0,73,1
446.0,0,1,48.5,594.0,0.1,25.3,1,14.0,0.02,construction,14845.0,1,12,320.0,84,1
200.6,0,0,29.0,688.0,0.4,26.2,2,13.0,0.04,fuel,13184.0,3,12,173.9,87,1
250.5,0,0,40.4,408.0,36.0,32.5,0,100.0,0.5,food,6278.0,4,7,262.3,55,2
196.3,1,1,69.8,1041.0,8.8,22.9,0,36.0,1.0,construction,8139.0,1,5,441.2,55,2
372.7,1,1,50.4,961.0,1.1,21.7,2,70.0,1.0,general,11222.0,1,9,1536.1,44,2
243.2,0,0,31.0,775.0,5.0,23.4,0,24.0,0.91,agri,14021.0,2,5,136.2,70,1
196.8,1,0,62.2,1238.0,16.3,26.2,3,40.0,1.0,construction,3621.0,1,9,1254.3,45,2
402.1,1,1,58.0,961.0,0.4,21.6,3,7.0,0.1,general,1791.0,1,2,1820.0,80,2
485.6,0,0,29.0,422.0,33.1,33.4,1,70.0,1.0,food,2811.0,4,6,1013.1,47,2
198.9,1,0,53.3,1238.0,47.7,20.8,1,40.0,1.0,construction,1540.0,1,6,963.3,37,2
301.5,0,0,20.5,40.0,11.6,33.4,0,84.0,0.13,food,13689.0,4,10,66.7,70,1
197.6,0,0,10.5,115.0,0.1,33.5,0,12.0,0.03,agri,3105.0,2,1,2.5,96,1
196.5,0,0,21.0,115.0,28.4,26.6,0,48.0,0.26,food,12911.0,4,5,126.5,72,1
166.9,1,1,42.7,578.0,4.1,21.2,2,100.0,0.5,food,3485.0,4,6,553.5,54,2
72.7,0,0,42.6,797.0,2.4,34.0,1,48.0,0.26,food,7178.0,4,10,35.4,74,1
291.2,0,0,32.3,215.0,36.7,24.5,2,100.0,1.0,general,553.0,1,9,1005.2,40,2
83.5,0,0,50.9,1438.0,6.7,21.9,0,24.0,0.91,construction,3849.0,1,5,49.6,70,1
288.5,0,0,29.2,215.0,38.6,26.2,0,100.0,1.0,food,3623.0,4,8,478.3,45,2
239.9,0,0,37.6,775.0,0.8,24.4,1,4.0,0.14,food,14049.0,4,3,94.7,90,1
267.4,0,0,25.3,215.0,1.1,27.6,1,10.0,0.08,fuel,9913.0,3,3,98.5,90,1
275.3,1,0,37.7,502.0,11.0,23.4,0,100.0,0.25,medicine,14241.0,5,9,252.9,58,2
269.3,0,0,8.7,102.0,0.5,31.0,2,14.0,0.02,medicine,13074.0,5,11,230.9,90,1
178.0,0,0,10.8,68.0,0.9,27.6,0,100.0,0.25,food,13296.0,4,7,20.1,74,1
133.3,1,0,40.6,488.0,3.7,26.1,2,13.0,0.04,general,5717.0,1,2,250.3,79,2
195.8,0,0,20.2,115.0,1.5,29.9,0,12.0,0.03,food,14329.0,4,1,6.1,95,1
233.3,1,0,30.4,250.0,7.2,20.1,1,100.0,1.0,agri,7327.0,2,8,509.7,48,2
261.9,1,0,44.5,502.0,4.0,19.0,1,84.0,0.13,general,11356.0,1,10,306.1,58,2
500.9,0,0,31.8,422.0,1.8,18.7,3,7.0,0.1,construction,12607.0,1,11,1016.7,79,1
101.4,0,0,27.4,790.0,0.5,25.3,0,14.0,0.02,fuel,14230.0,3,1,1.4,92,1
189.9,0,0,20.7,115.0,0.4,19.4,1,8.0,0.04,medicine,13718.0,5,1,64.0,94,1
374.1,1,1,43.7,574.0,0.8,18.7,2,15.0,0.01,agri,5584.0,2,12,939.9,78,2
177.8,1,0,63.8,1197.0,1.5,18.0,0,6.0,0.16,fuel,12186.0,3,1,116.4,78,2
141.8,1,1,58.1,1117.0,0.8,26.6,0,3.0,0.17,medicine,5668.0,5,3,159.0,83,2
563.6,0,0,9.2,35.0,8.6,31.9,0,100.0,0.25,food,14773.0,4,9,129.2,78,1
207.6,0,0,42.2,688.0,1.5,29.3,1,78.0,0.26,fuel,6963.0,3,4,97.5,65,1
392.8,1,1,51.7,574.0,3.6,25.6,2,90.0,0.065,agri,6225.0,2,5,1055.3,63,2
111.6,1,1,52.3,550.0,4.1,33.9,0,60.0,1.0,medicine,3475.0,5,7,231.5,51,2
189.8,1,0,59.9,1238.0,46.3,27.0,1,40.0,1.0,construction,2236.0,1,7,890.2,46,2
216.4,0,0,49.1,688.0,0.2,33.3,2,13.0,0.04,food,2400.0,4,12,186.9,84,1
313.1,2,2,55.8,870.0,0.1,26.5,0,6.0,0.16,medicine,6770.0,5,11,1322.9,75,2
313.8,0,0,16.5,40.0,0.2,26.6,1,14.0,0.02,construction,8572.0,1,2,101.9,87,1
75.8,0,0,44.3,797.0,6.5,31.0,1,80.0,0.5,fuel,766.0,3,7,54.3,55,1
492.5,0,0,32.1,422.0,1.2,23.3,0,7.0,0.1,general,5672.0,1,1,26.5,92,1
176.6,0,0,15.5,68.0,1.3,18.7,0,14.0,0.02,food,3420.0,4,12,4.3,93,1
345.1,0,0,28.4,202.0,15.1,22.4,1,100.0,0.25,construction,10945.0,1,8,254.9,63,1
88.6,0,0,62.0,1438.0,2.8,21.3,2,24.0,0.91,medicine,1455.0,5,10,150.3,62,1
387.3,1,1,42.0,574.0,1.4,33.4,2,15.0,0.01,food,6445.0,4,1,982.0,76,2
239.6,0,0,36.0,408.0,0.1,22.7,0,13.0,0.04,fuel,7183.0,3,12,3.8,90,1
493.3,0,0,34.1,422.0,1.5,26.3,1,42.0,0.65,medicine,10201.0,5,5,355.3,71,1
259.9,0,0,14.8,102.0,4.2,20.3,3,14.0,0.02,agri,10939.0,2,11,528.0,88,1
317.9,0,0,21.7,40.0,0.9,25.5,0,14.0,0.02,agri,14454.0,2,3,6.0,95,1
101.8,0,0,19.3,790.0,2.3,32.0,0,84.0,0.13,fuel,8924.0,3,4,8.2,81,1
199.5,0,0,25.4,115.0,0.4,28.7,0,12.0,0.03,construction,12966.0,1,12,3.2,96,1
268.9,0,0,23.6,102.0,3.1,22.1,0,84.0,0.13,food,11371.0,4,5,24.7,76,1
201.5,0,0,35.5,688.0,3.4,34.9,1,78.0,0.26,construction,3888.0,1,10,101.7,72,1
84.2,0,0,48.8,1438.0,33.3,31.1,1,40.0,1.0,general,9274.0,1,7,176.7,57,2
191.1,1,0,42.3,515.0,0.5,26.6,1,12.0,0.03,general,2401.0,1,12,193.6,81,2
338.8,0,0,21.2,202.0,29.1,34.1,1,100.0,0.25,general,2133.0,1,9,383.7,61,1
255.6,0,0,27.9,775.0,0.4,22.3,2,4.0,0.14,medicine,7117.0,5,1,238.4,83,1
140.2,1,1,61.7,1117.0,2.4,26.7,1,18.0,1.0,medicine,10863.0,5,4,397.2,55,2
88.7,0,0,54.8,1438.0,12.8,34.1,0,24.0,0.91,fuel,13479.0,3,10,64.1,64,1
225.1,1,0,37.0,470.0,27.6,19.9,0,80.0,0.5,medicine,6915.0,5,6,372.0,58,2
105.0,1,1,56.8,550.0,17.3,23.8,2,60.0,1.0,construction,10098.0,1,8,543.3,43,2
139.1,1,0,41.9,488.0,33.1,33.4,0,100.0,0.5,fuel,1182.0,3,6,263.1,47,2
75.2,0,0,49.3,797.0,31.8,20.8,3,80.0,0.5,food,4347.0,4,7,311.4,52,2
77.0,0,0,45.3,797.0,0.7,27.4,0,8.0,0.04,fuel,3261.0,3,2,1.9,95,1
183.1,1,0,65.9,1197.0,0.0,31.7,0,36.0,1.0,general,5150.0,1,4,238.2,50,2
282.5,0,0,23.6,102.0,2.2,18.4,0,14.0,0.02,agri,1871.0,2,2,10.2,92,1
200.0,0,0,13.8,115.0,15.8,27.7,1,100.0,0.375,general,8401.0,1,7,168.4,65,1
190.8,0,0,18.1,115.0,2.0,32.3,0,12.0,0.03,construction,7645.0,1,12,7.1,94,1
193.2,1,1,58.7,1041.0,84.2,20.7,1,60.0,1.0,medicine,2371.0,5,6,2077.1,30,3
327.7,0,0,23.4,202.0,0.5,33.1,2,14.0,0.02,agri,953.0,2,1,280.4,90,1
355.9,0,0,38.1,750.0,12.5,23.2,3,30.0,1.0,agri,1070.0,2,6,1370.9,57,1
558.5,0,0,11.0,35.0,2.1,34.1,1,14.0,0.02,medicine,10692.0,5,3,198.7,87,1
258.3,0,0,31.1,802.0,3.7,21.6,1,100.0,0.375,construction,3621.0,1,7,149.2,66,1
238.3,1,0,26.3,250.0,65.6,26.8,0,100.0,1.0,medicine,4393.0,5,7,1467.4,32,3
99.5,0,0,41.5,790.0,1.6,34.0,1,14.0,0.02,agri,7932.0,2,2,34.7,85,1
322.3,0,0,27.5,202.0,2.6,26.0,0,84.0,0.13,fuel,1112.0,3,10,27.6,76,1
199.9,1,1,71.9,1041.0,19.7,20.9,1,60.0,1.0,medicine,8339.0,5,7,742.0,46,2
186.3,1,0,81.0,1197.0,16.4,24.3,0,60.0,1.0,construction,13563.0,1,7,335.3,45,2
335.7,0,0,21.3,202.0,0.7,19.7,0,14.0,0.02,fuel,8146.0,3,12,5.6,94,1
208.0,0,0,32.8,688.0,4.7,19.5,3,78.0,0.26,fuel,8637.0,3,10,479.6,64,1
270.0,1,0,51.8,762.0,0.5,19.6,0,12.0,0.03,construction,12249.0,1,11,151.6,81,2
266.0,1,0,37.0,762.0,1.1,19.0,0,12.0,0.03,agri,10514.0,2,3,152.2,88,2
312.2,2,2,60.8,870.0,7.3,24.2,3,36.0,1.0,construction,3048.0,1,5,3356.6,40,2
196.9,0,0,23.6,115.0,1.1,25.6,1,12.0,0.03,food,8379.0,4,2,67.9,89,1
142.2,1,1,55.5,1117.0,2.1,19.5,1,18.0,1.0,construction,6160.0,1,5,401.3,61,2
307.4,2,2,56.0,870.0,13.9,24.3,1,60.0,1.0,medicine,10154.0,5,8,2937.5,41,2
185.9,1,0,59.2,1238.0,7.6,21.3,0,24.0,0.91,food,4554.0,4,5,261.8,61,2
269.6,0,0,29.3,215.0,5.6,19.3,0,60.0,0.52,fuel,10765.0,3,10,86.1,69,1
169.0,1,1,47.0,578.0,5.7,29.1,1,100.0,0.5,medicine,4384.0,5,8,377.1,50,2
192.0,1,0,32.6,515.0,19.5,35.0,0,72.0,0.195,medicine,4228.0,5,5,212.5,71,2
214.6,1,0,30.5,470.0,6.4,33.5,0,80.0,0.5,fuel,12631.0,3,6,213.6,58,2
75.1,0,0,47.7,797.0,13.4,23.7,0,80.0,0.5,construction,7709.0,1,6,33.7,66,1
86.4,0,0,47.6,1438.0,0.3,32.8,0,40.0,1.0,general,6872.0,1,7,46.7,62,1
189.9,1,0,42.5,515.0,4.9,29.5,1,72.0,0.195,agri,12208.0,2,5,236.2,66,2
161.4,1,1,51.9,578.0,9.8,23.7,0,100.0,0.5,agri,1552.0,2,8,268.2,55,2
279.5,0,0,41.3,802.0,4.1,29.4,0,100.0,0.375,agri,2382.0,2,7,61.0,65,1
181.0,1,0,72.5,1197.0,2.9,25.1,3,6.0,0.16,general,12635.0,1,12,648.2,66,2
293.9,0,0,33.4,215.0,0.1,19.9,0,60.0,0.52,food,3969.0,4,10,68.4,73,1
205.7,1,1,84.5,1041.0,1.5,24.3,2,60.0,1.0,agri,5645.0,2,7,852.4,45,2
217.4,1,0,30.9,470.0,12.4,27.3,0,80.0,0.5,medicine,2229.0,5,6,249.6,63,2
163.4,1,1,51.4,578.0,3.7,32.3,0,78.0,0.26,fuel,6367.0,3,10,206.3,67,2
267.1,0,0,35.7,802.0,0.3,19.0,0,12.0,0.03,fuel,1177.0,3,11,4.0,91,1
100.7,0,0,34.8,790.0,0.2,32.1,1,14.0,0.02,construction,10099.0,1,12,32.8,89,1
239.2,0,0,34.2,408.0,19.3,25.6,1,100.0,0.5,agri,12254.0,2,8,245.7,53,1
276.4,0,0,18.5,102.0,19.6,19.9,2,100.0,0.25,general,13838.0,1,7,428.9,67,1
267.5,0,0,30.9,215.0,7.9,18.6,0,10.0,0.08,general,11322.0,1,3,37.6,83,1
294.8,2,2,59.8,870.0,1.8,27.9,2,36.0,1.0,agri,10241.0,2,4,3168.7,48,2
192.9,0,0,30.0,115.0,0.0,20.0,1,12.0,0.03,construction,11095.0,1,12,63.0,91,1
74.2,0,0,50.0,797.0,0.1,21.3,2,8.0,0.04,construction,2205.0,1,2,63.9,87,1
508.8,0,0,26.0,422.0,0.8,18.2,1,42.0,0.65,construction,13609.0,1,10,360.0,73,1
225.9,1,0,25.0,250.0,1.0,21.2,0,10.0,0.08,construction,5041.0,1,12,135.2,90,2
300.0,0,0,13.4,40.0,36.8,24.8,0,100.0,0.25,general,11294.0,1,6,266.3,59,2
345.6,0,0,20.1,202.0,1.2,32.6,1,14.0,0.02,food,7945.0,4,2,118.1,91,1
248.7,0,0,37.7,775.0,9.7,25.5,1,4.0,0.14,general,9247.0,1,3,138.3,87,1
304.6,0,0,14.4,40.0,17.8,29.3,1,84.0,0.13,general,1317.0,1,10,221.4,70,1
204.8,1,0,29.3,470.0,8.4,23.7,0,80.0,0.5,construction,10493.0,1,6,213.8,60,2
550.8,0,0,6.4,35.0,0.3,23.4,0,14.0,0.02,medicine,1562.0,5,1,6.4,96,1
330.0,0,0,17.8,20.0,12.3,30.8,1,78.0,0.26,fuel,9813.0,3,4,225.1,74,1
362.5,1,1,30.3,574.0,12.2,31.2,0,100.0,0.125,fuel,9821.0,3,9,504.7,64,2
142.7,1,0,43.2,488.0,39.6,23.8,2,100.0,0.5,agri,8153.0,2,8,649.4,47,2
215.4,1,0,49.1,470.0,12.1,30.7,1,80.0,0.5,general,1858.0,1,8,374.5,57,2
236.2,1,0,36.8,250.0,6.3,23.3,0,10.0,0.08,agri,13276.0,2,3,166.1,82,2
95.6,0,0,29.3,790.0,14.2,33.9,1,100.0,0.25,medicine,5488.0,5,8,68.8,69,1
176.0,1,0,60.8,1197.0,142.7,30.8,0,60.0,1.0,medicine,950.0,5,7,1276.5,37,3
442.4,0,1,37.0,594.0,1.0,27.1,1,14.0,0.02,food,1549.0,4,12,325.3,86,1
256.1,0,0,37.8,775.0,3.1,33.7,1,24.0,0.91,agri,13997.0,2,5,248.0,67,1
370.7,1,1,66.0,961.0,8.3,33.4,1,42.0,0.65,fuel,8148.0,3,4,937.4,58,2
467.6,0,0,32.2,422.0,0.0,31.8,3,70.0,1.0,construction,3525.0,1,6,1503.2,51,1
559.1,0,0,12.5,35.0,1.3,28.3,0,100.0,0.25,general,7219.0,1,8,66.6,70,1
343.4,0,0,46.2,750.0,3.1,30.6,0,30.0,1.0,medicine,10478.0,5,6,203.8,62,1
298.5,2,2,53.3,870.0,1.1,22.2,2,6.0,0.16,general,13431.0,1,1,2379.0,74,2
426.6,0,1,51.2,594.0,1.4,19.5,1,14.0,0.02,agri,9558.0,2,1,316.7,83,1
538.0,0,0,10.2,35.0,0.7,19.8,2,14.0,0.02,food,4110.0,4,11,462.9,95,1
206.3,0,0,44.4,688.0,5.4,18.4,2,100.0,0.5,food,8014.0,4,9,276.5,55,1
263.8,1,0,31.8,762.0,0.5,32.9,3,100.0,0.375,fuel,854.0,3,6,1003.5,54,2
146.2,1,1,69.5,1117.0,13.3,21.7,2,30.0,1.0,food,510.0,4,8,713.5,47,2
224.4,1,0,33.9,470.0,0.2,22.0,0,8.0,0.04,food,10932.0,4,11,126.0,86,2
279.6,0,0,34.2,802.0,0.4,18.4,0,12.0,0.03,general,7981.0,1,11,4.6,89,1
141.4,1,1,50.3,1117.0,53.6,33.4,0,30.0,1.0,medicine,6472.0,5,7,795.7,50,2
171.8,1,1,45.7,578.0,11.6,32.6,1,100.0,0.5,fuel,1878.0,3,8,423.5,53,2
140.7,1,1,71.2,1117.0,10.1,21.5,1,30.0,1.0,medicine,6055.0,5,7,448.1,50,2
248.9,0,0,33.7,408.0,7.4,25.5,2,78.0,0.26,agri,9411.0,2,4,296.1,65,1
279.0,0,0,23.4,102.0,2.9,20.0,0,84.0,0.13,medicine,7687.0,5,10,25.2,78,1
267.9,0,0,33.5,802.0,7.9,21.9,0,100.0,0.375,agri,3373.0,2,6,74.8,64,1
159.8,1,1,40.2,578.0,19.1,23.4,0,100.0,0.5,medicine,12669.0,5,8,318.9,49,2
305.0,0,0,24.5,20.0,5.0,33.2,1,13.0,0.04,construction,6112.0,1,11,126.3,94,1
385.6,1,1,52.3,574.0,0.1,18.9,2,15.0,0.01,agri,2018.0,2,11,957.9,73,2
76.4,0,0,43.0,797.0,0.9,24.7,0,48.0,0.26,construction,7802.0,1,10,9.0,73,1
453.3,0,1,45.8,594.0,9.2,26.3,1,100.0,0.25,agri,4237.0,2,6,487.8,65,1
405.0,1,1,66.6,961.0,3.1,21.8,0,42.0,0.65,food,14885.0,4,10,652.7,60,2
298.5,2,2,62.7,870.0,9.5,24.7,1,36.0,1.0,fuel,8294.0,3,10,2696.2,47,2
315.1,0,0,22.2,202.0,0.0,22.2,0,14.0,0.02,food,6459.0,4,11,2.4,94,1
203.0,1,1,73.3,1041.0,3.7,21.0,2,6.0,0.16,food,11702.0,4,2,570.2,72,2
299.7,2,2,49.0,870.0,5.2,31.1,0,6.0,0.16,food,2267.0,4,2,1354.6,79,2
190.2,1,0,48.9,1238.0,0.8,24.1,1,4.0,0.14,food,13568.0,4,12,208.9,79,2
222.3,1,0,39.6,250.0,11.0,20.4,3,100.0,1.0,construction,4544.0,1,7,1315.7,40,2
198.6,1,0,50.2,515.0,0.3,28.3,2,72.0,0.195,construction,2680.0,1,10,381.1,64,2
138.3,1,1,59.5,1117.0,8.0,23.4,1,3.0,0.17,construction,949.0,1,3,269.2,74,2
263.9,0,0,29.8,802.0,0.3,25.1,3,100.0,0.375,food,7986.0,4,9,602.6,61,1
270.3,0,0,32.1,215.0,32.8,30.9,0,60.0,0.52,food,3560.0,4,5,258.0,67,2
275.1,0,0,38.3,802.0,3.7,25.5,1,100.0,0.375,construction,11987.0,1,6,159.1,65,1
279.1,1,0,33.9,502.0,16.8,21.9,0,100.0,0.25,medicine,4461.0,5,6,299.1,57,2
271.9,0,0,29.0,215.0,2.8,33.4,1,10.0,0.08,food,1888.0,4,3,107.9,87,1
77.1,0,0,43.4,797.0,8.1,24.2,1,80.0,0.5,fuel,1076.0,3,9,57.8,65,1
289.5,0,0,31.0,215.0,13.7,28.8,2,100.0,1.0,general,7362.0,1,7,636.2,43,1
283.3,0,0,33.7,215.0,14.0,33.2,2,100.0,1.0,general,6452.0,1,7,626.5,46,1
330.8,0,0,41.7,750.0,8.7,32.0,2,30.0,1.0,food,5625.0,4,8,665.0,55,1
334.7,0,0,25.4,202.0,1.2,19.9,0,84.0,0.13,medicine,12899.0,5,10,22.3,76,1
137.9,1,0,39.3,488.0,44.5,34.7,0,78.0,0.26,medicine,10759.0,5,5,308.9,62,2
104.8,1,1,44.3,550.0,20.4,20.4,3,36.0,1.0,fuel,10551.0,3,4,919.2,47,2
185.4,1,0,66.9,1197.0,2.5,23.7,1,6.0,0.16,construction,9661.0,1,3,214.3,72,2
273.2,0,0,17.1,215.0,41.0,20.9,1,100.0,1.0,fuel,8775.0,3,9,691.6,43,2
437.2,0,1,48.0,594.0,2.3,30.5,0,84.0,0.13,medicine,9338.0,5,10,181.2,74,1
110.9,1,1,40.9,550.0,6.9,26.3,0,60.0,1.0,agri,2030.0,2,9,241.4,53,2
315.7,0,0,25.5,40.0,0.8,34.2,3,14.0,0.02,construction,8218.0,1,12,605.6,81,1
249.7,0,0,44.3,408.0,1.9,21.2,2,100.0,0.5,medicine,14830.0,5,7,311.8,53,1
207.7,0,0,32.7,688.0,0.6,31.6,1,78.0,0.26,medicine,11263.0,5,5,94.5,72,1
349.2,0,0,33.0,750.0,7.4,23.2,2,18.0,1.0,agri,4012.0,2,5,685.4,62,1
319.2,0,0,21.6,202.0,12.0,22.9,1,100.0,0.25,medicine,4608.0,5,8,213.4,67,1
199.5,0,0,37.2,688.0,1.2,33.9,2,78.0,0.26,general,9324.0,1,4,206.9,69,1
256.5,0,0,35.7,775.0,0.4,29.6,3,4.0,0.14,fuel,8315.0,3,12,519.6,81,1
141.9,1,1,53.6,1117.0,0.5,30.0,3,3.0,0.17,fuel,822.0,3,3,661.2,79,2
186.3,1,0,41.1,515.0,17.3,23.5,2,72.0,0.195,food,1996.0,4,4,478.9,56,2
282.0,1,0,34.4,502.0,6.8,21.1,1,84.0,0.13,agri,11858.0,2,10,350.6,70,2
115.1,1,1,33.4,550.0,0.8,25.2,0,36.0,1.0,fuel,1258.0,3,10,226.1,61,2
269.9,1,0,45.0,762.0,8.6,21.3,1,100.0,0.375,general,4828.0,1,6,405.1,57,2
182.5,1,0,65.3,1197.0,4.8,22.0,3,36.0,1.0,fuel,8042.0,3,5,993.9,47,2
108.5,1,1,39.5,550.0,31.0,24.7,0,60.0,1.0,general,5092.0,1,9,365.8,47,2
559.8,0,0,13.3,35.0,1.2,27.8,0,14.0,0.02,construction,10129.0,1,3,13.0,94,1
263.4,1,0,34.3,502.0,1.4,19.0,0,84.0,0.13,general,11531.0,1,5,167.0,68,2
180.8,1,0,54.3,515.0,0.6,24.5,0,12.0,0.03,food,4779.0,4,12,101.6,84,2
214.9,0,0,42.5,688.0,9.0,21.3,0,13.0,0.04,general,2324.0,1,3,30.2,81,1
201.8,1,1,77.0,1041.0,7.4,21.5,1,36.0,1.0,general,1905.0,1,4,616.8,50,2
216.0,1,0,32.4,470.0,17.1,31.5,2,80.0,0.5,food,10321.0,4,8,642.2,55,2
104.8,1,1,39.5,550.0,1.1,23.7,1,6.0,0.16,construction,13741.0,1,11,179.4,83,2
76.2,0,0,52.8,797.0,35.8,34.6,0,80.0,0.5,medicine,14725.0,5,8,79.4,56,2
333.8,0,0,28.8,202.0,28.4,19.5,0,100.0,0.25,fuel,12345.0,3,7,212.7,61,1
104.7,1,1,52.8,550.0,1.1,24.2,0,6.0,0.16,agri,2065.0,2,12,117.2,84,2
373.2,1,1,62.8,961.0,11.7,26.9,1,70.0,1.0,agri,6272.0,2,8,1218.9,50,2
166.7,0,0,11.7,68.0,0.3,34.6,1,14.0,0.02,medicine,12786.0,5,12,54.4,94,1
387.7,1,1,65.0,961.0,0.0,19.3,1,7.0,0.1,general,1528.0,1,11,630.8,79,2
237.4,0,0,44.2,775.0,3.9,32.3,0,4.0,0.14,fuel,12514.0,3,2,25.6,92,1
221.2,1,0,34.9,470.0,1.9,30.0,0,48.0,0.26,construction,6568.0,1,4,160.3,72,2
240.2,0,0,34.4,408.0,12.5,22.6,0,100.0,0.5,agri,4831.0,2,8,103.6,60,1
207.3,1,1,64.5,1041.0,19.2,32.6,1,36.0,1.0,agri,3488.0,2,5,764.0,50,2
188.9,1,0,39.5,515.0,0.3,32.0,2,72.0,0.195,construction,9482.0,1,10,362.6,68,2
87.6,0,0,61.0,1438.0,1.0,31.4,1,4.0,0.14,medicine,7208.0,5,11,34.8,84,1
318.8,0,0,14.3,40.0,3.7,27.4,3,14.0,0.02,general,11418.0,1,2,642.6,82,1
402.1,1,1,67.7,961.0,0.0,26.0,0,7.0,0.1,medicine,12860.0,5,1,423.1,82,2
266.3,1,0,43.8,762.0,3.3,23.4,0,100.0,0.375,construction,2799.0,1,8,221.1,54,2
180.5,0,0,18.7,68.0,2.6,22.0,2,100.0,0.25,food,6986.0,4,7,191.6,57,1
195.5,1,0,38.9,515.0,1.3,19.9,0,12.0,0.03,agri,11281.0,2,11,112.6,82,2
267.1,1,0,44.5,762.0,4.7,20.9,1,72.0,0.195,medicine,7966.0,5,5,330.5,61,2
183.7,1,0,59.7,1238.0,13.4,32.5,3,24.0,0.91,medicine,5332.0,5,5,1073.2,46,2
191.8,1,0,64.6,1238.0,0.2,28.3,2,4.0,0.14,general,9051.0,1,11,357.1,78,2
263.7,1,0,46.3,762.0,2.7,34.3,1,12.0,0.03,construction,8307.0,1,1,280.5,81,2
308.6,2,2,57.8,870.0,0.2,18.1,0,6.0,0.16,general,7003.0,1,12,1306.5,71,2
146.7,1,0,43.4,488.0,9.5,25.7,2,100.0,0.5,general,2673.0,1,7,384.2,55,2
332.4,0,0,22.5,202.0,0.2,21.9,3,14.0,0.02,medicine,4975.0,5,12,631.7,84,1
168.5,0,0,11.5,68.0,1.6,28.0,1,84.0,0.13,construction,6502.0,1,4,67.8,75,1
263.8,0,0,12.3,102.0,0.8,29.1,1,14.0,0.02,fuel,8694.0,3,3,88.4,91,1
145.0,1,0,37.8,488.0,1.6,31.4,1,100.0,0.5,general,6902.0,1,9,205.9,57,2
355.1,0,0,43.3,750.0,0.2,28.9,0,3.0,0.17,medicine,14452.0,5,1,24.9,89,1
88.4,0,0,61.8,1438.0,0.8,31.7,0,4.0,0.14,construction,721.0,1,2,5.8,78,1
184.7,1,0,40.5,515.0,5.0,25.5,2,100.0,0.375,medicine,1735.0,5,8,420.8,54,2
142.1,1,0,46.2,488.0,23.3,34.3,0,100.0,0.5,medicine,7951.0,5,7,211.7,54,2
535.2,0,0,9.5,35.0,0.4,31.8,3,14.0,0.02,agri,3195.0,2,2,1021.0,84,1
199.1,1,0,57.4,1238.0,63.6,27.4,1,24.0,0.91,food,4985.0,4,5,1432.0,41,3
72.4,0,0,51.4,797.0,11.5,20.6,0,8.0,0.04,general,3190.0,1,3,13.0,87,1
198.0,0,0,14.4,115.0,2.5,29.7,3,12.0,0.03,fuel,13888.0,3,2,393.1,84,1
174.3,0,0,7.7,68.0,8.1,25.7,1,84.0,0.13,general,8293.0,1,10,90.4,74,1
252.3,1,0,47.9,762.0,8.8,31.3,3,100.0,0.375,agri,761.0,2,8,1076.2,54,2
241.4,0,0,29.8,408.0,2.7,27.2,2,13.0,0.04,general,7326.0,1,11,221.5,85,1
202.4,0,0,22.8,115.0,15.0,29.5,0,100.0,0.375,fuel,7948.0,3,7,82.3,68,1
350.3,0,0,42.3,750.0,3.6,24.6,1,18.0,1.0,medicine,6381.0,5,4,372.9,64,1
559.9,0,0,13.1,35.0,0.3,28.1,0,14.0,0.02,medicine,13513.0,5,3,6.0,96,1
75.2,0,0,51.6,797.0,30.1,26.2,2,80.0,0.5,construction,6998.0,1,6,169.5,53,2
195.5,1,1,65.0,1041.0,2.5,24.6,2,6.0,0.16,food,1513.0,4,3,539.1,72,2
112.0,1,1,44.5,550.0,0.4,23.9,2,6.0,0.16,medicine,13333.0,5,11,299.2,78,2
204.2,0,0,40.7,688.0,8.2,26.0,1,100.0,0.5,fuel,10226.0,3,9,153.7,60,1
186.3,1,0,68.7,1197.0,0.0,24.8,1,6.0,0.16,medicine,8180.0,5,12,203.9,78,2
305.3,2,2,65.8,870.0,7.4,29.1,2,36.0,1.0,fuel,2743.0,3,4,3281.8,43,2
228.9,1,0,36.1,250.0,4.8,29.7,2,60.0,0.52,general,6563.0,1,4,561.9,56,2
223.8,1,0,43.5,470.0,44.7,19.8,0,48.0,0.26,general,9265.0,1,5,503.7,62,2
264.0,1,0,44.1,502.0,14.3,22.8,0,84.0,0.13,construction,1005.0,1,4,242.2,68,2
73.3,0,0,46.5,797.0,0.7,31.8,1,8.0,0.04,food,9262.0,4,2,25.1,92,1
289.2,0,0,28.8,215.0,1.0,22.7,1,10.0,0.08,fuel,6882.0,3,11,106.2,84,1
259.0,0,0,16.6,102.0,13.7,21.6,0,100.0,0.25,medicine,8966.0,5,9,81.8,65,1
187.6,1,0,57.7,1238.0,11.5,27.1,2,40.0,1.0,food,6789.0,4,6,667.0,49,2
73.3,0,0,57.5,797.0,0.1,26.5,2,48.0,0.26,construction,3073.0,1,10,74.3,77,1
185.3,1,0,60.0,1238.0,22.0,34.1,0,40.0,1.0,general,1371.0,1,9,374.2,48,2
265.3,0,0,29.2,802.0,2.3,30.1,0,100.0,0.375,medicine,12218.0,5,8,50.9,67,1
94.8,0,0,24.9,790.0,4.0,23.7,0,84.0,0.13,medicine,3733.0,5,10,10.0,78,1
169.5,0,0,25.7,68.0,5.6,29.2,3,84.0,0.13,food,9047.0,4,5,372.3,69,1
309.1,0,0,12.4,40.0,1.2,33.8,0,14.0,0.02,construction,4308.0,1,1,7.2,97,1
230.1,1,0,33.3,250.0,17.6,26.6,2,60.0,0.52,general,4698.0,1,5,696.5,57,2
233.8,1,0,32.9,250.0,12.8,33.1,1,100.0,1.0,construction,13309.0,1,7,562.6,47,2
214.9,1,0,34.9,470.0,0.7,30.8,2,8.0,0.04,general,11004.0,1,2,383.4,77,2
193.1,0,0,15.8,115.0,2.3,24.1,2,72.0,0.195,medicine,4155.0,5,5,196.0,72,1
308.6,2,2,53.9,870.0,1.5,34.7,0,6.0,0.16,fuel,9066.0,3,2,1327.6,76,2
242.4,0,0,34.1,408.0,2.4,25.3,1,13.0,0.04,fuel,2668.0,3,3,89.7,86,1
192.1,1,1,63.8,1041.0,3.3,19.7,0,60.0,1.0,fuel,3017.0,3,7,393.3,53,2
282.4,0,0,13.1,102.0,19.4,21.9,1,84.0,0.13,general,784.0,1,5,216.9,69,1
147.5,1,1,62.1,1117.0,0.6,33.3,2,3.0,0.17,food,2344.0,4,12,397.1,74,2
267.3,1,0,40.5,502.0,1.3,22.3,1,84.0,0.13,medicine,14242.0,5,4,295.1,61,2
139.6,1,1,56.6,1117.0,8.3,21.9,0,3.0,0.17,construction,12939.0,1,2,183.5,83,2
264.8,1,0,36.0,502.0,10.8,27.6,2,84.0,0.13,general,1773.0,1,5,588.9,52,2
274.5,0,0,37.2,802.0,4.6,19.0,1,12.0,0.03,medicine,6351.0,5,2,110.6,85,1
183.1,1,0,47.9,515.0,0.5,20.2,0,12.0,0.03,medicine,7471.0,5,12,102.7,84,2
278.0,1,0,49.7,762.0,17.4,32.3,0,100.0,0.375,agri,2282.0,2,8,329.4,54,2
368.7,1,1,48.0,574.0,6.5,32.4,2,100.0,0.125,general,9000.0,1,9,1063.0,54,2
315.4,0,0,11.2,20.0,3.8,23.8,1,13.0,0.04,agri,5271.0,2,3,124.2,93,1
187.9,1,0,48.0,515.0,0.2,23.8,1,12.0,0.03,agri,14182.0,2,12,189.3,80,2
419.8,0,1,49.1,594.0,1.0,27.9,0,14.0,0.02,agri,13206.0,2,1,141.9,89,1
138.0,1,1,56.2,1117.0,14.0,33.9,0,18.0,1.0,fuel,13842.0,3,5,339.4,65,2
269.2,0,0,13.2,102.0,0.3,29.7,0,84.0,0.13,general,1435.0,1,5,14.7,78,1
272.0,0,0,20.0,102.0,15.4,26.6,1,100.0,0.25,construction,685.0,1,8,203.2,66,1
234.5,1,0,25.9,250.0,11.0,27.6,3,100.0,1.0,medicine,2443.0,5,6,1386.4,44,2
284.8,0,0,21.9,215.0,0.0,33.7,0,60.0,0.52,food,8984.0,4,10,65.9,69,1
188.9,1,0,62.9,1238.0,0.2,23.4,2,4.0,0.14,agri,10623.0,2,3,351.7,79,2
539.6,0,0,8.6,35.0,0.5,22.6,0,84.0,0.13,general,5170.0,1,10,30.6,79,1
443.5,0,1,47.1,594.0,0.6,34.0,2,84.0,0.13,general,11454.0,1,4,654.2,67,1
232.5,1,0,36.9,250.0,1.8,28.8,3,10.0,0.08,medicine,11118.0,5,1,792.3,83,2
179.8,0,0,13.3,68.0,14.8,21.7,1,84.0,0.13,medicine,12523.0,5,4,118.5,69,1
482.3,0,0,31.5,422.0,11.2,27.0,2,70.0,1.0,construction,2784.0,1,6,1012.9,52,1
196.8,0,0,13.2,115.0,3.1,20.8,0,12.0,0.03,medicine,10180.0,5,3,10.1,92,1
197.1,0,0,18.8,115.0,6.6,19.5,0,48.0,0.26,agri,7204.0,2,4,39.7,83,1
207.7,0,0,42.8,688.0,43.8,33.8,2,100.0,0.5,general,13997.0,1,7,646.5,46,2
194.9,1,1,60.5,1041.0,12.0,22.7,0,36.0,1.0,medicine,9851.0,5,5,463.0,57,2
196.7,1,0,60.7,1238.0,2.5,32.5,1,4.0,0.14,fuel,669.0,3,2,224.1,73,2
271.5,1,0,40.9,502.0,3.9,28.1,0,14.0,0.02,food,2188.0,4,3,168.2,89,2
383.7,1,1,49.5,574.0,0.5,19.4,0,15.0,0.01,construction,10946.0,1,1,384.1,77,2
273.9,0,0,25.0,102.0,6.4,30.8,1,100.0,0.25,agri,665.0,2,8,152.0,71,1
316.1,2,2,59.2,870.0,10.4,34.0,0,60.0,1.0,medicine,3454.0,5,6,2229.1,49,2
383.8,1,1,56.2,961.0,0.8,23.0,3,7.0,0.1,agri,2065.0,2,1,1745.4,75,2
175.3,1,1,44.1,578.0,30.2,26.9,1,78.0,0.26,fuel,5438.0,3,5,540.4,62,2
303.8,2,2,49.2,870.0,0.9,26.5,0,6.0,0.16,fuel,1717.0,3,12,1296.9,79,2
200.6,0,0,39.5,688.0,5.7,19.3,0,100.0,0.5,agri,13137.0,2,8,61.9,61,1
279.6,0,0,33.0,215.0,3.4,26.8,0,60.0,0.52,general,14956.0,1,4,79.0,65,1
208.4,0,0,44.3,688.0,1.9,30.1,1,13.0,0.04,medicine,10934.0,5,3,75.4,85,1
187.3,0,0,17.7,115.0,2.4,30.5,0,8.0,0.04,food,14653.0,4,1,8.7,93,1
239.0,0,0,43.2,775.0,1.1,18.5,3,4.0,0.14,general,7993.0,1,11,489.4,76,1
180.6,0,0,17.1,68.0,12.5,18.7,3,100.0,0.25,medicine,12957.0,5,6,471.9,56,1
72.0,0,0,44.9,797.0,0.2,21.4,1,8.0,0.04,general,7233.0,1,12,24.0,92,1
302.4,2,2,55.2,870.0,2.1,18.5,1,6.0,0.16,food,5865.0,4,2,1734.3,78,2
389.1,1,1,37.1,574.0,12.9,31.0,0,90.0,0.065,construction,7313.0,1,4,530.5,68,2
275.3,0,0,26.1,215.0,2.6,23.6,3,10.0,0.08,food,3775.0,4,1,560.7,81,1
111.2,1,1,54.5,550.0,1.7,19.2,1,6.0,0.16,medicine,13146.0,5,2,192.6,78,2
137.0,1,0,47.4,488.0,1.2,33.9,2,100.0,0.5,construction,5203.0,1,9,314.3,46,2
194.1,1,0,61.6,1238.0,2.8,23.0,0,40.0,1.0,general,10902.0,1,8,266.9,55,2
344.6,0,0,16.1,202.0,3.2,27.2,1,84.0,0.13,medicine,9241.0,5,10,148.3,73,1
241.2,1,0,32.1,250.0,12.8,32.7,1,10.0,0.08,general,13478.0,1,3,330.9,83,2
212.7,1,0,45.4,470.0,6.3,25.1,3,8.0,0.04,fuel,4047.0,3,2,759.5,78,2
276.6,1,0,39.9,502.0,13.2,22.6,1,100.0,0.25,general,5182.0,1,7,423.7,62,2
189.6,1,0,48.7,515.0,6.5,24.9,1,72.0,0.195,agri,5649.0,2,4,244.0,65,2
317.0,0,0,12.0,20.0,10.2,27.3,0,100.0,0.5,construction,7693.0,1,6,122.8,75,1
193.4,1,1,78.2,1041.0,3.0,33.9,1,60.0,1.0,construction,13680.0,1,6,552.7,51,2
111.5,1,1,43.7,550.0,14.7,24.3,0,36.0,1.0,medicine,4642.0,5,4,277.3,58,2
164.2,1,1,45.6,578.0,8.5,18.5,0,13.0,0.04,fuel,3862.0,3,3,200.2,81,2
566.4,0,0,0.4,35.0,3.0,18.1,0,14.0,0.02,medicine,10304.0,5,3,26.2,91,1
270.4,1,0,44.7,762.0,19.1,30.4,0,100.0,0.375,construction,11212.0,1,8,334.4,56,2
209.2,1,1,69.6,1041.0,28.4,27.7,1,60.0,1.0,medicine,7407.0,5,7,902.7,44,2
255.6,0,0,41.6,775.0,0.7,26.5,1,24.0,0.91,construction,13679.0,1,4,233.7,70,1
323.7,2,2,61.9,870.0,1.5,24.8,2,60.0,1.0,agri,2349.0,2,8,3479.8,43,2
422.1,0,1,45.9,594.0,1.9,27.0,3,14.0,0.02,food,6338.0,4,2,1163.6,81,1
322.1,2,2,52.2,870.0,0.5,30.5,3,6.0,0.16,general,7084.0,1,12,3462.6,69,2
317.3,0,0,15.0,40.0,3.3,18.3,1,84.0,0.13,agri,5354.0,2,4,136.8,72,1
198.8,0,0,24.3,115.0,2.4,30.0,1,12.0,0.03,general,7029.0,1,2,72.8,90,1
203.7,0,0,32.4,688.0,7.1,18.7,0,100.0,0.5,construction,11677.0,1,6,67.9,65,1
226.0,1,0,30.2,250.0,0.5,20.9,1,10.0,0.08,general,7850.0,1,1,237.0,85,2
315.8,2,2,57.3,870.0,14.0,31.8,0,36.0,1.0,food,2617.0,4,5,2338.9,49,2
95.9,0,0,27.9,790.0,6.7,26.9,2,100.0,0.25,construction,5374.0,1,7,111.6,68,1
205.6,0,0,38.2,688.0,2.1,18.4,3,13.0,0.04,construction,10962.0,1,2,407.0,80,1
527.3,0,0,15.9,35.0,6.7,30.4,1,14.0,0.02,medicine,3712.0,5,3,229.7,91,1
175.2,0,0,16.6,68.0,1.1,27.2,3,14.0,0.02,food,13198.0,4,1,338.2,86,1
195.7,1,0,39.8,515.0,19.5,19.7,2,72.0,0.195,construction,7825.0,1,4,524.2,55,2
194.7,1,0,56.3,1238.0,0.3,22.3,0,4.0,0.14,general,4341.0,1,11,120.5,84,2
325.0,0,0,21.4,202.0,5.3,24.3,2,84.0,0.13,fuel,5863.0,3,10,338.0,71,1
324.8,0,0,14.4,20.0,3.4,21.6,1,13.0,0.04,medicine,3144.0,5,2,125.8,93,1
281.9,0,0,23.8,102.0,10.1,21.5,1,84.0,0.13,general,11604.0,1,4,157.6,70,1
338.0,0,0,43.8,750.0,4.8,24.6,3,3.0,0.17,medicine,5004.0,5,3,746.5,77,1
84.7,0,0,59.8,1438.0,3.0,27.2,0,4.0,0.14,medicine,14977.0,5,2,8.0,88,1
399.8,1,1,66.7,961.0,2.4,29.1,0,7.0,0.1,food,1635.0,4,1,442.9,79,2
149.2,1,1,62.2,1117.0,1.4,20.8,1,3.0,0.17,construction,12539.0,1,12,258.2,81,2
277.7,0,0,43.9,215.0,0.4,22.8,2,10.0,0.08,construction,11975.0,1,1,248.0,86,1
146.2,1,1,59.5,1117.0,5.8,21.3,1,3.0,0.17,agri,6437.0,2,3,273.4,77,2
249.0,0,0,37.4,408.0,1.6,18.2,0,13.0,0.04,agri,8256.0,2,3,8.8,85,1
114.1,1,1,56.4,550.0,53.6,22.5,3,60.0,1.0,food,14980.0,4,8,1227.0,28,2
301.8,0,0,10.5,40.0,5.6,24.4,0,84.0,0.13,fuel,10460.0,3,10,38.6,68,1
205.7,0,0,37.4,688.0,1.4,23.1,0,13.0,0.04,agri,8255.0,2,11,6.9,87,1
271.6,0,0,33.3,215.0,16.3,20.7,0,100.0,1.0,fuel,7283.0,3,7,240.1,53,1
464.2,0,0,39.8,422.0,1.1,22.5,3,7.0,0.1,medicine,8462.0,5,1,931.8,91,1
110.9,1,1,41.4,550.0,12.8,34.1,2,60.0,1.0,food,6770.0,4,7,537.7,51,2
201.4,0,0,14.7,115.0,11.1,21.2,0,48.0,0.26,general,4797.0,1,4,55.3,83,1
388.6,1,1,37.4,574.0,2.2,18.0,0,90.0,0.065,general,3944.0,1,4,418.7,70,2
96.8,0,0,27.6,790.0,11.6,18.8,1,100.0,0.25,general,9581.0,1,7,64.0,61,1
236.3,0,0,33.1,775.0,4.1,32.6,2,40.0,1.0,fuel,10116.0,3,8,437.7,56,1
275.6,0,0,27.0,215.0,23.3,18.3,2,100.0,1.0,fuel,14342.0,3,6,724.8,50,1
239.8,1,0,29.8,250.0,48.6,26.7,1,100.0,1.0,construction,13318.0,1,6,1187.1,29,2
106.8,1,1,42.2,550.0,12.5,31.9,0,6.0,0.16,medicine,4723.0,5,3,152.7,79,2
202.3,1,1,70.1,1041.0,9.8,33.3,0,36.0,1.0,food,5553.0,4,10,462.2,47,2
94.9,0,0,19.6,790.0,10.5,25.9,3,84.0,0.13,medicine,3614.0,5,5,226.1,66,1
485.8,0,0,30.1,422.0,12.0,27.5,1,70.0,1.0,agri,1784.0,2,9,624.8,57,1
141.5,1,0,50.2,488.0,1.5,20.7,0,13.0,0.04,medicine,10624.0,5,3,82.8,90,2
212.6,0,0,40.2,688.0,0.4,26.0,0,13.0,0.04,food,5174.0,4,11,4.2,95,1
111.2,1,1,44.6,550.0,42.0,29.4,2,60.0,1.0,general,1870.0,1,9,879.7,38,2
283.2,1,0,37.6,502.0,21.4,19.3,2,84.0,0.13,fuel,6567.0,3,4,762.4,61,2
73.6,0,0,47.9,797.0,14.2,31.2,0,80.0,0.5,food,5516.0,4,6,34.1,61,1
265.9,0,0,34.8,802.0,4.3,23.7,3,72.0,0.195,fuel,2177.0,3,4,589.9,66,1
208.9,1,1,75.3,1041.0,1.3,28.8,0,6.0,0.16,general,7819.0,1,12,235.3,80,2
249.8,0,0,37.5,775.0,4.7,32.2,1,24.0,0.91,medicine,5998.0,5,10,250.9,66,1
241.1,0,0,43.1,775.0,5.1,33.1,1,24.0,0.91,fuel,1985.0,3,10,244.8,66,1
186.4,0,0,26.3,115.0,0.2,24.5,2,72.0,0.195,food,1237.0,4,10,180.4,69,1
272.2,0,0,25.7,215.0,4.4,27.3,0,100.0,1.0,agri,11970.0,2,9,168.3,51,1
270.3,0,0,27.6,802.0,2.0,30.6,0,100.0,0.375,medicine,7717.0,5,8,50.8,65,1
324.8,0,0,31.9,202.0,0.4,24.8,2,14.0,0.02,food,7656.0,4,1,277.5,88,1
135.9,1,0,43.4,488.0,2.4,29.9,0,13.0,0.04,fuel,14749.0,3,1,81.7,83,2
502.5,0,0,26.8,422.0,1.4,34.0,1,7.0,0.1,agri,1537.0,2,1,192.8,91,1
166.1,1,1,51.3,578.0,6.0,24.6,2,13.0,0.04,agri,1190.0,2,3,457.5,72,2
266.9,0,0,36.5,802.0,2.6,29.8,0,100.0,0.375,medicine,3384.0,5,6,52.2,64,1
102.3,0,0,33.4,790.0,0.1,25.4,1,14.0,0.02,fuel,5164.0,3,3,33.0,88,1
187.8,0,0,20.8,115.0,1.0,29.4,1,12.0,0.03,fuel,3409.0,3,2,64.2,95,1
186.0,1,0,60.5,1238.0,0.5,22.2,1,4.0,0.14,agri,14202.0,2,2,202.9,74,2
208.5,1,0,29.5,470.0,3.9,31.9,0,48.0,0.26,medicine,1069.0,5,10,159.7,75,2
83.3,0,0,61.1,1438.0,16.8,18.8,2,24.0,0.91,agri,7102.0,2,5,182.9,55,1
193.8,1,0,47.2,515.0,1.7,20.7,3,12.0,0.03,general,1497.0,1,3,645.5,71,2
145.1,1,1,61.1,1117.0,0.6,26.6,1,3.0,0.17,construction,4640.0,1,11,247.9,82,2
196.0,1,1,69.7,1041.0,2.4,32.2,0,6.0,0.16,general,12775.0,1,3,225.9,80,2
243.2,0,0,37.6,775.0,7.1,21.9,2,24.0,0.91,general,11821.0,1,4,445.9,69,1
262.3,0,0,29.9,802.0,21.4,31.6,0,100.0,0.375,agri,7038.0,2,7,142.0,61,1
177.3,1,0,65.4,1197.0,4.0,21.2,0,6.0,0.16,food,7470.0,4,3,125.0,81,2
175.0,0,0,16.2,68.0,0.2,22.6,2,14.0,0.02,fuel,7204.0,3,12,148.7,86,1
219.6,1,0,34.7,470.0,5.1,20.4,0,48.0,0.26,medicine,2506.0,5,10,173.7,71,2
276.7,0,0,38.1,802.0,2.6,31.3,1,72.0,0.195,agri,766.0,2,10,125.5,77,1
137.4,1,0,35.8,488.0,1.8,18.2,1,13.0,0.04,fuel,11991.0,3,11,144.3,85,2
539.4,0,0,6.2,35.0,0.6,33.9,1,100.0,0.25,food,11643.0,4,8,242.2,70,1
82.6,0,0,61.3,1438.0,0.3,22.1,0,4.0,0.14,medicine,14577.0,5,12,4.8,87,1
219.4,0,0,45.5,688.0,41.8,21.6,3,100.0,0.5,agri,3116.0,2,6,1111.7,47,2
272.0,1,0,49.3,762.0,0.6,21.0,1,12.0,0.03,medicine,8294.0,5,11,276.2,80,2
89.2,0,0,51.1,1438.0,9.9,28.5,1,40.0,1.0,medicine,14099.0,5,8,109.4,54,1
321.4,0,0,13.1,20.0,12.9,19.5,0,78.0,0.26,food,4166.0,4,4,98.3,69,1
270.5,0,0,32.1,102.0,0.2,22.5,3,100.0,0.25,agri,9858.0,2,6,577.8,64,1
545.3,0,0,8.3,35.0,1.9,31.3,1,14.0,0.02,medicine,8618.0,5,12,192.3,91,1
277.8,1,0,38.6,502.0,24.2,28.6,0,100.0,0.25,construction,12510.0,1,7,360.0,58,2
190.2,0,0,24.0,115.0,4.8,34.3,1,8.0,0.04,construction,5784.0,1,3,78.2,95,1
275.9,0,0,22.4,215.0,23.3,30.8,1,100.0,1.0,agri,11979.0,2,7,457.7,50,1
73.8,0,0,42.6,797.0,1.5,31.1,2,8.0,0.04,construction,2857.0,1,2,65.7,91,1
146.9,1,0,40.0,488.0,0.6,18.3,2,13.0,0.04,construction,12260.0,1,3,261.4,81,2
279.7,0,0,15.3,102.0,6.9,23.0,1,14.0,0.02,agri,12796.0,2,1,122.5,91,1
96.7,0,0,34.5,790.0,14.2,26.6,0,100.0,0.25,agri,8822.0,2,6,31.4,66,1
570.0,0,0,0.5,35.0,1.4,19.3,0,14.0,0.02,agri,12811.0,2,2,14.6,98,1
265.6,1,0,35.8,762.0,46.0,31.7,3,100.0,0.375,food,3031.0,4,7,2142.9,41,2
264.2,0,0,20.8,102.0,7.9,22.5,0,100.0,0.25,medicine,1343.0,5,9,57.2,65,1
83.9,0,0,65.7,1438.0,6.7,27.4,0,24.0,0.91,fuel,14074.0,3,10,49.8,59,1
463.4,0,0,28.4,422.0,0.7,33.2,0,7.0,0.1,medicine,10897.0,5,12,22.0,93,1
139.0,1,1,57.5,1117.0,2.5,30.2,2,3.0,0.17,food,10357.0,4,11,385.3,77,2
149.8,1,1,54.9,1117.0,0.2,18.4,1,3.0,0.17,medicine,13802.0,5,3,253.9,78,2
544.0,0,0,13.2,35.0,29.5,18.0,0,100.0,0.25,food,9293.0,4,6,363.1,64,1
167.2,1,1,38.1,578.0,61.3,20.1,2,100.0,0.5,general,9272.0,1,7,1683.8,37,3
323.7,0,0,9.7,20.0,1.3,19.6,1,13.0,0.04,agri,10318.0,2,11,114.2,91,1
321.6,2,2,51.2,870.0,13.8,34.0,0,36.0,1.0,medicine,5298.0,5,4,2375.0,54,2
263.8,1,0,48.8,502.0,12.9,25.5,0,100.0,0.25,fuel,4144.0,3,7,254.9,59,2
270.7,0,0,31.3,215.0,2.0,30.6,0,10.0,0.08,medicine,9027.0,5,3,15.3,94,1
191.3,1,0,74.1,1238.0,1.2,27.3,2,4.0,0.14,construction,2090.0,1,1,362.3,73,2
338.2,0,0,25.6,202.0,1.5,19.1,0,84.0,0.13,general,7538.0,1,5,23.7,74,1
501.0,0,0,36.9,422.0,18.0,28.8,0,42.0,0.65,medicine,13692.0,5,4,323.0,63,1
101.6,0,0,32.5,790.0,5.9,23.5,0,84.0,0.13,food,7331.0,4,4,13.4,78,1
185.7,1,0,60.8,1197.0,0.4,32.6,0,6.0,0.16,construction,5327.0,1,2,117.6,79,2
425.8,0,1,49.8,594.0,9.4,26.1,2,84.0,0.13,construction,13348.0,1,5,741.5,67,1
496.1,0,0,29.3,422.0,34.7,23.7,0,70.0,1.0,general,3982.0,1,8,736.4,52,2
307.2,0,0,14.5,20.0,0.8,21.0,1,13.0,0.04,general,577.0,1,2,105.7,94,1
77.6,0,0,41.2,797.0,6.7,33.2,2,8.0,0.04,agri,4727.0,2,3,78.4,88,1
74.5,0,0,45.6,797.0,1.5,33.7,1,80.0,0.5,food,11579.0,4,6,45.9,62,1
344.1,0,0,40.1,750.0,0.4,18.0,3,3.0,0.17,agri,6443.0,2,1,707.5,86,1
340.8,0,0,41.7,750.0,10.8,25.6,0,30.0,1.0,agri,4243.0,2,8,256.6,69,1
133.5,1,0,43.6,488.0,10.8,21.9,1,78.0,0.26,fuel,11406.0,3,5,195.4,59,2
270.1,1,0,41.0,502.0,8.1,33.9,0,14.0,0.02,general,14753.0,1,3,190.3,86,2
537.6,0,0,16.8,35.0,0.5,25.5,1,14.0,0.02,general,7707.0,1,2,177.2,97,1
233.5,0,0,44.0,775.0,12.5,30.2,0,40.0,1.0,construction,3709.0,1,9,184.7,60,1
135.3,1,0,39.5,488.0,6.1,32.4,1,100.0,0.5,medicine,10952.0,5,9,209.4,58,2
72.1,0,0,48.4,797.0,1.8,34.5,0,80.0,0.5,construction,10694.0,1,9,17.8,66,1
471.5,0,0,26.4,422.0,1.1,26.7,0,42.0,0.65,food,1018.0,4,10,150.8,72,1
494.9,0,0,27.0,422.0,5.7,19.6,2,42.0,0.65,medicine,797.0,5,5,739.5,68,1
209.6,1,0,43.5,470.0,1.4,30.2,1,8.0,0.04,medicine,10387.0,5,12,218.4,82,2
241.4,1,0,29.7,250.0,1.5,28.6,0,60.0,0.52,fuel,2229.0,3,10,216.5,67,2
197.9,0,0,19.8,115.0,1.7,27.4,3,12.0,0.03,construction,6265.0,1,2,387.5,84,1
273.4,0,0,40.8,802.0,5.1,31.3,0,12.0,0.03,food,13386.0,4,3,21.8,89,1
163.6,1,1,44.6,578.0,1.4,18.9,0,13.0,0.04,medicine,3861.0,5,3,170.6,88,2
150.8,1,1,57.4,1117.0,4.1,27.4,0,3.0,0.17,general,13774.0,1,2,181.4,88,2
139.6,1,1,44.3,1117.0,4.1,23.9,1,18.0,1.0,general,2529.0,1,4,405.8,60,2
195.3,0,0,29.6,115.0,1.1,21.1,2,72.0,0.195,agri,10350.0,2,10,192.9,68,1
199.4,1,1,69.6,1041.0,0.5,24.4,2,6.0,0.16,medicine,13183.0,5,12,533.8,81,2
319.1,0,0,24.7,202.0,2.6,28.7,3,100.0,0.25,fuel,10903.0,3,7,708.4,64,1
220.6,1,0,31.0,470.0,2.2,22.0,0,80.0,0.5,agri,5161.0,2,9,198.0,63,2
106.3,1,1,46.1,550.0,3.4,31.4,0,60.0,1.0,construction,2221.0,1,9,218.1,55,2
176.2,0,0,6.0,68.0,1.7,31.3,1,14.0,0.02,fuel,1823.0,3,12,61.5,95,1
386.8,1,1,50.6,574.0,27.1,34.4,2,100.0,0.125,medicine,3309.0,5,7,1567.8,54,2
190.4,0,0,19.6,115.0,2.3,23.6,2,8.0,0.04,food,8919.0,4,3,172.9,92,1
565.0,0,0,11.8,35.0,0.9,32.1,0,14.0,0.02,fuel,7395.0,3,2,10.5,89,1
540.0,0,0,12.2,35.0,3.1,34.4,3,84.0,0.13,fuel,789.0,3,5,1137.7,68,1
249.9,0,0,39.8,775.0,6.4,18.7,0,40.0,1.0,agri,9024.0,2,7,164.4,63,1
74.0,0,0,53.3,797.0,2.6,19.4,1,8.0,0.04,construction,14164.0,1,11,27.7,89,1
500.7,0,0,22.9,422.0,0.1,26.0,1,7.0,0.1,food,6071.0,4,1,181.1,88,1
109.3,1,1,44.8,550.0,96.9,19.5,1,60.0,1.0,food,12538.0,4,7,1174.5,35,3
212.0,1,0,40.8,470.0,0.7,25.0,2,8.0,0.04,construction,2080.0,1,1,378.3,80,2
81.7,0,0,52.4,1438.0,0.5,19.7,1,4.0,0.14,food,605.0,4,12,31.8,86,1
265.0,1,0,36.4,502.0,0.8,26.2,2,14.0,0.02,construction,13713.0,1,12,468.8,80,2
113.5,1,1,49.4,550.0,3.0,35.0,3,60.0,1.0,medicine,3917.0,5,6,791.2,44,2
88.5,0,0,58.0,1438.0,4.6,34.6,1,24.0,0.91,agri,7429.0,2,5,88.6,64,1
107.0,1,1,36.9,550.0,26.9,21.2,3,60.0,1.0,general,915.0,1,8,1032.8,44,2
533.5,0,0,9.7,35.0,2.0,25.0,2,84.0,0.13,food,10825.0,4,4,513.3,68,1
312.5,2,2,59.8,870.0,0.1,29.8,0,6.0,0.16,construction,6547.0,1,12,1320.5,74,2
197.0,1,1,64.5,1041.0,27.4,20.2,2,36.0,1.0,general,13624.0,1,5,1196.1,46,2
193.7,0,0,11.2,115.0,2.6,33.8,1,48.0,0.26,general,10494.0,1,10,94.8,89,1
317.0,0,0,22.0,202.0,12.4,25.4,1,84.0,0.13,construction,13262.0,1,4,192.1,70,1
249.3,0,0,31.6,408.0,69.6,32.8,1,100.0,0.5,general,9292.0,1,7,1194.2,48,3
276.2,0,0,28.0,215.0,32.4,26.6,1,100.0,1.0,agri,3087.0,2,9,566.9,45,2
270.4,1,0,41.9,502.0,18.2,31.2,0,100.0,0.25,food,13000.0,4,9,299.8,61,2
280.6,0,0,29.0,102.0,2.2,20.2,1,84.0,0.13,general,1242.0,1,5,115.6,74,1
235.6,1,0,13.3,250.0,16.2,29.0,0,100.0,1.0,food,4541.0,4,7,422.7,52,2
367.0,1,1,39.1,574.0,1.1,34.5,1,90.0,0.065,medicine,9348.0,5,10,597.3,64,2
260.7,0,0,31.1,802.0,10.7,31.3,3,72.0,0.195,food,12472.0,4,4,643.4,63,1
275.3,1,0,31.9,502.0,0.6,25.1,1,84.0,0.13,medicine,9215.0,5,4,299.3,68,2
383.3,1,1,67.1,961.0,1.8,32.3,0,7.0,0.1,agri,12647.0,2,1,419.3,79,2
162.2,1,1,51.0,578.0,1.1,28.9,0,78.0,0.26,agri,4664.0,2,5,194.1,65,2
390.0,1,1,67.8,961.0,5.5,23.9,2,70.0,1.0,construction,14606.0,1,9,1705.5,46,2
429.7,0,1,42.1,594.0,1.8,24.7,3,14.0,0.02,medicine,11069.0,5,11,1182.8,88,1
219.5,0,0,38.1,688.0,34.9,33.3,0,100.0,0.5,construction,5870.0,1,6,221.3,59,2
323.7,0,0,43.3,750.0,2.8,26.6,3,3.0,0.17,construction,2845.0,1,3,692.2,81,1
241.8,0,0,37.1,775.0,10.7,24.1,1,40.0,1.0,food,12869.0,4,6,302.0,65,1
329.8,0,0,4.2,20.0,0.1,30.1,0,13.0,0.04,general,7565.0,1,12,5.5,94,1
325.2,0,0,22.2,202.0,2.9,29.8,0,84.0,0.13,medicine,12807.0,5,5,29.2,78,1
70.4,0,0,41.8,797.0,3.5,28.7,0,8.0,0.04,food,3914.0,4,1,4.3,88,1
231.3,0,0,46.3,408.0,8.3,20.8,0,78.0,0.26,general,1008.0,1,4,53.0,72,1
133.5,1,0,46.6,488.0,0.0,30.6,1,13.0,0.04,food,7068.0,4,11,134.9,79,2
110.1,1,1,45.8,550.0,2.5,22.6,0,6.0,0.16,construction,6916.0,1,11,127.2,79,2
233.4,1,0,40.8,250.0,1.3,28.5,2,10.0,0.08,general,8246.0,1,1,429.0,80,2
178.1,0,0,20.8,68.0,32.8,25.3,1,100.0,0.25,food,1530.0,4,8,224.8,59,2
280.6,0,0,35.6,802.0,0.1,30.7,1,72.0,0.195,medicine,5294.0,5,10,115.5,72,1
134.3,1,0,42.7,488.0,10.2,26.1,2,78.0,0.26,fuel,11626.0,3,5,314.7,57,2
322.6,2,2,55.4,870.0,0.5,34.2,0,6.0,0.16,general,6813.0,1,12,1370.9,78,2
108.9,1,1,45.3,550.0,21.4,27.9,0,60.0,1.0,construction,12945.0,1,7,305.9,55,2
240.3,0,0,40.4,775.0,68.7,20.0,1,40.0,1.0,agri,13964.0,2,8,1415.9,47,3
242.2,0,0,29.1,408.0,19.2,32.4,3,100.0,0.5,agri,13564.0,2,8,799.8,49,1
398.1,1,1,39.8,574.0,11.7,20.2,3,90.0,0.065,construction,7348.0,1,10,2068.3,62,2
553.0,0,0,8.1,35.0,1.1,23.5,2,14.0,0.02,fuel,9575.0,3,1,480.5,91,1
188.3,1,0,62.2,1238.0,3.9,32.6,1,40.0,1.0,general,1820.0,1,9,389.2,59,2
179.5,1,0,70.8,1197.0,3.0,21.5,1,36.0,1.0,general,3512.0,1,5,365.9,54,2
558.2,0,0,10.5,35.0,32.5,30.7,2,100.0,0.25,medicine,2531.0,5,8,1163.7,63,2
83.7,0,0,56.6,1438.0,6.1,26.7,0,24.0,0.91,general,4716.0,1,5,48.6,66,1
202.3,1,1,75.0,1041.0,32.6,34.4,1,36.0,1.0,agri,3521.0,2,5,944.0,47,2
310.8,2,2,54.6,870.0,8.1,30.6,0,36.0,1.0,food,14412.0,4,4,2127.5,48,2
377.9,1,1,44.0,574.0,11.8,30.8,2,90.0,0.065,medicine,7390.0,5,4,1153.5,56,2
224.6,1,0,38.7,470.0,0.3,19.3,0,8.0,0.04,agri,14051.0,2,11,126.4,89,2
188.7,1,0,34.2,515.0,0.5,25.6,0,12.0,0.03,medicine,13290.0,5,12,106.0,94,2
278.4,0,0,24.6,215.0,11.5,20.4,3,60.0,0.52,agri,3618.0,2,5,816.2,64,1
189.2,0,0,22.2,115.0,3.2,18.2,1,80.0,0.5,construction,3229.0,1,7,122.8,68,1
303.3,0,0,19.2,40.0,2.8,34.2,1,84.0,0.13,general,4819.0,1,10,128.2,71,1
167.3,1,1,50.6,578.0,1.4,31.6,0,100.0,0.5,general,14349.0,1,6,236.5,54,2
135.7,1,0,41.4,488.0,3.8,31.8,2,13.0,0.04,fuel,5875.0,3,11,255.2,80,2
469.7,0,0,39.8,422.0,0.7,20.8,1,7.0,0.1,agri,10102.0,2,11,174.8,91,1
221.2,1,0,28.1,250.0,10.4,22.9,0,60.0,0.52,food,4014.0,4,5,246.0,63,2
274.8,0,0,36.7,802.0,2.5,26.7,0,72.0,0.195,medicine,5901.0,5,5,30.7,77,1
482.9,0,0,35.9,422.0,0.6,28.8,2,7.0,0.1,general,9352.0,1,3,439.6,84,1
315.7,0,0,5.3,20.0,0.2,31.2,0,13.0,0.04,fuel,2898.0,3,12,5.6,95,1
277.5,0,0,46.1,802.0,0.4,27.0,2,12.0,0.03,agri,13082.0,2,11,238.6,80,1
328.4,0,0,31.7,202.0,0.1,25.2,1,84.0,0.13,agri,2734.0,2,4,124.0,79,1
142.1,1,0,47.8,488.0,0.2,30.8,0,13.0,0.04,agri,6414.0,2,12,79.6,81,2
199.0,0,0,26.0,115.0,3.6,31.5,0,80.0,0.5,agri,7496.0,2,6,54.9,74,1
323.1,0,0,6.1,20.0,3.4,29.9,0,78.0,0.26,agri,584.0,2,10,49.5,76,1
382.2,1,1,66.8,961.0,2.5,31.5,2,7.0,0.1,construction,10975.0,1,2,1025.6,75,2
258.8,1,0,33.9,502.0,0.4,18.1,2,14.0,0.02,fuel,5415.0,3,11,454.2,85,2
278.6,0,0,13.5,102.0,2.2,20.9,0,100.0,0.25,food,11573.0,4,8,36.8,67,1
220.7,1,0,28.1,250.0,1.2,32.2,2,10.0,0.08,general,9141.0,1,2,405.3,77,2
75.1,0,0,50.1,797.0,13.6,20.0,1,80.0,0.5,agri,13401.0,2,9,65.9,63,1
198.9,0,0,16.6,115.0,0.3,25.3,3,8.0,0.04,food,2364.0,4,1,382.3,87,1
193.8,1,0,32.2,515.0,4.8,18.4,0,72.0,0.195,agri,5769.0,2,4,143.8,70,2
190.2,0,0,24.7,115.0,2.7,34.4,1,48.0,0.26,construction,7391.0,1,10,93.6,78,1
201.9,0,0,16.5,115.0,9.5,32.8,2,100.0,0.375,general,9018.0,1,6,271.6,61,1
280.5,0,0,23.2,802.0,5.7,18.9,1,12.0,0.03,construction,12007.0,1,2,118.2,89,1
83.1,0,0,58.7,1438.0,1.4,30.0,1,4.0,0.14,food,14268.0,4,11,33.6,83,1
196.8,1,1,58.7,1041.0,0.2,26.6,0,6.0,0.16,medicine,9521.0,5,11,216.5,82,2
176.5,0,0,11.1,68.0,5.2,33.5,1,100.0,0.25,agri,1953.0,2,8,93.9,63,1
250.4,0,0,41.3,408.0,2.1,19.4,1,13.0,0.04,fuel,10571.0,3,3,91.3,82,1
253.2,1,0,48.9,762.0,5.0,31.9,0,100.0,0.375,medicine,1459.0,5,8,219.8,53,2
184.6,1,0,52.9,515.0,0.6,23.3,2,72.0,0.195,construction,10015.0,1,10,356.1,64,2
146.6,1,1,65.7,1117.0,10.1,26.1,0,30.0,1.0,construction,583.0,1,7,336.6,55,2
492.3,0,0,30.9,422.0,3.4,33.1,1,70.0,1.0,medicine,4486.0,5,7,522.1,55,1
316.7,0,0,17.7,40.0,9.8,23.5,1,100.0,0.25,food,8868.0,4,9,197.0,66,1
197.1,1,0,63.2,1238.0,3.5,24.3,1,4.0,0.14,agri,3285.0,2,1,229.5,76,2
395.4,1,1,41.7,574.0,1.9,18.4,1,90.0,0.065,medicine,5010.0,5,4,652.1,65,2
171.9,0,0,16.0,68.0,0.6,29.6,0,14.0,0.02,general,1672.0,1,11,2.6,92,1
217.9,0,0,41.5,688.0,17.2,24.9,2,78.0,0.26,general,5068.0,1,4,322.4,69,1
245.6,0,0,37.7,775.0,8.2,24.0,1,24.0,0.91,food,3322.0,4,5,267.9,63,1
544.0,0,0,16.0,35.0,52.7,22.2,1,100.0,0.25,fuel,14094.0,3,7,1263.8,59,2
317.3,2,2,61.5,870.0,3.1,27.7,2,6.0,0.16,medicine,5675.0,5,3,2588.3,75,2
303.8,0,0,20.7,40.0,2.4,18.6,1,84.0,0.13,agri,12814.0,2,5,126.5,78,1
389.2,1,1,63.5,961.0,1.2,24.1,0,7.0,0.1,fuel,8679.0,3,12,420.3,82,2
381.3,1,1,39.9,574.0,2.7,28.1,3,100.0,0.125,construction,9802.0,1,6,1796.2,57,2
197.2,1,0,50.2,515.0,16.9,24.1,3,100.0,0.375,construction,4178.0,1,6,946.5,48,2
254.2,0,0,35.7,775.0,22.7,29.4,3,24.0,0.91,food,10690.0,4,4,1095.5,60,1
205.2,1,0,49.2,470.0,3.0,26.2,0,8.0,0.04,food,7303.0,4,1,126.0,80,2
144.6,1,0,45.7,488.0,0.0,22.6,3,13.0,0.04,food,9323.0,4,12,472.8,78,2
234.1,0,0,42.7,408.0,2.3,31.2,3,13.0,0.04,medicine,10830.0,5,12,465.0,84,1
227.0,1,0,25.5,250.0,5.7,18.7,0,10.0,0.08,medicine,835.0,5,3,156.9,80,2
183.0,1,0,63.2,1238.0,0.9,31.6,0,4.0,0.14,general,10906.0,1,12,115.6,81,2
317.9,0,0,15.6,40.0,1.7,32.6,1,100.0,0.25,general,4381.0,1,7,148.8,63,1
333.2,0,0,14.5,20.0,6.1,18.8,1,100.0,0.5,fuel,4471.0,3,9,235.5,58,1
260.0,1,0,33.2,502.0,7.4,34.9,1,84.0,0.13,medicine,10917.0,5,10,327.1,61,2
544.1,0,0,20.3,35.0,3.4,27.5,3,14.0,0.02,medicine,12021.0,5,11,1090.4,83,1
257.6,1,0,44.2,502.0,0.3,26.0,2,14.0,0.02,medicine,11105.0,5,12,451.5,76,2
204.5,0,0,16.7,115.0,4.5,32.9,2,80.0,0.5,construction,2009.0,1,8,269.2,69,1
452.7,0,1,49.8,594.0,8.2,23.0,0,100.0,0.25,agri,941.0,2,9,267.2,69,1
481.8,0,0,31.3,422.0,0.5,32.9,2,7.0,0.1,food,6870.0,4,12,437.8,89,1
245.9,0,0,37.9,408.0,0.2,24.3,0,13.0,0.04,general,6995.0,1,12,4.4,92,1
181.1,0,0,19.4,68.0,15.1,22.9,1,84.0,0.13,construction,2852.0,1,5,120.3,67,1
539.5,0,0,8.2,35.0,3.3,29.7,0,14.0,0.02,fuel,13005.0,3,11,27.3,100,1
113.9,1,1,39.2,550.0,0.1,28.4,2,36.0,1.0,fuel,4993.0,3,10,463.8,51,2
198.4,1,0,34.2,515.0,3.4,29.3,0,100.0,0.375,medicine,12605.0,5,7,165.1,63,2
236.0,1,0,28.2,250.0,0.4,27.1,2,10.0,0.08,fuel,10911.0,3,12,427.3,81,2
459.5,0,1,54.2,594.0,11.9,34.0,3,84.0,0.13,medicine,9811.0,5,5,1546.2,65,1
524.2,0,0,11.9,35.0,20.4,33.4,1,100.0,0.25,food,14858.0,4,8,456.9,69,1
161.1,1,1,52.7,578.0,13.6,22.8,0,78.0,0.26,fuel,3498.0,3,5,249.8,67,2
170.0,1,1,44.1,578.0,2.7,22.5,1,100.0,0.5,general,14147.0,1,6,360.9,57,2
189.7,0,0,21.9,115.0,4.4,28.3,3,48.0,0.26,food,11761.0,4,5,435.5,74,1
301.6,0,0,17.2,40.0,0.3,24.5,1,100.0,0.25,construction,1138.0,1,9,133.8,67,1
248.1,0,0,30.1,408.0,0.3,25.3,1,13.0,0.04,construction,1452.0,1,12,83.2,95,1
84.2,0,0,49.5,1438.0,12.7,33.6,2,24.0,0.91,medicine,14170.0,5,4,171.2,55,1
170.9,0,0,9.1,68.0,0.8,31.5,1,14.0,0.02,medicine,3208.0,5,11,57.3,93,1
440.4,0,1,34.7,594.0,3.3,32.9,0,84.0,0.13,general,13177.0,1,10,189.7,73,1
270.8,0,0,26.8,215.0,2.6,21.2,0,10.0,0.08,medicine,5736.0,5,3,17.4,96,1
238.1,1,0,34.2,250.0,2.2,30.2,0,10.0,0.08,general,5964.0,1,2,147.9,85,2
571.8,0,0,14.4,35.0,3.2,22.6,1,84.0,0.13,general,11038.0,1,5,246.0,70,1
145.5,1,0,40.9,488.0,21.7,21.5,0,100.0,0.5,agri,1805.0,2,8,208.6,53,2
322.0,0,0,7.7,20.0,2.3,20.4,1,100.0,0.5,medicine,12343.0,5,8,203.6,62,1
564.4,0,0,8.9,35.0,1.1,22.2,3,14.0,0.02,medicine,5463.0,5,3,1088.5,88,1
178.9,1,0,70.3,1197.0,27.0,28.0,2,60.0,1.0,general,1114.0,1,6,818.7,34,2
190.2,1,1,64.4,1041.0,15.3,20.2,1,60.0,1.0,general,3366.0,1,7,657.6,48,2
442.1,0,1,45.7,594.0,0.3,18.4,0,14.0,0.02,medicine,2068.0,5,2,144.2,87,1
175.2,0,0,8.6,68.0,2.3,34.2,0,14.0,0.02,general,14233.0,1,3,6.4,100,1
267.7,1,0,39.6,762.0,12.9,21.9,0,100.0,0.375,agri,12635.0,2,6,284.1,52,2
323.9,0,0,42.7,750.0,8.2,20.4,0,18.0,1.0,agri,8704.0,2,10,225.1,69,1
323.8,0,0,17.8,202.0,3.1,32.6,0,100.0,0.25,agri,6054.0,2,6,46.9,66,1
280.0,0,0,36.3,802.0,0.9,34.2,0,12.0,0.03,construction,563.0,1,2,6.5,90,1
210.1,1,0,38.2,470.0,12.8,31.6,1,80.0,0.5,agri,11653.0,2,8,370.3,58,2
73.5,0,0,51.6,797.0,0.9,24.3,1,8.0,0.04,construction,14730.0,1,12,25.4,84,1
192.1,0,0,23.7,115.0,3.3,33.9,1,8.0,0.04,food,13804.0,4,11,73.9,88,1
437.8,0,1,40.1,594.0,4.9,25.9,1,14.0,0.02,general,11455.0,1,3,357.4,85,1
272.8,1,0,35.5,502.0,4.2,22.8,2,14.0,0.02,medicine,14853.0,5,3,511.7,80,2
193.2,0,0,25.8,115.0,0.0,20.9,2,48.0,0.26,construction,4181.0,1,10,195.2,81,1
349.0,0,0,35.2,750.0,4.4,23.5,1,3.0,0.17,fuel,13277.0,3,3,165.0,87,1
73.4,0,0,49.2,797.0,25.8,28.0,1,80.0,0.5,fuel,6280.0,3,6,90.0,53,1
94.3,0,0,32.6,790.0,0.8,19.2,0,14.0,0.02,general,13920.0,1,11,1.6,89,1
187.6,1,0,34.8,515.0,21.2,27.0,3,100.0,0.375,construction,8186.0,1,8,963.5,51,2
454.6,0,1,36.6,594.0,8.2,19.7,1,100.0,0.25,construction,14702.0,1,7,477.1,64,1
308.9,0,0,18.9,40.0,3.7,26.6,2,14.0,0.02,agri,11894.0,2,2,286.0,88,1
195.9,1,1,66.0,1041.0,1.6,21.8,2,6.0,0.16,general,13492.0,1,1,533.0,66,2
376.8,1,1,43.6,574.0,0.0,32.7,0,15.0,0.01,fuel,6293.0,3,12,372.7,81,2
146.8,1,0,44.5,488.0,0.2,25.2,2,13.0,0.04,agri,3947.0,2,11,259.5,78,2
364.1,1,1,41.0,574.0,12.4,23.7,0,100.0,0.125,general,10452.0,1,9,509.1,63,2
534.2,0,0,18.8,35.0,35.1,19.0,0,100.0,0.25,general,9343.0,1,7,444.2,61,2
214.7,0,0,31.0,688.0,7.3,32.1,1,100.0,0.5,agri,8863.0,2,8,157.5,65,1
71.5,0,0,54.6,797.0,1.6,23.8,1,8.0,0.04,fuel,14135.0,3,3,25.6,84,1
264.4,1,0,48.7,502.0,0.8,31.4,0,14.0,0.02,general,6280.0,1,1,148.2,90,2
258.9,1,0,44.2,762.0,74.6,23.2,0,100.0,0.375,construction,8381.0,1,9,1412.9,44,3
289.5,0,0,21.2,215.0,9.9,20.7,0,10.0,0.08,medicine,9174.0,5,3,49.6,87,1
289.9,0,0,20.4,215.0,9.7,30.6,0,100.0,1.0,food,10785.0,4,6,211.1,58,1
88.0,0,0,65.2,1438.0,14.3,18.3,0,24.0,0.91,medicine,12656.0,5,5,66.5,64,1
231.3,1,0,31.1,250.0,10.8,34.5,2,60.0,0.52,fuel,13641.0,3,4,624.9,57,2
74.0,0,0,47.1,797.0,14.4,30.0,1,80.0,0.5,food,6647.0,4,7,66.5,64,1
330.3,0,0,30.2,202.0,46.0,27.3,1,100.0,0.25,construction,9300.0,1,8,619.5,58,2
342.2,0,0,33.4,750.0,4.5,32.0,2,3.0,0.17,construction,6764.0,1,2,358.9,83,1
350.5,0,0,36.3,750.0,5.1,18.1,2,30.0,1.0,medicine,4503.0,5,6,661.2,62,1
278.4,0,0,24.9,215.0,0.1,22.9,1,10.0,0.08,general,13803.0,1,12,98.1,91,1
99.8,0,0,35.7,790.0,3.6,19.9,2,14.0,0.02,construction,9774.0,1,2,92.2,84,1
198.2,0,0,23.4,115.0,0.7,18.8,1,8.0,0.04,fuel,13547.0,3,1,67.9,94,1
172.1,0,0,13.9,68.0,0.8,32.8,0,14.0,0.02,fuel,3619.0,3,2,2.9,98,1
314.8,2,2,63.8,870.0,7.3,32.2,0,60.0,1.0,fuel,2923.0,3,9,2133.3,44,2
228.8,0,0,30.3,408.0,0.9,33.4,3,13.0,0.04,general,863.0,1,11,443.9,82,1
401.1,1,1,54.0,961.0,5.1,18.6,0,70.0,1.0,agri,1224.0,2,6,846.7,52,2
259.6,1,0,27.8,502.0,0.5,30.9,1,84.0,0.13,construction,13970.0,1,4,281.7,67,2
88.5,0,0,52.5,1438.0,16.6,33.0,1,40.0,1.0,fuel,9543.0,3,9,126.2,52,1
484.1,0,0,29.7,422.0,0.3,34.8,2,7.0,0.1,general,4409.0,1,12,437.8,90,1
182.4,1,0,65.3,1238.0,0.4,24.9,0,4.0,0.14,construction,3037.0,1,12,113.3,75,2
457.1,0,1,47.4,594.0,2.0,34.2,3,14.0,0.02,general,9630.0,1,2,1262.2,80,1
144.1,1,0,47.5,488.0,2.7,24.0,1,13.0,0.04,agri,807.0,2,1,154.4,81,2
241.0,0,0,33.0,775.0,0.3,22.0,1,4.0,0.14,agri,8244.0,2,11,92.9,85,1
369.3,1,1,32.7,574.0,3.3,22.0,3,100.0,0.125,general,7226.0,1,6,1752.9,59,2
525.7,0,0,3.5,35.0,1.9,23.6,1,14.0,0.02,food,11696.0,4,1,185.1,96,1
292.0,0,0,31.4,215.0,1.4,23.7,3,10.0,0.08,general,1803.0,1,3,583.1,83,1
187.8,0,0,15.3,115.0,1.3,19.8,1,8.0,0.04,agri,14268.0,2,2,66.2,91,1
176.3,1,1,42.5,578.0,4.1,28.2,0,78.0,0.26,medicine,6340.0,5,4,224.9,71,2
205.9,1,0,33.8,470.0,7.6,22.3,2,48.0,0.26,construction,7655.0,1,4,462.0,66,2
169.2,1,1,49.6,578.0,0.7,25.0,0,13.0,0.04,agri,2006.0,2,12,173.6,81,2
561.6,0,0,0.0,35.0,4.2,23.2,2,100.0,0.25,medicine,9540.0,5,7,618.5,65,1
446.4,0,1,40.2,594.0,19.8,23.0,0,100.0,0.25,construction,14782.0,1,8,382.5,58,1
237.2,1,0,32.9,250.0,0.8,18.1,2,10.0,0.08,construction,11183.0,1,3,432.9,77,2
170.0,0,0,15.6,68.0,5.5,26.6,3,100.0,0.25,general,7884.0,1,9,395.3,64,1
275.2,1,0,36.4,502.0,1.3,27.6,1,100.0,0.25,construction,4226.0,1,9,328.8,56,2
463.3,0,0,27.2,422.0,0.1,18.4,3,70.0,1.0,food,4937.0,4,9,1491.0,52,1
259.9,0,0,29.1,802.0,0.5,32.6,1,12.0,0.03,food,10865.0,4,12,87.1,93,1
562.5,0,0,11.1,35.0,19.8,32.8,1,100.0,0.25,general,9803.0,1,7,481.2,68,1
206.4,1,1,69.4,1041.0,0.1,34.9,2,60.0,1.0,construction,3763.0,1,9,839.7,43,2
194.5,0,0,17.7,115.0,0.5,24.7,0,48.0,0.26,general,14901.0,1,10,22.0,79,1
220.4,0,0,36.6,688.0,1.5,30.3,1,78.0,0.26,construction,8761.0,1,5,103.7,68,1
82.6,0,0,58.6,1438.0,17.4,23.3,1,24.0,0.91,construction,11954.0,1,5,111.7,63,1
196.0,1,0,39.7,515.0,1.2,23.8,2,12.0,0.03,construction,11689.0,1,3,350.7,78,2
239.6,1,0,39.5,250.0,9.8,19.7,0,60.0,0.52,general,3004.0,1,5,262.7,65,2
190.2,1,1,67.1,1041.0,0.9,33.1,3,6.0,0.16,general,4675.0,1,12,887.5,75,2
249.3,0,0,29.0,408.0,18.7,30.9,1,78.0,0.26,food,5674.0,4,4,208.2,68,1
185.3,1,0,67.7,1197.0,2.8,33.5,1,6.0,0.16,agri,14810.0,2,11,215.5,76,2
188.1,1,0,38.4,515.0,0.3,28.6,1,12.0,0.03,general,12916.0,1,12,189.7,87,2
269.7,0,0,33.5,802.0,2.5,20.9,0,100.0,0.375,fuel,8626.0,3,9,52.4,65,1
198.0,1,1,70.0,1041.0,1.1,18.9,0,6.0,0.16,medicine,4789.0,5,12,222.0,76,2
234.4,0,0,44.9,775.0,29.8,29.8,2,40.0,1.0,construction,11809.0,1,9,701.3,50,1
194.6,0,0,20.8,115.0,0.7,18.2,0,8.0,0.04,general,13834.0,1,11,4.7,96,1
187.5,1,0,69.2,1197.0,113.2,32.9,0,60.0,1.0,medicine,1927.0,5,7,1359.8,33,3
398.2,1,1,33.6,574.0,0.9,32.8,1,15.0,0.01,medicine,8701.0,5,2,626.6,83,2
70.9,0,0,50.2,797.0,0.6,24.6,1,8.0,0.04,medicine,1855.0,5,3,24.1,85,1
269.6,1,0,41.3,502.0,0.7,20.2,3,84.0,0.13,agri,12481.0,2,4,924.0,60,2
260.6,1,0,46.9,762.0,3.0,27.3,2,72.0,0.195,general,10338.0,1,5,523.8,65,2
334.5,0,0,8.1,20.0,3.1,33.5,1,13.0,0.04,medicine,7069.0,5,3,128.1,90,1
186.8,1,0,65.7,1197.0,1.1,22.4,0,36.0,1.0,fuel,6114.0,3,4,248.1,58,2
313.8,0,0,19.1,40.0,2.7,32.6,1,100.0,0.25,construction,4488.0,1,6,152.7,68,1
530.3,0,0,8.8,35.0,0.0,27.0,1,84.0,0.13,general,4497.0,1,10,199.5,74,1
135.5,1,0,39.6,488.0,1.3,34.1,3,13.0,0.04,general,5096.0,1,12,450.9,79,2
75.1,0,0,48.3,797.0,0.5,22.1,3,48.0,0.26,fuel,6717.0,3,4,162.1,74,1
186.7,1,0,67.0,1197.0,0.6,34.6,2,6.0,0.16,general,12790.0,1,12,353.7,75,2
262.2,1,0,36.7,502.0,17.6,19.2,0,100.0,0.25,construction,6303.0,1,7,286.7,60,2
196.5,0,0,16.6,115.0,2.5,34.6,2,8.0,0.04,agri,8695.0,2,11,179.2,89,1
268.6,1,0,44.5,502.0,0.5,26.5,1,14.0,0.02,general,13214.0,1,1,270.6,79,2
321.4,0,0,6.0,20.0,2.4,32.5,1,78.0,0.26,fuel,5687.0,3,4,156.3,76,1
351.7,0,0,39.9,750.0,4.6,30.3,3,18.0,1.0,general,12223.0,1,4,1206.0,59,1
183.5,1,0,66.2,1238.0,1.7,23.6,2,24.0,0.91,fuel,7893.0,3,10,535.1,58,2
173.2,1,1,49.5,578.0,0.5,20.1,2,13.0,0.04,food,8891.0,4,12,439.0,79,2
182.6,1,0,65.5,1197.0,58.7,25.3,1,60.0,1.0,food,6519.0,4,8,1181.2,38,2
260.5,0,0,17.5,102.0,11.4,24.9,1,14.0,0.02,food,847.0,4,3,136.5,89,1
236.1,1,0,31.5,250.0,2.4,28.6,1,10.0,0.08,construction,8710.0,1,2,258.1,82,2
313.5,0,0,12.2,40.0,14.3,22.6,2,100.0,0.25,agri,9439.0,2,7,432.4,63,1
310.0,0,0,17.0,20.0,0.9,32.8,1,13.0,0.04,food,4299.0,4,3,107.0,95,1
335.3,0,0,15.3,20.0,2.8,23.1,0,13.0,0.04,agri,6685.0,2,1,17.4,95,1
377.8,1,1,66.4,961.0,0.1,30.3,3,7.0,0.1,food,1611.0,4,12,1702.5,72,2
309.2,0,0,11.4,40.0,5.8,31.4,1,14.0,0.02,agri,9127.0,2,3,129.6,94,1
282.8,1,0,36.3,502.0,0.6,33.7,1,14.0,0.02,fuel,4452.0,3,11,285.2,89,2
303.0,2,2,63.6,870.0,2.7,19.9,1,60.0,1.0,fuel,1987.0,3,8,2516.1,42,2
253.6,0,0,31.6,775.0,2.4,34.3,1,4.0,0.14,general,9903.0,1,2,106.9,90,1
190.6,1,1,67.8,1041.0,0.2,20.2,1,60.0,1.0,food,2501.0,4,9,523.1,45,2
274.7,0,0,29.6,802.0,9.2,23.0,0,100.0,0.375,medicine,9609.0,5,9,82.9,64,1
231.1,1,0,37.5,250.0,1.2,23.8,2,10.0,0.08,construction,8524.0,1,3,424.4,81,2
212.0,1,0,43.8,470.0,0.9,33.0,0,8.0,0.04,agri,9280.0,2,2,121.6,88,2
139.8,1,0,42.1,488.0,1.0,22.7,1,78.0,0.26,general,1554.0,1,4,167.1,67,2
86.8,0,0,43.5,1438.0,23.5,28.4,1,40.0,1.0,agri,3884.0,2,6,144.8,58,1
187.9,1,0,74.3,1197.0,8.9,23.3,0,36.0,1.0,fuel,4746.0,3,4,291.3,53,2
386.8,1,1,43.3,574.0,7.0,31.5,0,100.0,0.125,fuel,683.0,3,8,481.1,62,2
182.0,0,0,16.4,68.0,1.9,24.0,1,14.0,0.02,general,14878.0,1,2,64.1,87,1
256.8,0,0,46.5,775.0,19.5,25.5,0,40.0,1.0,food,5261.0,4,8,248.8,59,1
201.1,0,0,46.5,688.0,0.1,21.3,1,13.0,0.04,general,5364.0,1,1,67.1,86,1
191.6,1,1,71.3,1041.0,20.0,22.6,0,60.0,1.0,medicine,3576.0,5,7,524.1,47,2
73.8,0,0,46.0,797.0,31.0,31.1,3,48.0,0.26,fuel,1991.0,3,5,270.3,65,2
172.0,1,0,73.1,1197.0,3.9,33.8,2,6.0,0.16,fuel,8259.0,3,1,344.3,75,2
195.7,1,0,66.7,1238.0,12.0,23.3,2,40.0,1.0,fuel,14735.0,3,9,700.3,56,2
337.0,0,0,38.0,750.0,24.1,19.7,0,30.0,1.0,medicine,5767.0,5,8,371.6,66,1
182.0,1,0,62.5,1197.0,0.3,33.7,0,6.0,0.16,food,11242.0,4,11,114.8,84,2
202.0,1,1,71.4,1041.0,16.7,24.6,0,60.0,1.0,medicine,6559.0,5,9,520.9,47,2
538.6,0,0,7.7,35.0,5.2,31.0,0,14.0,0.02,fuel,6698.0,3,3,41.3,93,1
173.4,0,0,15.9,68.0,6.4,26.0,1,14.0,0.02,medicine,9188.0,5,11,74.5,89,1
230.3,0,0,25.2,408.0,0.8,34.1,1,13.0,0.04,general,13701.0,1,11,79.5,93,1
234.6,0,0,36.7,408.0,1.2,34.3,1,13.0,0.04,construction,10355.0,1,11,82.4,85,1
541.8,0,0,8.0,35.0,2.7,29.6,0,84.0,0.13,fuel,620.0,3,4,47.1,74,1
151.8,1,1,61.3,1117.0,0.9,34.5,0,3.0,0.17,medicine,11956.0,5,11,170.4,78,2
200.5,0,0,22.3,115.0,0.2,33.5,3,12.0,0.03,construction,13295.0,1,1,382.7,82,1
88.9,0,0,57.5,1438.0,0.7,19.8,2,4.0,0.14,medicine,2677.0,5,1,83.6,78,1
274.3,0,0,16.4,102.0,0.6,23.8,2,14.0,0.02,food,2761.0,4,1,235.3,95,1
329.3,0,0,17.6,20.0,0.9,21.3,0,100.0,0.5,medicine,5244.0,5,9,76.9,68,1
140.5,1,0,38.9,488.0,2.9,31.8,1,78.0,0.26,construction,11735.0,1,5,174.8,66,2
72.8,0,0,42.1,797.0,14.1,18.9,2,80.0,0.5,general,5654.0,1,8,116.8,60,1
210.3,1,0,29.3,470.0,29.4,18.9,0,80.0,0.5,agri,13720.0,2,7,363.0,53,2
100.5,0,0,38.2,790.0,1.2,30.1,0,100.0,0.25,general,8825.0,1,7,11.8,69,1
440.0,0,1,46.8,594.0,7.3,25.8,1,100.0,0.25,medicine,14398.0,5,9,451.8,61,1
263.5,0,0,22.7,102.0,0.8,34.0,2,14.0,0.02,fuel,5722.0,3,12,227.5,89,1
313.1,0,0,18.8,40.0,0.1,27.1,1,14.0,0.02,medicine,6463.0,5,12,101.4,88,1
239.3,0,0,40.6,775.0,87.7,19.2,0,40.0,1.0,medicine,14595.0,5,9,1125.4,46,3
173.6,1,0,74.6,1197.0,0.2,19.9,0,6.0,0.16,agri,14679.0,2,11,109.3,80,2
327.8,0,0,30.7,202.0,1.6,25.9,1,84.0,0.13,construction,9107.0,1,5,132.1,74,1
72.3,0,0,39.6,797.0,16.6,34.8,3,80.0,0.5,general,7509.0,1,7,228.3,57,1
96.4,0,0,35.4,790.0,3.2,22.2,3,100.0,0.25,food,3864.0,4,8,215.7,64,1
134.7,1,0,45.2,488.0,0.0,26.6,2,13.0,0.04,general,724.0,1,3,237.5,78,2
221.8,1,0,36.6,470.0,3.4,20.5,1,80.0,0.5,agri,4689.0,2,9,325.9,55,2
188.6,0,0,16.4,115.0,13.7,34.8,0,72.0,0.195,general,3656.0,1,5,54.3,78,1
183.1,1,0,65.1,1238.0,1.4,28.3,0,4.0,0.14,fuel,5290.0,3,1,117.3,84,2
198.5,0,0,12.9,115.0,0.9,21.6,0,12.0,0.03,medicine,12537.0,5,2,4.5,92,1
181.2,0,0,9.4,68.0,1.1,19.1,0,84.0,0.13,fuel,1430.0,3,10,11.7,80,1
209.1,1,0,34.4,470.0,15.1,31.7,0,80.0,0.5,fuel,1576.0,3,9,256.2,56,2
346.2,0,0,29.0,202.0,10.7,27.2,2,84.0,0.13,food,740.0,4,5,408.2,69,1
237.3,0,0,34.5,775.0,9.4,24.4,3,24.0,0.91,construction,2786.0,1,4,828.9,64,1
230.4,1,0,34.1,250.0,7.2,25.4,1,10.0,0.08,food,9259.0,4,3,280.0,81,2
258.0,0,0,33.9,802.0,12.6,29.0,1,72.0,0.195,fuel,684.0,3,4,167.1,70,1
304.0,0,0,15.7,20.0,8.4,21.2,0,78.0,0.26,medicine,5044.0,5,4,70.1,71,1
260.5,0,0,30.2,802.0,1.2,29.3,0,12.0,0.03,fuel,1641.0,3,11,6.9,94,1
268.0,1,0,36.3,502.0,31.5,21.7,1,100.0,0.25,construction,10358.0,1,9,609.0,53,2
273.9,0,0,16.4,102.0,19.9,26.3,1,84.0,0.13,general,9390.0,1,5,213.6,68,1
270.8,0,0,19.6,102.0,11.6,28.8,2,84.0,0.13,medicine,4106.0,5,5,325.5,72,1
171.0,1,1,50.1,578.0,2.0,24.6,0,13.0,0.04,fuel,8932.0,3,12,180.6,86,2
269.6,0,0,18.9,215.0,69.2,31.8,0,100.0,1.0,agri,8354.0,2,6,1228.3,42,3
187.9,1,0,40.8,515.0,0.1,31.6,2,12.0,0.03,general,3639.0,1,11,330.2,81,2
205.0,0,0,39.3,688.0,0.6,31.0,2,13.0,0.04,agri,9761.0,2,2,178.7,85,1
267.0,0,0,27.2,102.0,4.0,19.3,1,84.0,0.13,agri,4522.0,2,4,118.4,66,1
279.3,0,0,26.5,215.0,12.9,24.6,1,100.0,1.0,agri,13485.0,2,8,366.5,54,1
321.4,2,2,59.9,870.0,2.2,22.6,1,6.0,0.16,fuel,1685.0,3,12,1845.6,72,2
187.9,0,0,23.3,115.0,0.7,28.7,3,72.0,0.195,fuel,3425.0,3,10,393.1,71,1
186.4,1,0,60.7,1238.0,5.3,24.1,2,40.0,1.0,construction,7607.0,1,6,604.0,53,2
252.5,1,0,37.9,762.0,0.1,27.1,2,12.0,0.03,agri,12255.0,2,1,443.4,83,2
208.1,0,0,44.6,688.0,12.1,24.9,3,78.0,0.26,general,5508.0,1,4,542.2,64,1
143.7,1,1,62.6,1117.0,1.9,21.5,0,18.0,1.0,agri,3108.0,2,5,287.6,62,2
185.9,1,0,43.9,515.0,0.8,22.9,0,12.0,0.03,general,8319.0,1,11,105.4,82,2
87.5,0,0,63.5,1438.0,6.0,28.3,1,40.0,1.0,construction,5525.0,1,8,98.4,62,1
351.4,0,0,41.9,750.0,23.8,23.5,0,30.0,1.0,agri,5385.0,2,6,383.8,59,1
287.1,0,0,23.3,215.0,4.8,31.0,2,100.0,1.0,medicine,11343.0,5,9,538.8,52,1
267.2,0,0,36.1,802.0,0.3,26.9,0,12.0,0.03,fuel,10400.0,3,11,4.1,93,1
327.6,0,0,32.8,202.0,9.0,30.5,2,84.0,0.13,food,9419.0,4,5,371.1,68,1
162.1,1,1,46.3,578.0,22.3,33.9,0,78.0,0.26,general,11441.0,1,5,302.3,58,2
276.0,0,0,21.0,102.0,0.1,32.9,1,14.0,0.02,medicine,5260.0,5,12,89.3,89,1
94.7,0,0,28.3,790.0,2.0,29.3,0,100.0,0.25,general,1549.0,1,9,12.2,70,1
100.4,0,0,29.4,790.0,5.4,19.0,3,84.0,0.13,fuel,13653.0,3,10,219.5,67,1
219.3,1,0,38.8,470.0,10.0,31.8,0,48.0,0.26,food,3658.0,4,10,197.8,75,2
304.6,0,0,13.9,40.0,10.7,20.9,0,100.0,0.25,agri,9035.0,2,9,80.2,65,1
505.5,0,0,29.1,422.0,1.7,29.3,0,7.0,0.1,food,13473.0,4,11,30.5,99,1
185.2,1,0,57.8,1238.0,2.1,30.8,0,40.0,1.0,food,2487.0,4,7,251.1,54,2
174.1,1,0,65.5,1197.0,0.3,29.2,2,6.0,0.16,construction,3594.0,1,3,328.2,78,2
226.0,1,0,41.7,250.0,2.3,28.5,2,100.0,1.0,medicine,8413.0,5,9,700.5,39,2
217.7,1,0,44.3,470.0,38.5,23.1,1,80.0,0.5,fuel,3089.0,3,6,658.2,47,2
172.8,0,0,12.9,68.0,0.9,25.1,1,14.0,0.02,food,13511.0,4,11,58.1,96,1
255.4,1,0,42.3,762.0,2.9,27.2,0,100.0,0.375,food,4745.0,4,9,210.2,61,2
328.9,0,0,43.8,750.0,6.0,34.2,2,3.0,0.17,food,7475.0,4,3,356.7,82,1
198.4,0,0,20.7,115.0,0.4,27.5,0,12.0,0.03,general,12348.0,1,12,3.2,92,1
500.8,0,0,43.5,422.0,3.6,23.5,0,70.0,1.0,medicine,9091.0,5,6,301.4,57,1
137.2,1,0,42.1,488.0,1.1,18.0,3,100.0,0.5,food,6691.0,4,8,557.0,50,2
270.3,0,0,20.1,102.0,1.6,27.4,3,84.0,0.13,agri,3338.0,2,5,555.5,66,1
143.7,1,0,40.0,488.0,0.0,24.4,0,13.0,0.04,general,5913.0,1,1,80.2,82,2
238.0,0,0,33.1,408.0,4.7,29.2,0,100.0,0.5,agri,4425.0,2,9,69.8,66,1
76.6,0,0,46.7,797.0,11.9,25.7,0,80.0,0.5,construction,14176.0,1,8,32.2,60,1
321.9,0,0,12.7,40.0,0.1,26.8,2,14.0,0.02,general,8149.0,1,1,273.2,85,1
196.7,1,1,67.1,1041.0,0.7,31.6,0,6.0,0.16,general,5347.0,1,2,218.6,86,2
397.5,1,1,49.1,574.0,1.2,24.8,0,15.0,0.01,agri,3091.0,2,11,404.2,84,2
322.7,0,0,11.5,20.0,5.8,30.1,0,78.0,0.26,fuel,14396.0,3,10,61.0,78,1
268.2,0,0,27.9,802.0,16.6,29.3,2,100.0,0.375,general,12154.0,1,7,419.7,59,1
74.4,0,0,46.3,797.0,9.4,19.9,0,80.0,0.5,fuel,14328.0,3,6,27.8,62,1
277.7,0,0,14.3,102.0,11.6,26.8,1,100.0,0.25,agri,13173.0,2,9,183.8,66,1
76.9,0,0,54.8,797.0,0.1,33.1,2,48.0,0.26,fuel,11901.0,3,4,77.7,77,1
223.4,1,0,37.5,470.0,11.3,34.5,0,80.0,0.5,agri,9390.0,2,6,250.0,63,2
267.6,0,0,25.7,215.0,14.3,32.8,3,100.0,1.0,fuel,6714.0,3,8,1059.2,40,1
172.5,0,0,19.4,68.0,6.3,26.8,1,100.0,0.25,food,12353.0,4,9,95.3,69,1
341.1,0,0,43.3,750.0,1.6,29.2,0,3.0,0.17,food,2963.0,4,3,30.1,94,1
264.2,0,0,14.0,102.0,3.6,29.4,1,100.0,0.25,general,3631.0,1,9,132.6,66,1
114.2,1,1,46.7,550.0,0.9,25.6,0,36.0,1.0,food,6601.0,4,4,224.7,63,2
275.6,0,0,32.6,802.0,12.3,33.2,0,12.0,0.03,agri,3939.0,2,3,51.9,90,1
436.7,0,1,43.6,594.0,1.9,28.6,3,14.0,0.02,food,12318.0,4,11,1203.4,77,1
191.6,0,0,22.6,115.0,56.8,30.0,0,80.0,0.5,general,7917.0,1,6,412.2,54,2
422.1,0,1,43.4,594.0,40.2,23.8,0,100.0,0.25,general,13676.0,1,8,664.4,57,2
485.9,0,0,34.0,422.0,1.0,19.9,1,70.0,1.0,food,13080.0,4,8,488.5,57,1
261.5,1,0,43.8,762.0,0.1,34.6,1,12.0,0.03,construction,11222.0,1,11,262.4,78,2
94.9,0,0,34.2,790.0,23.0,28.9,1,84.0,0.13,medicine,14669.0,5,4,81.7,70,1
191.6,1,0,42.7,515.0,8.2,34.2,0,72.0,0.195,fuel,1080.0,3,10,156.4,73,2
257.1,1,0,37.5,762.0,0.7,22.3,1,12.0,0.03,general,1934.0,1,3,261.8,79,2
219.5,1,0,42.8,250.0,2.1,27.1,2,10.0,0.08,fuel,6702.0,3,1,409.0,76,2
197.8,0,0,29.4,115.0,4.2,32.3,0,12.0,0.03,food,8628.0,4,1,13.1,88,1
335.4,0,0,10.3,20.0,3.2,33.8,1,13.0,0.04,fuel,4481.0,3,3,128.8,92,1
204.9,1,0,34.2,470.0,6.6,22.7,0,48.0,0.26,fuel,14622.0,3,10,168.8,75,2
96.6,0,0,37.7,790.0,0.7,28.4,1,14.0,0.02,general,6354.0,1,12,32.1,88,1
186.5,1,0,68.2,1197.0,0.6,27.3,2,6.0,0.16,food,9977.0,4,2,353.5,76,2
351.5,0,0,40.7,750.0,13.2,22.6,2,18.0,1.0,construction,3794.0,1,10,765.7,58,1
460.9,0,0,26.9,422.0,1.3,34.5,0,7.0,0.1,food,5663.0,4,3,25.4,97,1
188.6,0,0,19.2,115.0,0.4,33.4,1,48.0,0.26,food,3470.0,4,10,85.2,78,1
264.6,0,0,39.4,802.0,0.9,31.2,0,72.0,0.195,general,13681.0,1,10,23.8,79,1
240.8,1,0,28.0,250.0,2.5,21.8,1,60.0,0.52,food,8936.0,4,5,351.9,65,2
85.2,0,0,55.7,1438.0,7.8,27.2,0,40.0,1.0,fuel,8502.0,3,8,58.5,62,1
259.3,0,0,27.3,102.0,0.2,20.9,0,84.0,0.13,construction,10190.0,1,4,13.7,78,1
71.7,0,0,43.6,797.0,3.0,25.0,0,8.0,0.04,medicine,11038.0,5,3,3.9,89,1
102.4,0,0,29.5,790.0,6.8,30.2,0,84.0,0.13,fuel,527.0,3,4,14.9,77,1
226.6,1,0,31.6,250.0,0.5,19.1,3,10.0,0.08,construction,2534.0,1,11,758.4,78,2
195.7,0,0,18.5,115.0,3.7,27.2,0,72.0,0.195,medicine,6237.0,5,10,25.1,76,1
261.6,0,0,22.5,802.0,12.3,29.8,0,100.0,0.375,fuel,12705.0,3,8,93.3,69,1
301.3,0,0,6.5,40.0,14.3,30.9,1,100.0,0.25,fuel,1852.0,3,9,217.3,65,1
420.0,0,1,49.5,594.0,0.3,21.2,0,14.0,0.02,construction,14060.0,1,2,136.9,89,1
198.6,1,0,36.9,515.0,13.0,32.2,1,72.0,0.195,fuel,8601.0,3,10,293.2,64,2
181.1,0,0,8.1,68.0,7.9,26.6,0,14.0,0.02,general,7882.0,1,11,21.0,92,1
145.8,1,1,61.1,1117.0,19.9,26.6,2,30.0,1.0,construction,2650.0,1,9,784.7,51,2
196.8,1,0,59.8,1238.0,2.0,20.9,0,4.0,0.14,general,10144.0,1,1,128.2,80,2
392.9,1,1,40.8,574.0,9.4,25.3,0,100.0,0.125,food,6472.0,4,7,514.4,66,2
495.5,0,0,30.6,422.0,1.7,22.6,2,70.0,1.0,agri,858.0,2,7,881.4,54,1
559.6,0,0,15.3,35.0,48.5,22.0,1,100.0,0.25,food,5373.0,4,7,1136.8,60,2
309.4,0,0,10.9,20.0,16.8,26.2,0,100.0,0.5,food,4755.0,4,8,160.3,69,1
320.5,0,0,24.5,202.0,3.1,19.6,0,84.0,0.13,fuel,11328.0,3,5,29.7,75,1
191.6,0,0,22.6,115.0,9.9,30.2,0,48.0,0.26,food,11210.0,4,5,48.8,79,1
183.0,0,0,8.7,68.0,1.4,20.9,1,14.0,0.02,general,10827.0,1,12,63.1,91,1
171.8,0,0,19.0,68.0,3.3,29.7,2,84.0,0.13,fuel,1438.0,3,10,170.6,71,1
445.3,0,1,35.5,594.0,2.9,27.5,0,100.0,0.25,medicine,8221.0,5,9,218.0,66,1
71.1,0,0,42.1,797.0,1.0,18.0,3,8.0,0.04,food,11045.0,4,11,138.4,81,1
197.0,1,1,70.9,1041.0,2.4,26.8,2,60.0,1.0,agri,9429.0,2,7,826.8,42,2
557.4,0,0,10.1,35.0,2.8,33.8,0,14.0,0.02,construction,7164.0,1,3,24.4,96,1
310.0,0,0,12.7,20.0,12.5,26.5,1,78.0,0.26,fuel,13370.0,3,5,212.6,71,1
146.0,1,1,52.2,1117.0,5.2,23.8,1,18.0,1.0,agri,1233.0,2,10,431.4,65,2
109.9,1,1,45.5,550.0,0.7,23.5,2,6.0,0.16,construction,6542.0,1,11,295.2,72,2
245.9,0,0,25.9,408.0,42.7,23.3,2,100.0,0.5,fuel,1143.0,3,7,744.2,46,2
475.7,0,0,38.3,422.0,3.4,27.6,0,7.0,0.1,agri,6745.0,2,3,40.1,83,1
485.1,0,0,32.8,422.0,19.4,22.4,0,42.0,0.65,agri,11007.0,2,5,328.7,71,1
233.6,0,0,31.3,775.0,5.2,32.8,0,4.0,0.14,construction,5664.0,1,12,29.6,87,1
187.6,1,0,41.4,515.0,0.5,28.6,2,12.0,0.03,medicine,7409.0,5,11,331.8,79,2
144.9,1,0,37.6,488.0,5.5,18.3,1,100.0,0.5,general,13540.0,1,8,221.6,61,2
277.5,1,0,40.1,762.0,2.1,31.0,1,12.0,0.03,food,4975.0,4,2,291.2,87,2
232.5,1,0,26.8,250.0,4.7,28.7,2,100.0,1.0,agri,1297.0,2,7,746.7,42,2
261.3,1,0,36.1,502.0,2.9,26.2,0,14.0,0.02,construction,5501.0,1,3,156.6,78,2
177.6,0,0,9.5,68.0,4.6,21.1,3,14.0,0.02,food,13245.0,4,2,363.5,86,1
497.4,0,0,33.5,422.0,9.8,21.7,2,42.0,0.65,construction,12055.0,1,10,804.6,68,1
324.9,0,0,22.4,202.0,3.2,22.5,3,14.0,0.02,agri,4720.0,2,2,649.3,84,1
140.3,1,0,47.2,488.0,9.6,34.3,2,100.0,0.5,medicine,6816.0,5,6,368.1,48,2
306.2,0,0,11.1,40.0,1.0,33.5,2,14.0,0.02,construction,6120.0,1,12,265.5,92,1
216.6,1,0,39.8,470.0,6.8,21.2,2,48.0,0.26,general,2994.0,1,10,479.8,71,2
377.0,1,1,39.1,574.0,21.0,18.3,2,90.0,0.065,general,10038.0,1,5,1340.2,56,2
272.2,1,0,36.8,502.0,2.7,32.3,0,14.0,0.02,general,9141.0,1,3,162.4,80,2
273.0,0,0,24.1,215.0,8.2,26.0,2,100.0,1.0,medicine,10573.0,5,8,544.1,54,1
159.7,1,1,56.3,578.0,1.7,19.6,0,13.0,0.04,fuel,6845.0,3,11,167.4,83,2
186.4,1,0,76.3,1197.0,1.8,22.5,0,36.0,1.0,medicine,13952.0,5,4,251.4,54,2
220.7,1,0,35.9,250.0,6.4,30.1,0,100.0,1.0,general,1312.0,1,9,325.6,44,2
134.7,1,0,38.5,488.0,14.0,27.4,1,78.0,0.26,food,7677.0,4,10,211.0,65,2
323.8,0,0,15.3,40.0,21.8,30.4,1,100.0,0.25,food,13954.0,4,6,294.8,62,1
170.8,0,0,10.9,68.0,1.1,25.0,2,14.0,0.02,medicine,8595.0,5,3,148.5,88,1
114.0,1,1,40.8,550.0,44.5,22.8,3,60.0,1.0,agri,6362.0,2,7,1225.2,38,2
212.7,1,0,34.1,470.0,5.8,25.8,2,80.0,0.5,fuel,12597.0,3,7,524.5,53,2
164.7,1,1,49.9,578.0,8.4,32.9,1,100.0,0.5,medicine,8518.0,5,9,384.1,49,2
279.7,0,0,25.3,102.0,0.2,23.9,0,14.0,0.02,fuel,12142.0,3,2,2.9,93,1
178.2,1,0,67.7,1197.0,0.2,30.9,0,6.0,0.16,fuel,5668.0,3,12,112.2,77,2
247.5,0,0,29.2,775.0,15.7,24.9,1,40.0,1.0,agri,14322.0,2,6,346.1,60,1
144.9,1,0,41.7,488.0,0.8,18.5,1,78.0,0.26,food,11820.0,4,10,172.6,67,2
382.8,1,1,58.0,961.0,9.9,34.5,0,70.0,1.0,fuel,3462.0,3,7,875.7,50,2
179.7,0,0,11.3,68.0,3.5,18.4,3,84.0,0.13,food,13248.0,4,5,381.0,66,1
194.2,0,0,19.4,115.0,5.1,27.4,1,80.0,0.5,medicine,767.0,5,9,133.3,63,1
260.5,0,0,16.4,102.0,5.1,29.6,1,100.0,0.25,agri,13385.0,2,9,138.2,64,1
83.5,0,0,55.1,1438.0,0.4,26.3,1,4.0,0.14,fuel,758.0,3,2,32.3,86,1
305.1,0,0,14.6,20.0,8.7,23.1,1,100.0,0.5,fuel,6415.0,3,9,232.9,66,1
319.9,0,0,19.3,20.0,0.0,33.2,2,13.0,0.04,construction,11401.0,1,12,274.9,92,1
73.6,0,0,32.4,797.0,3.6,29.7,1,48.0,0.26,construction,8583.0,1,10,37.5,81,1
213.0,0,0,40.5,688.0,18.4,30.2,1,100.0,0.5,construction,7017.0,1,6,213.4,63,1
379.9,1,1,64.4,961.0,0.0,27.5,0,42.0,0.65,medicine,6215.0,5,10,578.6,63,2
470.5,0,0,34.1,422.0,0.1,31.1,1,7.0,0.1,agri,7333.0,2,2,170.8,84,1
280.2,0,0,17.2,102.0,10.6,22.8,3,100.0,0.25,general,8598.0,1,7,708.0,60,1
138.2,1,0,43.4,488.0,3.9,25.7,2,13.0,0.04,general,12733.0,1,11,260.3,78,2
140.2,1,0,43.0,488.0,30.2,21.0,0,100.0,0.5,construction,12018.0,1,6,246.4,50,2
244.8,0,0,38.6,775.0,0.5,31.0,0,40.0,1.0,fuel,14230.0,3,9,133.5,62,1
171.4,0,0,14.0,68.0,0.2,20.2,2,14.0,0.02,agri,7741.0,2,12,145.6,90,1
209.5,0,0,37.0,688.0,1.4,27.5,0,78.0,0.26,medicine,11887.0,5,5,26.3,77,1
206.9,1,0,44.7,470.0,0.3,21.6,0,8.0,0.04,general,1728.0,1,11,116.3,86,2
84.7,0,0,54.9,1438.0,3.6,21.8,0,4.0,0.14,fuel,5433.0,3,2,8.8,88,1
265.1,0,0,30.9,802.0,46.9,31.4,3,100.0,0.375,agri,12504.0,2,8,1426.8,50,2
236.8,0,0,37.7,775.0,18.0,22.6,1,24.0,0.91,fuel,1877.0,3,4,324.9,62,1
108.0,1,1,40.7,550.0,24.7,29.5,0,6.0,0.16,general,4515.0,1,3,201.2,80,2
163.8,1,1,37.4,578.0,5.2,21.3,2,100.0,0.5,general,3167.0,1,8,551.2,55,2
167.4,1,1,46.2,578.0,0.1,26.2,0,78.0,0.26,general,9090.0,1,4,196.5,71,2
215.4,0,0,41.8,688.0,2.6,27.7,2,78.0,0.26,food,13250.0,4,5,230.5,69,1
146.1,1,0,44.8,488.0,4.6,27.7,3,78.0,0.26,food,698.0,4,4,558.8,61,2
241.5,0,0,40.1,775.0,1.5,22.5,0,4.0,0.14,medicine,11253.0,5,3,17.9,87,1
448.5,0,1,50.1,594.0,0.6,22.3,2,14.0,0.02,general,12856.0,1,2,621.8,86,1
293.0,0,0,34.6,215.0,4.8,33.4,0,60.0,0.52,medicine,6241.0,5,10,89.6,70,1
302.9,0,0,10.4,40.0,5.5,20.1,1,100.0,0.25,agri,4187.0,2,8,162.6,67,1
195.2,1,1,69.7,1041.0,14.7,29.1,0,60.0,1.0,fuel,14619.0,3,8,486.0,48,2
108.9,1,1,41.0,550.0,20.1,22.1,0,60.0,1.0,food,7297.0,4,8,298.4,51,2
227.7,1,0,34.5,250.0,1.9,29.7,2,60.0,0.52,construction,7222.0,1,5,533.8,62,2
143.3,1,0,37.6,488.0,0.7,26.7,1,78.0,0.26,food,2400.0,4,10,170.4,64,2
275.4,1,0,39.7,502.0,6.6,27.0,0,100.0,0.25,construction,4643.0,1,9,224.8,62,2
502.9,0,0,18.5,422.0,0.7,32.9,0,70.0,1.0,medicine,4808.0,5,9,275.5,65,1
225.5,1,0,37.8,250.0,43.7,30.3,0,100.0,1.0,construction,9462.0,1,6,740.7,39,2
268.9,0,0,39.2,802.0,22.8,23.3,1,100.0,0.375,medicine,1466.0,5,8,277.3,59,1
380.6,1,1,41.4,574.0,7.8,29.4,1,100.0,0.125,agri,9991.0,2,8,721.5,63,2
168.1,0,0,16.7,68.0,0.4,33.6,2,14.0,0.02,general,12678.0,1,1,143.7,86,1
235.0,0,0,38.0,408.0,58.8,27.4,0,100.0,0.5,fuel,14465.0,3,7,545.7,54,2
529.3,0,0,15.4,35.0,4.7,31.8,1,100.0,0.25,agri,5966.0,2,6,276.1,70,1
333.5,0,0,15.8,20.0,0.2,32.6,0,13.0,0.04,fuel,8913.0,3,3,5.7,92,1
332.4,0,0,16.1,20.0,5.6,30.7,3,78.0,0.26,agri,6979.0,2,4,778.6,70,1
469.1,0,0,31.9,422.0,0.2,22.2,0,42.0,0.65,agri,1065.0,2,10,143.3,70,1
181.2,1,0,64.0,1238.0,7.8,28.1,0,4.0,0.14,construction,14715.0,1,3,140.0,78,2
146.7,1,1,58.0,1117.0,1.5,29.5,2,18.0,1.0,construction,2686.0,1,4,608.4,61,2
185.8,1,0,61.0,1238.0,1.9,21.6,0,40.0,1.0,construction,6698.0,1,6,250.9,56,2
110.4,1,1,42.7,550.0,50.4,35.0,1,60.0,1.0,food,9876.0,4,8,748.4,41,2
187.2,1,0,43.8,515.0,1.3,27.8,3,72.0,0.195,general,13995.0,1,10,665.2,64,2
143.7,1,0,49.3,488.0,1.9,21.5,2,13.0,0.04,general,11951.0,1,2,261.8,79,2
106.6,1,1,40.6,550.0,9.2,23.6,3,36.0,1.0,fuel,5997.0,3,4,802.6,48,2
137.9,1,1,53.7,1117.0,6.3,20.0,0,30.0,1.0,food,12999.0,4,7,297.1,60,2
193.5,0,0,27.3,115.0,1.7,26.5,0,12.0,0.03,food,1797.0,4,12,6.4,90,1
492.4,0,0,30.0,422.0,0.8,31.4,1,7.0,0.1,food,7760.0,4,1,184.1,91,1
204.4,0,0,24.1,115.0,25.0,33.5,0,80.0,0.5,food,3527.0,4,8,145.5,61,1
396.9,1,1,43.0,574.0,0.2,34.4,0,100.0,0.125,general,5585.0,1,9,426.6,64,2
194.3,1,1,76.4,1041.0,19.4,23.9,2,60.0,1.0,agri,4050.0,2,8,1038.1,40,2
322.4,0,0,16.3,20.0,19.3,22.9,0,100.0,0.5,fuel,877.0,3,9,184.5,55,1
260.6,1,0,35.7,502.0,17.7,19.3,0,100.0,0.25,medicine,3280.0,5,7,285.9,56,2
275.9,1,0,50.3,762.0,0.0,29.1,1,12.0,0.03,food,3741.0,4,1,276.7,78,2
331.1,0,0,14.1,20.0,13.1,32.0,2,100.0,0.5,general,14506.0,1,8,520.1,59,1
550.8,0,0,15.2,35.0,10.2,30.8,0,100.0,0.25,general,8411.0,1,8,140.1,68,1
82.3,0,0,59.4,1438.0,5.3,33.8,1,24.0,0.91,agri,2251.0,2,5,83.8,61,1
186.7,1,0,57.0,1238.0,10.9,21.2,1,40.0,1.0,fuel,11343.0,3,9,435.0,51,2
313.0,0,0,12.4,20.0,0.4,27.2,1,100.0,0.5,medicine,14549.0,5,6,186.4,67,1
198.8,0,0,21.6,115.0,2.4,27.6,2,8.0,0.04,agri,4711.0,2,2,181.2,90,1
164.7,1,1,38.6,578.0,8.1,23.0,2,78.0,0.26,fuel,2102.0,3,10,517.0,62,2
278.9,0,0,26.1,802.0,8.8,21.2,0,72.0,0.195,agri,5597.0,2,5,57.3,76,1
191.3,1,1,64.2,1041.0,8.5,18.5,1,6.0,0.16,fuel,5666.0,3,11,373.8,80,2
284.9,0,0,29.1,215.0,1.2,29.7,0,10.0,0.08,construction,918.0,1,12,13.2,89,1
327.2,0,0,20.8,202.0,10.2,25.9,0,100.0,0.25,fuel,1378.0,3,7,83.5,72,1
183.4,1,0,69.2,1197.0,18.5,23.9,1,60.0,1.0,general,7914.0,1,8,487.8,50,2
197.7,0,0,19.5,115.0,3.7,22.9,1,12.0,0.03,general,13157.0,1,3,76.4,90,1
84.2,0,0,62.6,1438.0,4.1,30.9,0,40.0,1.0,general,2055.0,1,7,51.5,62,1
206.2,1,0,20.6,470.0,2.4,19.2,0,8.0,0.04,medicine,13121.0,5,2,124.1,87,2
256.3,1,0,40.7,762.0,6.5,31.2,1,100.0,0.375,food,1621.0,4,6,369.0,59,2
195.2,1,1,68.3,1041.0,2.2,23.4,1,60.0,1.0,general,6784.0,1,6,551.3,52,2
179.3,1,0,61.7,1197.0,3.5,23.0,0,6.0,0.16,agri,7595.0,2,12,124.3,85,2
221.7,1,0,39.8,470.0,0.9,19.2,2,48.0,0.26,construction,8693.0,1,5,445.3,66,2
189.4,1,0,62.5,1238.0,1.9,31.0,1,4.0,0.14,fuel,7141.0,3,12,213.2,80,2
393.9,1,1,44.7,574.0,48.1,18.4,0,100.0,0.125,construction,2227.0,1,8,1268.2,52,2
253.9,1,0,52.0,762.0,0.6,22.2,3,12.0,0.03,medicine,6902.0,5,3,833.0,75,2
190.3,1,0,38.7,515.0,0.5,27.2,0,12.0,0.03,food,1916.0,4,12,106.8,85,2
307.2,0,0,13.4,20.0,1.1,21.5,0,13.0,0.04,general,12190.0,1,12,8.9,89,1
342.8,0,0,24.2,202.0,13.7,25.4,0,84.0,0.13,food,11422.0,4,4,88.3,74,1
213.4,1,0,37.2,470.0,10.4,19.7,2,8.0,0.04,medicine,12348.0,5,2,450.7,82,2
281.2,0,0,24.7,102.0,5.6,34.1,1,100.0,0.25,fuel,12525.0,3,8,151.7,66,1
276.2,1,0,38.5,502.0,0.3,34.1,1,14.0,0.02,construction,2992.0,1,1,277.1,77,2
374.6,1,1,41.3,574.0,0.5,21.5,2,15.0,0.01,medicine,8750.0,5,2,937.2,76,2
332.6,0,0,10.0,20.0,5.3,29.7,1,78.0,0.26,food,1511.0,4,10,179.7,79,1
341.9,0,0,29.5,202.0,2.2,22.2,2,14.0,0.02,construction,565.0,1,11,305.1,89,1
310.0,2,2,54.2,870.0,12.2,20.6,0,36.0,1.0,food,7399.0,4,4,2239.9,51,2
182.8,1,0,64.3,1197.0,3.5,21.1,0,60.0,1.0,general,6230.0,1,8,254.5,50,2
192.9,1,0,36.7,515.0,2.0,31.2,0,12.0,0.03,fuel,13230.0,3,3,113.4,86,2
253.9,1,0,48.4,762.0,0.2,18.4,3,12.0,0.03,medicine,13361.0,5,1,828.8,82,2
242.8,0,0,32.6,775.0,9.0,23.0,3,40.0,1.0,construction,8888.0,1,6,887.6,54,1
409.0,1,1,57.5,961.0,4.2,25.8,0,70.0,1.0,agri,14204.0,2,9,850.1,49,2
356.6,0,0,34.6,750.0,0.2,20.6,0,3.0,0.17,general,2372.0,1,3,24.8,89,1
268.8,0,0,34.2,802.0,1.3,24.0,3,72.0,0.195,fuel,5268.0,3,10,567.9,66,1
404.7,1,1,65.6,961.0,2.2,34.2,2,7.0,0.1,general,1597.0,1,11,1081.5,79,2
144.5,1,1,61.9,1117.0,51.7,31.1,2,30.0,1.0,general,8086.0,1,9,1408.4,43,2
323.2,2,2,51.5,870.0,38.4,32.3,0,60.0,1.0,construction,14067.0,1,6,3473.9,43,2
141.2,1,0,43.2,488.0,0.9,20.5,2,13.0,0.04,construction,9854.0,1,2,252.9,80,2
305.8,2,2,57.9,870.0,8.0,18.1,1,60.0,1.0,construction,13937.0,1,6,2708.8,51,2
305.0,0,0,12.6,20.0,6.5,18.9,0,13.0,0.04,agri,11943.0,2,3,31.6,91,1
175.5,0,0,19.6,68.0,0.0,18.7,1,14.0,0.02,fuel,8541.0,3,1,56.6,92,1
195.7,1,0,47.8,515.0,14.1,21.8,2,100.0,0.375,agri,9503.0,2,6,519.4,55,2
507.8,0,0,41.0,422.0,2.0,34.2,0,70.0,1.0,medicine,6018.0,5,9,290.3,60,1
287.5,0,0,23.2,215.0,24.8,18.7,3,100.0,1.0,agri,13511.0,2,8,1348.5,43,1
166.6,0,0,20.2,68.0,35.2,33.6,1,100.0,0.25,agri,10001.0,2,7,226.2,58,2
137.8,1,0,42.7,488.0,0.7,25.2,0,13.0,0.04,fuel,6302.0,3,1,78.5,84,2
197.5,1,0,59.5,1238.0,6.0,27.3,3,24.0,0.91,construction,5899.0,1,4,1043.8,49,2
143.1,1,1,64.3,1117.0,4.1,19.9,3,30.0,1.0,food,11715.0,4,7,1011.2,52,2
258.2,1,0,36.1,762.0,0.0,34.8,3,12.0,0.03,general,8984.0,1,12,840.7,75,2
71.9,0,0,50.1,797.0,35.2,34.9,3,80.0,0.5,food,14614.0,4,7,317.9,43,2
312.4,0,0,11.6,20.0,0.6,19.4,1,13.0,0.04,construction,1564.0,1,2,106.7,92,1
208.0,0,0,35.8,688.0,0.5,32.2,2,100.0,0.5,fuel,11321.0,3,9,252.6,56,1
106.9,1,1,51.9,550.0,1.0,30.2,1,36.0,1.0,general,5517.0,1,5,297.0,55,2
109.5,1,1,45.2,550.0,34.5,33.3,0,60.0,1.0,food,7292.0,4,7,396.2,45,2
280.4,0,0,21.5,102.0,1.6,33.9,2,14.0,0.02,food,2000.0,4,3,246.8,88,1
175.2,1,0,50.9,1197.0,1.5,20.9,3,6.0,0.16,general,6789.0,1,2,615.0,73,2
401.1,1,1,62.4,961.0,10.2,32.9,0,42.0,0.65,construction,6298.0,1,10,737.8,57,2
108.5,1,1,46.9,550.0,1.8,25.7,0,6.0,0.16,fuel,7575.0,3,12,123.3,82,2
287.7,0,0,30.1,215.0,1.5,28.4,0,60.0,0.52,agri,5271.0,2,4,73.0,71,1
99.0,0,0,24.4,790.0,0.7,22.8,1,14.0,0.02,medicine,9195.0,5,3,33.0,87,1
98.7,0,0,35.2,790.0,3.8,23.2,2,14.0,0.02,medicine,4227.0,5,3,91.7,84,1
178.3,1,0,65.9,1197.0,9.7,27.1,2,36.0,1.0,food,1399.0,4,5,616.4,50,2
338.9,0,0,42.3,750.0,1.3,25.7,1,3.0,0.17,medicine,3166.0,5,12,141.9,87,1
146.2,1,0,35.1,488.0,2.0,32.5,3,13.0,0.04,food,8067.0,4,2,491.3,74,2
168.7,0,0,13.3,68.0,3.9,26.2,1,100.0,0.25,food,11800.0,4,8,85.8,67,1
83.8,0,0,53.4,1438.0,89.1,21.1,2,40.0,1.0,agri,14924.0,2,7,726.3,39,3
288.9,0,0,25.7,215.0,16.4,26.2,0,100.0,1.0,construction,11635.0,1,6,256.2,51,1
320.9,0,0,24.3,40.0,23.9,28.7,0,100.0,0.25,medicine,12699.0,5,6,168.8,65,1
198.5,0,0,18.4,115.0,1.6,27.1,0,12.0,0.03,agri,11776.0,2,1,6.4,95,1
214.8,1,0,41.7,470.0,4.2,23.9,1,8.0,0.04,fuel,7984.0,3,2,238.2,81,2
476.9,0,0,27.8,422.0,1.0,29.2,1,7.0,0.1,food,9238.0,4,3,179.6,91,1
309.9,0,0,17.9,20.0,7.0,25.0,1,100.0,0.5,medicine,11642.0,5,7,225.3,67,1
451.3,0,1,47.4,594.0,0.7,31.4,1,14.0,0.02,food,12424.0,4,12,328.9,85,1
74.3,0,0,54.8,797.0,3.5,27.2,1,80.0,0.5,food,12624.0,4,8,48.6,59,1
315.5,0,0,11.8,40.0,8.3,21.7,1,84.0,0.13,construction,2488.0,1,4,165.1,77,1
552.1,0,0,4.1,35.0,1.7,27.4,1,100.0,0.25,general,13197.0,1,9,258.6,76,1
230.6,0,0,31.4,408.0,30.4,20.9,2,100.0,0.5,construction,8108.0,1,8,523.5,56,2
295.2,2,2,54.8,870.0,27.7,19.9,0,60.0,1.0,food,11538.0,4,6,2670.9,43,2
324.1,0,0,17.6,40.0,0.3,32.1,1,14.0,0.02,fuel,3295.0,3,12,106.0,89,1
372.5,1,1,44.3,574.0,0.4,24.5,3,15.0,0.01,agri,674.0,2,2,1626.7,73,2
487.0,0,0,46.4,422.0,1.0,33.5,1,7.0,0.1,agri,4399.0,2,11,183.8,88,1
160.5,1,1,37.2,578.0,10.2,18.9,1,100.0,0.5,medicine,2447.0,5,6,386.0,55,2
250.4,0,0,39.7,408.0,5.9,21.2,0,13.0,0.04,food,5641.0,4,2,23.8,84,1
141.4,1,1,63.3,1117.0,41.3,32.5,3,30.0,1.0,medicine,14020.0,5,6,1520.0,49,2
277.4,1,0,44.8,762.0,1.3,20.7,0,72.0,0.195,fuel,1399.0,3,5,186.2,75,2
457.1,0,1,44.6,594.0,36.6,24.1,2,100.0,0.25,food,6698.0,4,7,1457.3,56,2
168.2,0,0,8.8,68.0,0.8,25.8,3,14.0,0.02,fuel,4040.0,3,1,323.0,88,1
470.4,0,0,38.5,422.0,0.4,27.1,1,7.0,0.1,fuel,9341.0,3,12,173.1,87,1
199.4,0,0,23.6,115.0,0.4,27.7,0,100.0,0.375,medicine,7152.0,5,6,32.7,68,1
220.1,0,0,46.5,688.0,1.0,19.1,2,13.0,0.04,construction,11209.0,1,3,193.6,75,1
322.2,0,0,18.7,202.0,0.0,26.2,2,14.0,0.02,fuel,11227.0,3,11,272.8,95,1
85.3,0,0,46.9,1438.0,0.2,33.7,1,4.0,0.14,medicine,10271.0,5,11,32.7,84,1
262.2,1,0,36.6,502.0,28.7,22.9,2,100.0,0.25,general,14499.0,1,6,855.9,48,2
201.0,0,0,20.5,115.0,1.9,20.4,0,12.0,0.03,fuel,12507.0,3,12,7.2,91,1
559.5,0,0,11.6,35.0,12.7,22.3,0,14.0,0.02,construction,9056.0,1,3,106.7,80,1
139.2,1,0,41.6,488.0,11.5,24.2,0,100.0,0.5,fuel,519.0,3,6,156.3,54,2
240.3,0,0,36.6,775.0,6.3,24.7,1,40.0,1.0,general,9638.0,1,8,272.2,59,1
173.1,1,1,45.0,578.0,1.1,26.8,2,13.0,0.04,general,6802.0,1,1,442.4,83,2
73.4,0,0,41.7,797.0,20.1,21.0,0,80.0,0.5,general,3840.0,1,6,43.4,60,1
191.5,1,0,31.7,515.0,15.2,31.4,2,72.0,0.195,medicine,11083.0,5,5,474.8,67,2
287.0,0,0,27.6,215.0,0.2,26.0,1,10.0,0.08,construction,9025.0,1,12,101.6,93,1
186.2,1,0,69.4,1197.0,5.0,27.8,2,60.0,1.0,general,1121.0,1,9,600.7,43,2
284.9,0,0,20.9,215.0,4.9,20.1,1,60.0,0.52,fuel,6073.0,3,4,198.7,69,1
276.4,0,0,32.5,802.0,15.2,28.3,1,100.0,0.375,agri,7266.0,2,9,228.2,62,1
198.4,1,1,71.2,1041.0,2.2,25.4,1,6.0,0.16,construction,1846.0,1,12,346.6,78,2
113.2,1,1,38.9,550.0,0.5,19.2,0,36.0,1.0,fuel,6635.0,3,10,221.2,62,2
255.4,1,0,45.8,762.0,0.4,19.3,2,12.0,0.03,fuel,7062.0,3,2,450.5,77,2
195.1,0,0,21.5,115.0,0.5,19.2,2,100.0,0.375,agri,9273.0,2,8,216.4,59,1
316.5,0,0,19.7,20.0,1.7,31.3,1,100.0,0.5,agri,11211.0,2,9,196.0,61,1
405.9,1,1,53.8,961.0,3.0,27.1,3,7.0,0.1,general,7140.0,1,1,1901.0,75,2
221.4,1,0,47.0,250.0,13.0,20.2,0,100.0,1.0,general,1539.0,1,7,372.8,44,2
282.0,0,0,41.5,802.0,2.0,32.3,1,12.0,0.03,fuel,3416.0,3,1,101.3,85,1
182.9,1,0,51.3,1238.0,2.2,20.3,0,24.0,0.91,food,8785.0,4,10,230.9,57,2
193.0,1,1,78.0,1041.0,1.5,23.7,2,6.0,0.16,medicine,12619.0,5,12,524.7,75,2
74.8,0,0,49.7,797.0,3.1,26.6,0,48.0,0.26,fuel,6080.0,3,4,11.2,77,1
287.7,0,0,36.1,215.0,7.8,23.6,3,100.0,1.0,food,7648.0,4,9,1033.5,40,1
174.8,1,0,75.9,1197.0,3.9,18.7,0,60.0,1.0,construction,10582.0,1,6,245.5,57,2
204.8,1,1,68.6,1041.0,0.9,23.8,2,6.0,0.16,medicine,11651.0,5,2,551.6,79,2
386.4,1,1,34.1,574.0,3.2,34.0,0,15.0,0.01,medicine,11495.0,5,11,411.1,86,2
314.7,0,0,9.4,40.0,0.7,18.9,1,14.0,0.02,food,11328.0,4,3,104.8,95,1
311.9,0,0,11.4,40.0,0.6,21.2,1,84.0,0.13,medicine,7808.0,5,4,120.5,73,1
271.7,0,0,27.4,215.0,0.6,20.9,2,60.0,0.52,medicine,12807.0,5,4,335.4,69,1
310.4,0,0,9.4,40.0,5.3,21.3,2,84.0,0.13,general,1714.0,1,10,322.5,75,1
76.0,0,0,52.7,797.0,0.1,33.0,1,8.0,0.04,construction,5811.0,1,11,25.4,83,1
385.5,1,1,42.5,574.0,14.9,18.7,2,90.0,0.065,general,6066.0,1,10,1236.1,62,2
319.1,0,0,11.0,20.0,3.6,25.1,0,13.0,0.04,agri,9804.0,2,1,19.8,94,1
143.0,1,0,31.4,488.0,4.6,20.4,1,78.0,0.26,general,13120.0,1,10,184.2,63,2
277.4,0,0,26.9,102.0,0.1,33.1,0,14.0,0.02,food,10225.0,4,1,2.5,92,1
272.6,0,0,25.7,215.0,1.6,18.3,1,10.0,0.08,construction,921.0,1,2,102.7,88,1
273.2,1,0,36.8,502.0,2.4,34.1,3,100.0,0.25,fuel,8083.0,3,6,1009.4,56,2
186.1,0,0,28.1,115.0,5.9,19.3,1,80.0,0.5,general,6064.0,1,6,130.9,62,1
259.7,1,0,36.8,502.0,1.2,19.7,1,84.0,0.13,agri,5470.0,2,10,286.0,67,2
369.6,1,1,49.3,574.0,1.7,25.8,1,15.0,0.01,general,4901.0,1,1,590.4,76,2
271.6,0,0,15.1,102.0,11.2,18.5,0,84.0,0.13,medicine,8627.0,5,5,58.2,75,1
248.8,0,0,42.7,408.0,28.3,19.2,0,100.0,0.5,medicine,11599.0,5,9,199.3,51,1
563.4,0,0,12.9,35.0,1.7,18.1,1,14.0,0.02,food,13469.0,4,12,196.5,90,1
70.7,0,0,47.6,797.0,5.8,27.7,1,48.0,0.26,food,3274.0,4,4,38.9,72,1
371.4,1,1,39.5,574.0,1.7,26.0,0,15.0,0.01,food,14781.0,4,11,381.8,87,2
281.1,0,0,30.3,802.0,0.3,31.1,2,100.0,0.375,general,10805.0,1,9,310.5,60,1
204.4,0,0,24.9,115.0,0.8,25.1,3,8.0,0.04,medicine,2148.0,5,12,396.2,88,1
250.0,0,0,36.6,775.0,3.3,34.2,1,4.0,0.14,construction,4088.0,1,11,109.4,83,1
146.5,1,1,66.4,1117.0,0.7,23.7,1,3.0,0.17,food,7651.0,4,2,250.5,70,2
264.6,0,0,36.8,802.0,1.8,18.8,2,100.0,0.375,construction,2954.0,1,9,301.5,57,1
221.0,1,0,32.6,250.0,28.0,23.2,0,100.0,1.0,general,4698.0,1,6,506.8,42,2
265.6,1,0,45.1,762.0,0.8,20.0,1,100.0,0.375,fuel,653.0,3,9,341.7,55,2
345.9,0,0,42.3,750.0,9.2,26.7,3,30.0,1.0,agri,1565.0,2,6,1268.6,53,1
195.7,1,1,75.8,1041.0,6.1,22.2,3,60.0,1.0,construction,3432.0,1,6,1417.1,41,2
145.6,1,1,53.4,1117.0,0.8,26.9,1,3.0,0.17,agri,6318.0,2,12,249.4,79,2
216.2,0,0,44.7,688.0,7.6,20.3,0,78.0,0.26,fuel,8134.0,3,10,47.0,70,1
240.9,0,0,31.4,408.0,43.4,19.7,2,100.0,0.5,fuel,14114.0,3,7,741.6,45,2
335.8,0,0,18.1,20.0,61.9,18.1,2,100.0,0.5,construction,3209.0,1,6,1742.0,45,3
344.1,0,0,40.5,750.0,47.4,25.9,0,30.0,1.0,medicine,8876.0,5,7,737.4,53,2
308.1,0,0,7.2,40.0,0.2,34.9,3,84.0,0.13,fuel,2760.0,3,5,618.5,79,1
95.0,0,0,30.3,790.0,17.8,22.4,0,100.0,0.25,food,7997.0,4,9,37.5,68,1
300.6,2,2,60.0,870.0,2.8,28.9,1,6.0,0.16,agri,10200.0,2,1,1739.9,71,2
144.7,1,0,34.5,488.0,7.5,25.9,0,78.0,0.26,agri,9441.0,2,4,122.1,69,2
95.4,0,0,25.5,790.0,0.1,18.0,2,14.0,0.02,agri,5940.0,2,12,80.8,91,1
229.7,1,0,34.1,250.0,7.2,29.1,3,100.0,1.0,fuel,12796.0,3,9,1291.6,40,2
203.2,0,0,24.3,115.0,1.2,27.1,2,12.0,0.03,medicine,10887.0,5,2,178.4,91,1
409.4,1,1,67.9,961.0,5.7,32.2,0,70.0,1.0,food,11891.0,4,6,872.0,52,2
197.6,1,0,32.2,515.0,2.3,28.6,0,72.0,0.195,agri,9981.0,2,5,136.8,70,2
201.1,0,0,40.7,688.0,8.1,33.8,0,78.0,0.26,agri,3881.0,2,4,45.4,70,1
318.0,2,2,56.3,870.0,2.6,31.3,1,6.0,0.16,fuel,9842.0,3,2,1836.2,74,2
207.9,1,0,45.9,470.0,14.4,26.3,1,48.0,0.26,food,12604.0,4,10,327.8,69,2
257.4,0,0,19.6,102.0,0.2,26.0,0,14.0,0.02,agri,4454.0,2,12,2.7,92,1
460.9,0,0,37.2,422.0,3.8,32.2,0,7.0,0.1,construction,9522.0,1,3,41.4,84,1
523.2,0,0,9.0,35.0,2.9,29.0,2,84.0,0.13,general,9166.0,1,10,514.0,75,1
323.2,2,2,56.8,870.0,1.0,23.4,0,6.0,0.16,general,6324.0,1,1,1382.5,79,2
71.7,0,0,44.6,797.0,1.9,29.5,1,8.0,0.04,medicine,12710.0,5,2,25.9,87,1
86.9,0,0,55.9,1438.0,34.3,21.4,0,40.0,1.0,construction,12729.0,1,6,127.5,57,2
203.6,0,0,18.9,115.0,2.0,21.9,2,8.0,0.04,food,2669.0,4,2,183.8,84,1
180.7,0,0,12.8,68.0,0.5,31.7,0,14.0,0.02,general,12132.0,1,11,2.5,97,1
74.2,0,0,48.5,797.0,1.5,28.6,0,8.0,0.04,agri,14018.0,2,1,2.5,89,1
370.5,1,1,35.7,574.0,2.2,22.8,2,15.0,0.01,agri,8574.0,2,1,950.9,77,2
202.5,0,0,16.9,115.0,5.5,29.8,1,100.0,0.375,fuel,7501.0,3,6,124.1,67,1
138.0,1,0,45.0,488.0,1.7,29.7,3,13.0,0.04,medicine,8695.0,5,3,461.8,73,2
217.4,1,0,41.5,470.0,1.0,32.7,3,80.0,0.5,fuel,9135.0,3,8,881.6,50,2
235.2,1,0,32.1,250.0,1.6,19.0,1,10.0,0.08,food,9159.0,4,2,252.8,83,2
144.4,1,1,57.0,1117.0,4.4,26.0,0,18.0,1.0,construction,8710.0,1,5,301.3,56,2
189.9,0,0,19.5,115.0,15.2,26.5,2,12.0,0.03,agri,816.0,2,3,233.5,81,1
335.9,0,0,23.7,202.0,12.6,20.9,0,100.0,0.25,fuel,12508.0,3,8,99.4,71,1
273.7,1,0,42.0,502.0,24.7,28.7,0,100.0,0.25,construction,11753.0,1,9,359.5,58,2
323.6,0,0,14.0,20.0,0.2,26.6,1,13.0,0.04,construction,14327.0,1,2,108.3,90,1
222.7,1,0,39.9,250.0,21.4,21.6,2,100.0,1.0,general,12319.0,1,7,926.7,40,2
196.7,1,0,39.9,515.0,0.3,23.8,0,12.0,0.03,construction,8514.0,1,3,109.5,91,2
166.4,1,1,44.6,578.0,9.6,31.8,0,100.0,0.5,construction,12916.0,1,8,275.3,55,2
175.7,1,1,47.4,578.0,15.4,24.2,2,100.0,0.5,fuel,11605.0,3,9,689.4,50,2
375.4,1,1,46.3,574.0,5.5,21.2,2,90.0,0.065,food,11005.0,4,4,1037.6,59,2
269.1,0,0,15.3,102.0,0.9,19.0,1,84.0,0.13,construction,594.0,1,5,105.2,68,1
209.8,1,1,64.6,1041.0,0.9,32.4,2,6.0,0.16,fuel,10792.0,3,11,565.1,75,2
330.9,0,0,29.3,202.0,1.6,19.5,0,14.0,0.02,general,4321.0,1,2,9.1,92,1
202.8,0,0,31.8,115.0,5.4,29.1,1,80.0,0.5,agri,4850.0,2,7,140.4,67,1
233.9,0,0,42.3,775.0,12.0,30.7,0,24.0,0.91,agri,824.0,2,4,164.7,71,1
252.6,0,0,42.1,775.0,3.6,23.2,3,24.0,0.91,general,13503.0,1,10,810.1,60,1
102.1,0,0,36.8,790.0,24.0,27.0,0,84.0,0.13,food,4375.0,4,5,47.2,67,1
238.5,0,0,35.7,775.0,3.8,23.5,2,24.0,0.91,construction,8773.0,1,10,412.4,62,1
202.4,0,0,14.2,115.0,3.3,20.8,1,100.0,0.375,medicine,12022.0,5,8,115.3,74,1
143.5,1,0,42.7,488.0,25.1,24.8,0,78.0,0.26,general,4688.0,1,4,191.7,57,2
184.4,1,0,60.4,1238.0,2.2,19.9,1,4.0,0.14,general,10771.0,1,3,209.0,78,2
335.3,0,0,22.1,202.0,0.3,22.9,0,14.0,0.02,general,14516.0,1,2,3.6,95,1
272.5,1,0,41.7,502.0,11.6,22.5,1,84.0,0.13,fuel,10374.0,3,4,375.7,61,2
196.0,0,0,15.8,115.0,7.9,30.5,2,72.0,0.195,medicine,4979.0,5,5,225.9,68,1
85.4,0,0,48.0,1438.0,1.1,35.0,2,4.0,0.14,medicine,12180.0,5,12,81.0,78,1
317.2,2,2,62.2,870.0,13.7,23.5,2,60.0,1.0,construction,2073.0,1,8,3409.5,40,2
97.3,0,0,29.1,790.0,9.9,34.6,0,100.0,0.25,food,8698.0,4,6,24.3,73,1
230.3,0,0,22.2,408.0,15.8,30.8,2,78.0,0.26,fuel,4683.0,3,4,330.4,62,1
370.5,1,1,39.1,574.0,32.9,31.8,0,90.0,0.065,fuel,877.0,3,5,794.4,62,2
472.2,0,0,26.4,422.0,5.4,22.1,0,42.0,0.65,general,14756.0,1,10,184.5,75,1
190.0,0,0,19.9,115.0,0.3,23.1,0,12.0,0.03,general,10576.0,1,12,2.9,90,1
101.1,0,0,30.7,790.0,14.1,18.5,1,100.0,0.25,fuel,10433.0,3,7,72.5,64,1
368.5,1,1,38.6,574.0,2.9,33.5,1,15.0,0.01,agri,13765.0,2,1,601.2,85,2
260.2,1,0,46.2,762.0,2.3,18.2,3,12.0,0.03,agri,2210.0,2,1,875.1,78,2
163.5,1,1,48.1,578.0,2.1,21.0,0,13.0,0.04,fuel,4636.0,3,12,172.8,89,2
110.2,1,1,44.6,550.0,3.8,30.0,0,6.0,0.16,construction,2229.0,1,1,130.9,89,2
173.4,0,0,3.9,68.0,0.1,21.6,0,14.0,0.02,construction,9041.0,1,2,1.4,91,1
110.5,1,1,51.7,550.0,0.2,34.0,1,6.0,0.16,general,1528.0,1,11,186.3,77,2
195.1,1,0,59.8,1238.0,0.2,33.7,2,4.0,0.14,medicine,6202.0,5,2,363.4,75,2
174.9,1,0,66.5,1197.0,2.8,31.3,1,6.0,0.16,construction,5765.0,1,11,203.5,79,2
136.6,1,0,31.9,488.0,30.6,23.8,2,100.0,0.5,fuel,13808.0,3,7,518.3,43,2
559.2,0,0,7.3,35.0,10.1,31.2,0,100.0,0.25,construction,1050.0,1,6,141.6,71,1
328.6,0,0,29.9,202.0,6.3,23.3,2,14.0,0.02,food,10143.0,4,3,324.2,85,1
224.6,1,0,30.9,250.0,2.5,18.3,1,100.0,1.0,fuel,1428.0,3,8,454.0,45,2
94.4,0,0,38.2,790.0,0.3,28.7,0,14.0,0.02,food,5881.0,4,1,1.1,97,1
364.7,1,1,42.7,574.0,3.0,33.3,0,90.0,0.065,agri,14953.0,2,5,400.2,70,2
268.8,0,0,35.6,215.0,26.4,22.3,1,100.0,1.0,general,4133.0,1,7,479.1,41,1
260.6,1,0,41.5,762.0,0.6,34.3,0,12.0,0.03,agri,12260.0,2,1,146.5,89,2
236.6,0,0,36.4,775.0,4.6,24.2,0,40.0,1.0,general,8747.0,1,6,147.0,62,1
308.5,2,2,58.8,870.0,5.7,19.9,2,36.0,1.0,fuel,3903.0,3,4,3316.4,46,2
105.7,1,1,40.8,550.0,0.1,28.3,1,6.0,0.16,general,10838.0,1,1,178.1,86,2
333.9,0,0,14.8,20.0,1.5,21.3,0,100.0,0.5,medicine,4463.0,5,7,81.0,71,1
107.8,1,1,45.8,550.0,8.2,22.4,0,36.0,1.0,food,7059.0,4,4,239.8,57,2
81.8,0,0,57.4,1438.0,35.7,27.6,3,40.0,1.0,general,13432.0,1,7,465.8,49,2
191.5,1,0,37.8,515.0,5.5,23.5,1,12.0,0.03,general,10968.0,1,2,217.2,81,2
76.0,0,0,50.1,797.0,1.6,25.6,0,80.0,0.5,general,13610.0,1,9,18.5,63,1
136.2,1,0,39.4,488.0,7.6,32.5,1,100.0,0.5,food,1726.0,4,7,216.8,54,2
204.5,0,0,16.1,115.0,15.1,22.4,2,100.0,0.375,agri,13917.0,2,7,309.6,61,1
88.2,0,0,58.0,1438.0,8.1,23.5,1,40.0,1.0,fuel,7161.0,3,8,103.9,57,1
197.7,1,0,40.0,515.0,1.2,18.2,0,72.0,0.195,general,3117.0,1,4,132.6,68,2
194.8,1,0,40.9,515.0,0.9,29.7,3,72.0,0.195,fuel,1042.0,3,10,688.7,56,2
168.0,1,1,43.0,578.0,8.5,28.0,1,13.0,0.04,agri,13417.0,2,3,308.4,75,2
362.6,1,1,37.6,574.0,0.3,23.5,0,15.0,0.01,construction,3339.0,1,3,361.1,83,2
187.8,0,0,16.7,115.0,3.7,20.5,3,12.0,0.03,fuel,11458.0,3,11,380.2,83,1
272.7,1,0,34.8,762.0,1.7,32.2,1,100.0,0.375,medicine,12422.0,5,6,356.5,57,2
452.3,0,1,41.3,594.0,7.9,33.8,0,14.0,0.02,agri,13250.0,2,3,207.0,84,1
188.3,0,0,18.0,115.0,1.3,23.6,0,12.0,0.03,medicine,13381.0,5,12,5.4,93,1
190.5,1,1,64.5,1041.0,13.0,18.5,0,60.0,1.0,construction,13225.0,1,7,460.4,48,2
308.0,2,2,55.4,870.0,7.0,28.0,1,60.0,1.0,general,3944.0,1,8,2696.6,43,2
112.0,1,1,38.8,550.0,3.4,31.1,0,6.0,0.16,food,12249.0,4,3,131.8,80,2
564.3,0,0,10.4,35.0,2.4,27.1,2,14.0,0.02,food,8820.0,4,3,506.2,87,1
95.7,0,0,29.4,790.0,4.8,24.1,0,84.0,0.13,fuel,10924.0,3,10,11.1,83,1
114.2,1,1,54.5,550.0,0.0,33.9,2,36.0,1.0,fuel,7273.0,3,10,464.5,54,2
144.7,1,0,45.8,488.0,1.0,20.7,2,78.0,0.26,food,9834.0,4,10,291.1,62,2
140.4,1,0,47.2,488.0,0.7,34.7,1,13.0,0.04,medicine,9323.0,5,11,143.9,79,2
242.4,0,0,44.9,775.0,8.8,27.7,2,4.0,0.14,general,13622.0,1,2,275.2,84,1
461.0,0,0,30.3,422.0,0.0,26.0,0,7.0,0.1,fuel,8070.0,3,3,17.8,87,1
479.2,0,0,32.1,422.0,0.0,23.7,3,7.0,0.1,general,11984.0,1,12,945.2,79,1
199.4,1,0,56.7,1238.0,15.2,26.3,1,4.0,0.14,construction,12231.0,1,3,298.5,77,2
280.1,0,0,30.2,215.0,24.6,30.7,1,100.0,1.0,food,3548.0,4,8,478.6,45,1
274.7,1,0,31.7,762.0,3.7,30.8,2,72.0,0.195,food,8975.0,4,4,558.1,68,2
306.6,0,0,21.8,40.0,2.1,33.2,3,100.0,0.25,medicine,2700.0,5,7,674.7,59,1
110.7,1,1,56.5,550.0,36.1,30.9,2,60.0,1.0,food,12695.0,4,7,783.2,41,2
172.4,1,1,44.5,578.0,3.8,34.9,0,78.0,0.26,medicine,2353.0,5,4,218.6,66,2
259.8,0,0,32.6,802.0,4.9,18.9,0,100.0,0.375,fuel,1847.0,3,8,60.2,67,1
267.8,0,0,26.9,215.0,0.3,27.7,0,10.0,0.08,agri,1608.0,2,12,9.2,92,1
400.9,1,1,58.4,961.0,0.4,27.5,3,42.0,0.65,construction,11473.0,1,4,2289.9,54,2
222.2,1,0,39.9,470.0,1.1,32.8,0,8.0,0.04,fuel,9132.0,3,1,128.3,86,2
75.4,0,0,47.5,797.0,0.3,33.0,0,8.0,0.04,agri,7343.0,2,12,1.5,91,1
222.6,1,0,35.7,470.0,4.0,18.8,2,48.0,0.26,general,5261.0,1,10,470.1,68,2
378.9,1,1,39.8,574.0,2.7,18.8,0,15.0,0.01,general,5400.0,1,11,398.2,81,2
325.4,0,0,14.1,40.0,18.8,33.0,0,100.0,0.25,medicine,3894.0,5,9,135.1,69,1
351.2,0,0,41.6,750.0,19.0,22.0,1,30.0,1.0,medicine,13387.0,5,8,529.2,53,1
207.5,0,0,39.8,688.0,31.6,25.5,3,100.0,0.5,fuel,1326.0,3,9,855.4,48,2
208.7,1,0,40.0,470.0,0.4,25.3,0,8.0,0.04,medicine,7052.0,5,12,117.9,86,2
71.7,0,0,42.7,797.0,21.6,34.4,2,80.0,0.5,general,10609.0,1,9,134.4,57,1
266.1,1,0,48.4,502.0,15.7,34.6,0,84.0,0.13,agri,8975.0,2,4,254.1,69,2
337.9,0,0,37.2,750.0,6.8,19.1,1,30.0,1.0,agri,9224.0,2,7,387.3,62,1
182.0,1,0,67.1,1197.0,10.8,25.2,3,60.0,1.0,food,6874.0,4,8,1073.6,46,2
147.2,1,1,52.8,1117.0,0.5,29.1,1,18.0,1.0,fuel,2783.0,3,5,405.9,67,2
279.6,1,0,35.0,502.0,1.7,25.6,1,14.0,0.02,fuel,5027.0,3,12,289.4,82,2
203.0,0,0,17.1,115.0,16.6,29.0,3,100.0,0.375,general,9605.0,1,8,603.6,58,1
356.8,0,0,41.8,750.0,1.8,30.1,2,3.0,0.17,general,11788.0,1,2,351.3,82,1
236.2,1,0,31.7,250.0,0.7,34.6,1,10.0,0.08,food,5403.0,4,2,248.8,84,2
198.9,1,0,30.9,515.0,1.8,26.5,1,100.0,0.375,construction,2400.0,1,7,260.9,57,2
204.3,1,1,68.2,1041.0,86.7,31.7,0,60.0,1.0,medicine,7997.0,5,8,1916.5,35,3
257.7,0,0,33.3,802.0,43.5,20.4,0,100.0,0.375,fuel,10933.0,3,8,320.2,57,2
164.3,1,1,54.9,578.0,24.3,27.4,1,100.0,0.5,medicine,9263.0,5,8,506.8,46,2
313.7,0,0,2.7,20.0,4.3,27.2,1,100.0,0.5,general,10512.0,1,6,210.6,62,1
253.0,1,0,41.4,762.0,0.3,25.0,0,12.0,0.03,general,14946.0,1,12,140.9,84,2
450.4,0,1,41.1,594.0,0.2,18.3,2,14.0,0.02,medicine,13890.0,5,2,619.3,90,1
343.4,0,0,41.5,750.0,0.3,31.3,1,3.0,0.17,agri,5393.0,2,11,137.9,88,1
326.1,0,0,32.2,202.0,14.3,33.8,0,100.0,0.25,general,3573.0,1,9,106.8,68,1
74.2,0,0,52.2,797.0,0.1,28.8,2,8.0,0.04,fuel,7225.0,3,12,63.9,82,1
256.5,1,0,40.6,762.0,17.7,34.9,0,100.0,0.375,fuel,5145.0,3,7,306.4,57,2
71.7,0,0,43.3,797.0,2.1,32.4,0,8.0,0.04,food,13672.0,4,1,3.1,87,1
85.0,0,0,50.7,1438.0,5.6,25.1,0,24.0,0.91,general,9700.0,1,10,48.6,72,1
196.8,0,0,14.2,115.0,1.2,20.5,1,12.0,0.03,food,13761.0,4,3,68.0,86,1
257.5,0,0,21.0,802.0,0.2,21.3,2,12.0,0.03,medicine,4015.0,5,12,220.5,89,1
196.8,0,0,19.0,115.0,19.3,33.5,0,48.0,0.26,agri,594.0,2,5,84.6,78,1
347.0,0,0,47.6,750.0,29.5,21.2,3,18.0,1.0,general,9879.0,1,5,1763.6,56,1
282.7,0,0,23.9,802.0,0.9,23.9,0,12.0,0.03,food,11111.0,4,2,6.3,95,1
172.2,1,1,35.4,578.0,2.4,23.9,0,13.0,0.04,fuel,8656.0,3,1,183.5,86,2
308.0,0,0,14.8,20.0,0.1,30.8,0,13.0,0.04,construction,8961.0,1,1,5.2,94,1
275.8,0,0,30.7,215.0,37.5,24.1,0,100.0,1.0,fuel,744.0,3,8,443.7,44,2
173.1,0,0,10.2,68.0,4.6,22.3,1,84.0,0.13,construction,11466.0,1,10,78.6,75,1
208.2,0,0,36.7,688.0,4.8,19.5,1,78.0,0.26,fuel,8174.0,3,4,110.4,68,1
506.8,0,0,39.7,422.0,1.0,28.2,2,70.0,1.0,construction,3480.0,1,8,890.1,63,1
324.4,0,0,45.7,750.0,2.5,23.9,0,3.0,0.17,fuel,6489.0,3,2,32.9,83,1
174.7,0,0,20.2,68.0,4.4,34.6,1,84.0,0.13,fuel,7081.0,3,4,78.8,75,1
114.2,1,1,44.9,550.0,13.6,22.1,3,36.0,1.0,general,5174.0,1,10,910.4,45,2
243.6,0,0,23.9,408.0,2.2,31.2,3,13.0,0.04,food,9364.0,4,1,483.2,88,1
199.5,0,0,15.7,115.0,0.6,29.4,2,12.0,0.03,general,8060.0,1,1,172.4,87,1
249.5,0,0,47.1,775.0,0.6,28.2,0,4.0,0.14,food,10874.0,4,1,15.5,85,1
319.5,0,0,21.4,40.0,0.4,23.1,2,14.0,0.02,fuel,10399.0,3,11,273.2,91,1
306.7,2,2,59.9,870.0,11.1,22.3,0,60.0,1.0,medicine,14098.0,5,6,2181.9,43,2
278.8,1,0,44.1,502.0,4.2,33.4,0,14.0,0.02,construction,814.0,1,2,174.4,83,2
277.7,0,0,40.7,802.0,0.3,34.8,0,12.0,0.03,general,10271.0,1,3,4.1,93,1
171.8,1,0,62.4,1197.0,10.9,20.9,0,36.0,1.0,general,7482.0,1,10,277.2,57,2
261.1,0,0,39.1,802.0,19.6,22.0,0,100.0,0.375,general,5981.0,1,8,130.8,56,1
196.0,1,0,56.0,1238.0,0.3,19.4,1,4.0,0.14,medicine,5900.0,5,1,213.3,74,2
319.0,2,2,65.2,870.0,0.9,25.3,3,60.0,1.0,agri,7900.0,2,6,3429.1,36,2
77.6,0,0,45.7,797.0,0.7,18.5,0,8.0,0.04,construction,1907.0,1,2,1.9,87,1
268.2,0,0,21.7,102.0,4.2,20.1,0,84.0,0.13,construction,10852.0,1,5,28.7,75,1
192.1,1,0,46.1,515.0,1.1,22.1,0,12.0,0.03,general,3616.0,1,2,110.0,79,2
105.8,1,1,44.1,550.0,46.6,25.5,2,60.0,1.0,fuel,8431.0,3,6,920.6,46,2
194.6,0,0,22.7,115.0,24.8,30.2,1,80.0,0.5,food,8540.0,4,9,232.6,63,1
243.2,0,0,37.5,408.0,3.1,29.6,0,78.0,0.26,medicine,2834.0,5,10,36.1,76,1
545.0,0,0,17.4,35.0,4.7,28.8,2,84.0,0.13,general,881.0,1,10,558.3,67,1
378.1,1,1,42.7,574.0,3.6,27.3,3,15.0,0.01,construction,1292.0,1,2,1722.4,83,2
179.8,1,0,62.2,1197.0,2.4,20.7,3,60.0,1.0,fuel,14228.0,3,7,950.3,44,2
196.7,1,1,72.3,1041.0,14.3,27.1,0,36.0,1.0,fuel,11566.0,3,5,486.0,56,2
251.0,0,0,36.8,775.0,3.1,33.3,1,4.0,0.14,fuel,14950.0,3,3,108.9,90,1
274.4,0,0,28.9,215.0,5.4,21.1,0,100.0,1.0,general,14736.0,1,9,175.0,55,1
286.5,0,0,37.1,215.0,38.5,18.8,1,100.0,1.0,food,10166.0,4,8,681.1,42,2
144.5,1,0,39.0,488.0,0.4,32.4,0,13.0,0.04,agri,5784.0,2,12,81.6,83,2
166.0,1,1,56.2,578.0,2.9,29.1,0,13.0,0.04,medicine,3114.0,5,1,178.6,79,2
99.2,0,0,41.3,790.0,16.2,31.2,1,100.0,0.25,general,14469.0,1,8,76.1,60,1
427.5,0,1,32.8,594.0,0.6,28.2,1,14.0,0.02,food,3866.0,4,12,310.5,90,1
186.2,0,0,17.3,115.0,13.6,23.7,0,80.0,0.5,medicine,14281.0,5,7,84.2,65,1
85.7,0,0,57.3,1438.0,32.6,25.2,1,40.0,1.0,fuel,7631.0,3,6,176.9,55,2
245.6,0,0,35.6,408.0,1.5,22.6,1,13.0,0.04,general,1892.0,1,1,87.2,85,1
166.2,1,1,45.4,578.0,0.6,32.1,2,13.0,0.04,agri,9902.0,2,12,422.2,77,2
313.3,0,0,15.2,20.0,4.9,26.4,3,13.0,0.04,agri,5699.0,2,2,650.6,85,1
298.9,2,2,57.2,870.0,5.9,18.5,3,60.0,1.0,fuel,13135.0,3,9,3212.7,39,2
200.2,1,1,67.0,1041.0,1.7,18.1,2,6.0,0.16,medicine,9828.0,5,1,545.4,76,2
82.7,0,0,58.9,1438.0,3.3,28.7,0,40.0,1.0,construction,9017.0,1,6,49.4,63,1
96.1,0,0,27.2,790.0,25.5,30.7,1,14.0,0.02,food,5453.0,4,3,82.5,89,1
81.0,0,0,53.9,1438.0,9.7,33.8,2,40.0,1.0,general,4399.0,1,6,165.8,57,1
472.6,0,0,28.1,422.0,4.7,27.8,2,70.0,1.0,medicine,5090.0,5,8,884.4,64,1
195.4,1,0,46.3,515.0,2.9,31.3,1,100.0,0.375,food,10172.0,4,8,261.7,60,2
373.6,1,1,63.7,961.0,17.2,18.9,2,70.0,1.0,agri,1606.0,2,9,1930.1,38,2
406.4,1,1,71.0,961.0,54.5,28.3,0,70.0,1.0,general,7652.0,1,7,2341.5,36,2
281.2,1,0,34.2,502.0,33.7,33.8,0,100.0,0.25,agri,6899.0,2,9,466.7,53,2
196.3,1,1,73.9,1041.0,7.0,28.6,2,60.0,1.0,fuel,967.0,3,9,876.7,47,2
93.6,0,0,30.4,790.0,11.2,27.1,0,84.0,0.13,fuel,9756.0,3,4,20.1,73,1
88.1,0,0,63.7,1438.0,48.2,26.5,1,40.0,1.0,medicine,7994.0,5,6,269.2,48,2
202.9,0,0,20.7,115.0,14.9,33.5,2,72.0,0.195,medicine,2112.0,5,5,273.7,65,1
87.5,0,0,51.4,1438.0,4.4,31.7,1,40.0,1.0,general,10388.0,1,7,95.0,62,1
268.5,1,0,47.7,762.0,2.3,33.3,0,72.0,0.195,fuel,13871.0,3,10,185.5,79,2
71.6,0,0,48.2,797.0,2.4,31.7,0,8.0,0.04,fuel,11516.0,3,3,3.3,85,1
442.8,0,1,50.1,594.0,19.5,33.2,1,84.0,0.13,general,6074.0,1,5,564.9,68,1
203.0,1,1,65.3,1041.0,2.4,25.1,1,6.0,0.16,medicine,1567.0,5,12,355.7,72,2
110.0,1,1,51.5,550.0,17.0,28.0,2,60.0,1.0,medicine,14354.0,5,7,567.2,41,2
282.3,0,0,22.5,215.0,0.4,34.5,0,60.0,0.52,agri,2580.0,2,4,66.9,77,1
328.7,0,0,50.3,750.0,0.5,33.3,2,18.0,1.0,food,11977.0,4,5,572.3,64,1
394.5,1,1,42.5,574.0,40.2,25.5,1,90.0,0.065,food,13635.0,4,5,1384.5,55,2
434.4,0,1,41.1,594.0,13.9,18.2,1,100.0,0.25,medicine,12353.0,5,6,522.7,62,1
163.1,1,1,46.7,578.0,2.0,21.5,0,13.0,0.04,construction,9017.0,1,2,172.0,80,2
219.2,1,0,30.5,250.0,0.2,27.3,1,10.0,0.08,construction,12658.0,1,1,228.4,84,2
235.1,1,0,31.5,250.0,0.6,28.1,2,10.0,0.08,food,13641.0,4,3,427.7,81,2
88.0,0,0,64.7,1438.0,33.7,30.7,2,40.0,1.0,general,10106.0,1,8,285.0,52,2
373.5,1,1,41.6,574.0,5.5,33.2,3,90.0,0.065,agri,10469.0,2,5,1783.4,60,2
185.9,0,0,10.7,115.0,3.6,22.8,0,12.0,0.03,fuel,6755.0,3,2,10.8,92,1
187.7,1,0,35.1,515.0,6.8,31.8,1,72.0,0.195,general,10220.0,1,4,243.0,64,2
322.4,0,0,26.7,40.0,0.3,32.5,0,100.0,0.25,construction,6773.0,1,8,33.8,72,1
369.6,1,1,44.5,574.0,0.7,26.6,1,15.0,0.01,medicine,8322.0,5,2,580.1,84,2
307.7,2,2,53.4,870.0,7.2,27.5,1,6.0,0.16,general,8081.0,1,1,1883.2,70,2
313.8,0,0,23.3,202.0,28.1,30.0,0,100.0,0.25,construction,14063.0,1,6,197.3,65,1
321.2,0,0,4.7,40.0,0.7,20.7,1,14.0,0.02,fuel,14513.0,3,2,107.1,91,1
305.8,2,2,59.8,870.0,0.1,33.3,0,6.0,0.16,fuel,1090.0,3,1,1292.7,76,2
309.6,2,2,52.6,870.0,1.2,23.6,2,6.0,0.16,food,11042.0,4,11,2470.5,73,2
198.5,1,1,69.1,1041.0,25.9,20.8,2,36.0,1.0,food,9516.0,4,4,1175.1,45,2
176.7,1,0,66.6,1197.0,2.5,18.7,0,36.0,1.0,fuel,4255.0,3,5,241.4,53,2
207.5,1,1,69.5,1041.0,15.9,30.4,1,60.0,1.0,general,3203.0,1,8,724.4,44,2
423.3,0,1,42.4,594.0,20.6,34.0,3,84.0,0.13,food,1706.0,4,5,1637.6,59,1
268.8,1,0,36.3,762.0,34.1,34.6,0,72.0,0.195,medicine,13399.0,5,5,437.8,62,2
182.2,0,0,17.6,68.0,4.0,31.0,2,84.0,0.13,fuel,10438.0,3,10,183.9,75,1
230.8,1,0,23.2,250.0,0.7,30.6,2,10.0,0.08,food,10602.0,4,2,420.6,81,2
255.7,0,0,38.3,775.0,2.4,29.0,0,40.0,1.0,agri,10014.0,2,9,148.2,64,1
113.2,1,1,42.7,550.0,2.2,34.2,0,6.0,0.16,general,4802.0,1,3,129.9,85,2
176.1,1,0,67.2,1197.0,13.2,34.4,1,36.0,1.0,food,1847.0,4,10,427.0,49,2
261.8,1,0,48.8,762.0,0.8,27.1,0,12.0,0.03,agri,12288.0,2,2,148.2,87,2
86.5,0,0,47.3,1438.0,29.0,25.6,3,40.0,1.0,construction,10870.0,1,9,436.0,46,1
281.6,1,0,36.8,502.0,5.7,28.4,3,14.0,0.02,medicine,5132.0,5,3,989.6,75,2
465.3,0,0,26.0,422.0,1.5,30.5,1,7.0,0.1,medicine,816.0,5,11,179.1,86,1
565.9,0,0,12.9,35.0,6.9,32.5,0,100.0,0.25,medicine,7987.0,5,7,113.7,74,1
328.2,0,0,32.4,202.0,7.4,32.4,0,100.0,0.25,construction,2545.0,1,7,69.0,68,1
282.9,0,0,27.5,802.0,0.6,26.7,2,12.0,0.03,fuel,1729.0,3,12,244.7,88,1
342.5,0,0,35.4,750.0,3.9,33.5,1,18.0,1.0,agri,1824.0,2,10,367.0,67,1
300.8,2,2,57.2,870.0,0.7,26.7,3,60.0,1.0,food,10937.0,4,6,3233.8,38,2
316.1,0,0,27.3,202.0,4.0,29.5,1,100.0,0.25,fuel,14388.0,3,8,161.2,71,1
194.7,1,0,50.6,515.0,3.9,24.0,0,12.0,0.03,general,8769.0,1,2,121.6,86,2
379.7,1,1,64.2,961.0,0.3,24.4,1,7.0,0.1,construction,9821.0,1,2,620.7,79,2
297.7,2,2,60.8,870.0,4.7,27.7,0,6.0,0.16,general,8173.0,1,11,1336.8,76,2
408.0,1,1,58.4,961.0,1.2,29.6,0,70.0,1.0,food,1019.0,4,8,807.3,53,2
144.6,1,0,38.4,488.0,8.3,28.8,2,13.0,0.04,fuel,11035.0,3,3,294.5,77,2
333.2,0,0,16.6,20.0,25.4,32.1,1,100.0,0.5,construction,13581.0,1,6,404.4,62,1
274.1,0,0,36.9,802.0,0.3,19.4,0,12.0,0.03,general,3708.0,1,12,4.3,85,1
85.2,0,0,71.0,1438.0,3.6,31.6,0,40.0,1.0,construction,5206.0,1,6,51.3,58,1
277.5,0,0,30.3,215.0,3.0,31.1,0,10.0,0.08,medicine,14830.0,5,1,19.7,87,1
506.9,0,0,34.2,422.0,1.5,29.9,1,7.0,0.1,agri,14399.0,2,2,195.3,91,1
489.7,0,0,37.0,422.0,13.4,32.4,0,70.0,1.0,food,5883.0,4,8,397.1,59,1
173.7,1,0,64.3,1197.0,15.5,25.7,2,60.0,1.0,fuel,9419.0,3,6,656.7,47,2
193.7,1,0,45.9,515.0,3.6,27.3,3,100.0,0.375,medicine,13525.0,5,9,768.3,57,2
225.1,1,0,34.9,470.0,0.7,34.5,1,8.0,0.04,medicine,3957.0,5,12,230.8,86,2
190.1,1,1,67.2,1041.0,3.1,18.1,0,60.0,1.0,general,11545.0,1,9,388.1,56,2
279.0,0,0,9.1,102.0,37.3,28.9,0,84.0,0.13,fuel,3587.0,3,5,230.1,68,2
386.5,1,1,59.8,961.0,72.0,18.0,2,70.0,1.0,fuel,5611.0,3,7,4154.4,27,3
194.2,0,0,20.4,115.0,1.0,24.9,0,48.0,0.26,fuel,11962.0,3,4,23.3,79,1
211.4,0,0,35.0,688.0,17.0,25.1,1,100.0,0.5,food,7960.0,4,9,203.9,57,1
483.5,0,0,28.0,422.0,20.2,32.2,1,70.0,1.0,medicine,1665.0,5,7,748.6,55,1
86.7,0,0,59.1,1438.0,4.2,20.3,0,24.0,0.91,general,946.0,1,4,47.3,70,1
145.5,1,1,66.8,1117.0,48.8,28.1,1,30.0,1.0,fuel,1820.0,3,7,950.5,44,2
85.7,0,0,61.3,1438.0,12.5,30.4,1,40.0,1.0,general,3629.0,1,9,111.5,59,1
208.0,0,0,39.3,688.0,6.6,34.2,0,13.0,0.04,general,3768.0,1,3,21.7,86,1
270.2,0,0,21.5,102.0,0.7,18.2,3,14.0,0.02,general,3119.0,1,12,517.4,87,1
282.6,0,0,34.7,215.0,1.5,23.7,0,10.0,0.08,fuel,14556.0,3,2,14.3,91,1
402.1,1,1,69.6,961.0,18.4,30.9,0,70.0,1.0,fuel,13531.0,3,6,1067.9,43,2
532.2,0,0,6.3,35.0,5.5,27.4,1,100.0,0.25,food,12917.0,4,8,285.9,64,1
310.7,2,2,59.7,870.0,11.3,22.2,2,60.0,1.0,medicine,2255.0,5,7,3340.2,33,2
534.7,0,0,16.4,35.0,0.7,24.1,0,14.0,0.02,fuel,7778.0,3,11,8.7,92,1
74.9,0,0,37.0,797.0,3.7,30.2,2,80.0,0.5,construction,4031.0,1,6,97.1,68,1
280.3,1,0,39.3,502.0,1.8,28.4,1,14.0,0.02,food,11421.0,4,2,290.5,83,2
188.7,1,0,43.1,515.0,3.2,19.1,1,72.0,0.195,general,11769.0,1,10,226.5,61,2
175.1,0,0,25.9,68.0,2.6,30.3,2,14.0,0.02,general,6321.0,1,3,157.8,87,1
192.8,0,0,20.0,115.0,0.1,28.4,2,100.0,0.375,fuel,8474.0,3,8,211.8,62,1
175.9,1,0,71.0,1197.0,38.6,22.6,0,60.0,1.0,fuel,13624.0,3,7,510.4,46,2
329.8,0,0,36.9,750.0,34.7,18.1,0,18.0,1.0,food,11119.0,4,4,489.6,60,2
203.9,1,1,79.8,1041.0,22.0,22.4,1,36.0,1.0,fuel,10611.0,3,5,787.1,45,2
314.2,2,2,62.0,870.0,3.0,31.3,0,60.0,1.0,general,4386.0,1,7,2018.1,51,2
242.4,0,0,39.1,775.0,0.9,21.9,1,4.0,0.14,fuel,3776.0,3,2,95.8,91,1
182.3,0,0,10.3,68.0,0.9,31.5,0,84.0,0.13,fuel,603.0,3,10,11.4,76,1
218.9,1,0,35.9,470.0,1.0,31.9,3,8.0,0.04,agri,4011.0,2,3,725.5,72,2
276.0,1,0,27.5,502.0,22.3,21.8,2,100.0,0.25,fuel,9526.0,3,6,797.6,55,2
269.4,1,0,41.3,502.0,2.2,22.0,2,14.0,0.02,general,11863.0,1,1,487.7,80,2
242.7,0,0,31.3,775.0,10.6,24.5,3,4.0,0.14,agri,10708.0,2,2,582.1,82,1
100.5,0,0,37.0,790.0,0.5,31.0,0,84.0,0.13,construction,7601.0,1,4,5.7,78,1
206.6,1,0,32.5,470.0,0.8,22.1,0,8.0,0.04,agri,1610.0,2,11,118.2,85,2
77.1,0,0,58.6,797.0,12.1,24.7,3,80.0,0.5,construction,3091.0,1,7,226.1,56,1
142.0,1,1,61.9,1117.0,42.4,24.3,3,30.0,1.0,food,9198.0,4,9,1526.9,40,2
257.4,0,0,43.4,802.0,1.3,26.2,1,100.0,0.375,food,14044.0,4,8,137.3,58,1
168.6,1,1,44.4,578.0,15.6,33.2,0,100.0,0.5,construction,2525.0,1,9,313.9,52,2
190.2,1,0,55.4,1238.0,8.5,25.2,0,40.0,1.0,food,8149.0,4,7,292.7,56,2
188.0,1,0,62.3,1197.0,1.0,19.1,0,6.0,0.16,food,9462.0,4,11,121.2,79,2
181.8,1,0,38.4,515.0,0.8,28.4,3,12.0,0.03,medicine,5823.0,5,1,598.7,78,2
100.7,0,0,25.5,790.0,1.4,26.1,0,14.0,0.02,general,5720.0,1,3,2.6,89,1
290.9,0,0,32.0,215.0,2.2,20.5,2,10.0,0.08,construction,2656.0,1,11,271.0,86,1
197.0,1,0,45.9,515.0,0.7,25.7,3,12.0,0.03,food,13980.0,4,2,647.7,77,2
185.4,0,0,20.6,115.0,35.9,18.9,1,80.0,0.5,general,9268.0,1,8,299.9,54,2
144.7,1,1,61.9,1117.0,12.4,22.1,0,18.0,1.0,food,9339.0,4,10,346.0,58,2
397.1,1,1,63.9,961.0,6.3,29.8,0,70.0,1.0,construction,6312.0,1,9,855.6,48,2
325.6,0,0,44.7,750.0,15.0,29.4,1,30.0,1.0,agri,8637.0,2,7,447.7,61,1
141.3,1,0,42.6,488.0,2.3,32.3,2,13.0,0.04,construction,13608.0,1,3,259.2,75,2
181.7,0,0,10.0,68.0,3.1,28.9,3,84.0,0.13,construction,13995.0,1,10,382.5,63,1
218.3,0,0,38.3,688.0,0.1,32.5,1,13.0,0.04,fuel,11797.0,3,12,72.8,89,1
110.7,1,1,49.6,550.0,125.8,25.7,1,60.0,1.0,fuel,12926.0,3,7,1189.8,34,3
190.9,1,0,67.4,1238.0,0.9,19.8,3,4.0,0.14,medicine,4149.0,5,1,659.3,71,2
478.0,0,0,31.6,422.0,0.1,29.7,1,7.0,0.1,agri,8526.0,2,12,173.2,90,1
421.9,0,1,47.1,594.0,5.6,28.2,2,84.0,0.13,construction,11823.0,1,10,684.3,67,1
344.1,0,0,25.5,202.0,16.6,27.9,2,14.0,0.02,general,902.0,1,3,434.2,80,1
363.2,1,1,29.9,574.0,0.8,30.4,0,90.0,0.065,construction,11117.0,1,5,379.6,70,2
373.2,1,1,31.4,574.0,0.8,29.1,1,15.0,0.01,fuel,4433.0,3,2,586.1,86,2
339.7,0,0,29.5,202.0,1.9,20.7,0,84.0,0.13,construction,2186.0,1,4,25.7,78,1
279.1,0,0,14.3,102.0,2.2,23.6,1,14.0,0.02,general,772.0,1,11,99.5,92,1
306.6,2,2,50.1,870.0,0.5,26.1,0,36.0,1.0,medicine,5743.0,5,10,1908.9,48,2
87.2,0,0,52.0,1438.0,6.1,30.2,1,40.0,1.0,medicine,14285.0,5,9,98.2,54,1
466.0,0,0,16.4,422.0,0.4,28.3,1,70.0,1.0,fuel,8557.0,3,8,462.3,56,1
491.5,0,0,15.0,422.0,7.5,30.7,1,42.0,0.65,general,7108.0,1,10,416.5,71,1
84.6,0,0,64.1,1438.0,0.4,21.0,0,40.0,1.0,agri,8078.0,2,7,45.9,62,1
177.2,1,0,63.0,1197.0,1.5,34.3,3,36.0,1.0,food,4885.0,4,5,926.4,54,2
301.9,0,0,18.1,40.0,0.6,32.2,0,14.0,0.02,fuel,13825.0,3,12,4.6,91,1
297.0,2,2,59.7,870.0,2.5,26.3,3,6.0,0.16,fuel,9928.0,3,12,3192.9,67,2
308.1,0,0,26.7,20.0,1.2,27.0,0,13.0,0.04,general,10813.0,1,1,9.6,93,1
495.3,0,0,40.1,422.0,0.4,27.7,0,42.0,0.65,food,9584.0,4,10,153.4,74,1
264.1,1,0,35.2,502.0,1.0,31.1,1,14.0,0.02,agri,14552.0,2,11,269.0,84,2
94.6,0,0,29.8,790.0,19.3,29.9,0,84.0,0.13,construction,13637.0,1,5,34.3,74,1
325.4,0,0,27.3,202.0,0.2,28.2,1,14.0,0.02,fuel,13184.0,3,3,105.9,89,1
277.7,0,0,16.4,102.0,1.2,24.5,3,84.0,0.13,agri,11168.0,2,5,566.8,74,1
180.8,1,0,42.1,515.0,8.7,19.7,2,72.0,0.195,agri,8277.0,2,10,399.6,61,2
107.7,1,1,39.3,550.0,6.1,23.8,1,36.0,1.0,medicine,13556.0,5,5,322.3,55,2
431.5,0,1,44.5,594.0,0.9,32.3,0,84.0,0.13,food,2592.0,4,10,168.5,74,1
195.8,0,0,13.9,115.0,1.3,26.2,1,12.0,0.03,construction,10042.0,1,11,68.0,93,1
188.7,1,0,53.8,1238.0,5.0,25.7,1,4.0,0.14,agri,835.0,2,3,227.0,76,2
213.5,0,0,36.0,688.0,36.1,24.0,0,100.0,0.5,food,11209.0,4,8,224.6,54,2
372.2,1,1,39.8,574.0,1.4,25.1,2,15.0,0.01,agri,9374.0,2,1,943.7,77,2
317.5,0,0,23.4,202.0,0.6,28.9,1,14.0,0.02,fuel,2974.0,3,3,105.4,93,1
191.3,0,0,26.1,115.0,0.3,31.1,2,100.0,0.375,construction,12517.0,1,8,211.3,62,1
72.4,0,0,51.5,797.0,1.3,34.5,0,48.0,0.26,general,5640.0,1,4,9.0,78,1
348.3,0,0,39.4,750.0,0.1,27.6,0,3.0,0.17,general,4629.0,1,12,23.7,89,1
254.7,1,0,45.1,762.0,6.8,22.1,1,72.0,0.195,fuel,6186.0,3,4,329.5,64,2
250.5,0,0,47.3,775.0,4.2,18.4,0,4.0,0.14,general,11700.0,1,1,28.2,85,1
335.1,0,0,5.8,20.0,7.6,22.5,2,13.0,0.04,medicine,4624.0,5,2,345.7,88,1
258.8,1,0,41.9,762.0,31.6,20.8,1,100.0,0.375,construction,2285.0,1,8,628.6,49,2
483.6,0,0,34.2,422.0,8.3,32.4,0,42.0,0.65,construction,10313.0,1,5,214.3,69,1
139.0,1,0,38.6,488.0,2.7,30.1,0,100.0,0.5,general,9973.0,1,7,126.3,56,2
72.0,0,0,34.8,797.0,2.9,18.2,0,80.0,0.5,agri,1278.0,2,8,19.0,65,1
193.6,0,0,19.6,115.0,15.8,30.2,3,100.0,0.375,construction,4163.0,1,9,568.0,58,1
174.5,0,0,15.9,68.0,4.4,24.0,3,84.0,0.13,construction,9396.0,1,5,375.5,71,1
73.7,0,0,56.6,797.0,0.1,34.9,1,8.0,0.04,agri,8442.0,2,11,24.6,87,1
396.8,1,1,43.5,574.0,0.3,23.0,0,15.0,0.01,medicine,1684.0,5,11,395.1,83,2
538.9,0,0,12.7,35.0,7.8,24.9,0,100.0,0.25,general,4301.0,1,9,116.2,75,1
244.8,0,0,36.1,775.0,12.0,23.0,1,40.0,1.0,fuel,3244.0,3,7,314.6,65,1
110.4,1,1,48.5,550.0,8.4,26.9,0,60.0,1.0,agri,10567.0,2,6,246.3,55,2
114.9,1,1,41.6,550.0,2.9,20.5,2,6.0,0.16,agri,7992.0,2,2,318.9,79,2
212.5,1,0,41.3,470.0,0.8,24.5,0,80.0,0.5,general,6709.0,1,8,184.6,62,2
211.6,0,0,39.2,688.0,0.5,20.9,3,13.0,0.04,general,2042.0,1,12,408.6,82,1
163.1,1,1,49.4,578.0,6.1,31.7,0,100.0,0.5,agri,14144.0,2,9,252.3,54,2
271.6,0,0,32.2,802.0,16.1,24.3,0,100.0,0.375,fuel,6235.0,3,6,116.4,65,1
181.2,0,0,8.3,68.0,2.0,26.8,2,14.0,0.02,medicine,11911.0,5,11,161.1,90,1
274.2,0,0,20.1,102.0,0.9,34.4,0,14.0,0.02,construction,9461.0,1,1,5.2,96,1
554.1,0,0,17.5,35.0,5.4,23.2,1,100.0,0.25,medicine,4322.0,5,9,297.0,62,1
348.9,0,0,45.3,750.0,12.7,19.2,2,30.0,1.0,food,5187.0,4,6,752.9,58,1
187.9,1,0,57.7,1197.0,1.1,34.3,1,36.0,1.0,food,12053.0,4,5,371.0,53,2
320.6,0,0,12.2,40.0,0.7,25.3,2,14.0,0.02,fuel,8317.0,3,1,276.2,90,1
320.1,0,0,32.9,202.0,1.1,21.1,1,14.0,0.02,fuel,2656.0,3,1,108.7,88,1
245.4,0,0,20.2,408.0,1.1,30.6,2,78.0,0.26,general,10775.0,1,10,253.8,67,1
419.4,0,1,43.7,594.0,0.3,32.8,2,14.0,0.02,medicine,9517.0,5,12,577.4,84,1
338.6,0,0,28.4,202.0,5.6,29.8,1,84.0,0.13,food,7343.0,4,10,159.9,75,1
75.6,0,0,50.3,797.0,2.7,22.6,1,8.0,0.04,general,3095.0,1,11,28.3,86,1
274.4,0,0,31.0,802.0,9.6,32.0,2,12.0,0.03,general,8124.0,1,2,294.8,86,1
280.5,0,0,26.3,802.0,3.8,19.1,2,72.0,0.195,agri,14378.0,2,5,294.7,71,1
397.4,1,1,65.4,961.0,2.6,25.7,2,7.0,0.1,medicine,7863.0,5,11,1068.5,77,2
394.9,1,1,71.8,961.0,10.1,22.3,2,42.0,0.65,construction,10103.0,1,5,1537.1,54,2
200.9,1,1,74.5,1041.0,29.9,25.6,0,36.0,1.0,food,946.0,4,5,662.6,50,2
281.7,0,0,21.3,102.0,1.6,31.8,0,84.0,0.13,medicine,10177.0,5,5,20.3,79,1
76.9,0,0,43.4,797.0,8.9,25.0,2,80.0,0.5,agri,13103.0,2,7,110.7,59,1
283.4,1,0,41.5,502.0,8.9,30.8,1,84.0,0.13,agri,13568.0,2,5,368.1,61,2
278.9,0,0,36.7,802.0,41.7,32.8,0,100.0,0.375,medicine,1319.0,5,8,325.3,59,2
285.0,0,0,30.5,215.0,3.7,26.0,2,60.0,0.52,fuel,7034.0,3,4,373.9,67,1
212.6,1,0,32.3,470.0,0.9,24.3,0,8.0,0.04,general,8432.0,1,3,121.9,87,2
280.9,0,0,28.2,215.0,0.1,34.2,0,10.0,0.08,food,1105.0,4,2,9.0,89,1
143.3,1,1,56.2,1117.0,7.4,19.9,0,18.0,1.0,fuel,7838.0,3,4,314.3,55,2
527.2,0,0,8.1,35.0,0.8,26.8,1,100.0,0.25,general,13770.0,1,8,238.3,70,1
327.2,0,0,5.0,20.0,4.5,32.8,0,13.0,0.04,medicine,10457.0,5,2,24.3,98,1
283.4,0,0,4.4,102.0,1.4,30.3,1,14.0,0.02,fuel,7817.0,3,2,97.4,92,1
315.7,0,0,11.6,20.0,26.7,32.9,2,100.0,0.5,medicine,5452.0,5,8,661.7,57,1
274.7,0,0,26.8,215.0,6.0,23.2,2,10.0,0.08,general,5241.0,1,3,280.2,84,1
177.3,0,0,12.7,68.0,1.6,30.5,0,14.0,0.02,general,5124.0,1,1,4.9,97,1
73.5,0,0,52.8,797.0,11.2,18.2,1,48.0,0.26,food,11110.0,4,5,48.4,69,1
87.7,0,0,59.1,1438.0,33.6,29.6,1,40.0,1.0,fuel,3440.0,3,7,185.3,52,2
171.4,0,0,9.6,68.0,12.8,33.7,1,100.0,0.25,general,5284.0,1,9,117.7,63,1
290.6,0,0,24.1,215.0,2.3,18.6,0,100.0,1.0,construction,1453.0,1,8,167.9,53,1
220.5,1,0,44.8,470.0,0.1,33.5,0,8.0,0.04,medicine,3985.0,5,12,123.4,82,2
141.0,1,0,45.3,488.0,1.4,31.1,1,13.0,0.04,construction,13414.0,1,1,147.0,85,2
490.9,0,0,30.5,422.0,8.3,31.9,1,7.0,0.1,fuel,10961.0,3,2,249.0,86,1
246.2,0,0,45.4,775.0,29.9,22.8,0,40.0,1.0,general,9397.0,1,6,319.1,59,1
296.1,2,2,64.8,870.0,2.6,29.9,2,60.0,1.0,medicine,12863.0,5,7,3183.3,38,2
319.2,0,0,29.5,202.0,10.6,30.5,0,100.0,0.25,fuel,3292.0,3,6,83.2,69,1
85.8,0,0,59.0,1438.0,3.6,23.4,0,4.0,0.14,construction,2912.0,1,2,8.8,84,1
173.7,1,0,67.3,1197.0,0.8,28.1,0,6.0,0.16,food,4712.0,4,11,111.1,80,2
274.3,0,0,33.7,802.0,1.1,27.5,0,100.0,0.375,medicine,1475.0,5,9,47.6,66,1
75.3,0,0,52.7,797.0,0.8,32.1,0,8.0,0.04,food,6422.0,4,11,1.9,87,1
303.8,2,2,64.7,870.0,0.1,34.0,1,6.0,0.16,construction,7957.0,1,12,1699.9,73,2
527.4,0,0,19.0,35.0,1.5,20.6,2,14.0,0.02,general,10433.0,1,11,462.8,84,1
249.2,0,0,36.2,775.0,3.1,23.9,2,40.0,1.0,medicine,8504.0,5,8,454.1,58,1
324.6,0,0,30.4,750.0,2.8,32.1,1,3.0,0.17,food,12601.0,4,12,144.0,85,1
193.0,1,0,42.2,515.0,0.1,34.3,1,12.0,0.03,food,3219.0,4,1,193.9,80,2
94.8,0,0,33.8,790.0,1.5,25.1,2,14.0,0.02,fuel,7449.0,3,12,83.1,92,1
205.5,0,0,31.6,688.0,8.7,32.6,3,100.0,0.5,construction,12051.0,1,8,571.1,55,1
258.0,0,0,16.1,102.0,74.0,29.8,1,100.0,0.25,general,11807.0,1,9,1130.2,49,3
301.9,2,2,51.6,870.0,6.5,23.2,0,60.0,1.0,fuel,10344.0,3,8,2026.0,49,2
349.5,0,0,31.1,750.0,1.1,24.2,3,3.0,0.17,medicine,11637.0,5,1,726.3,79,1
82.5,0,0,54.2,1438.0,0.9,27.2,2,4.0,0.14,agri,11630.0,2,1,77.8,90,1
310.2,0,0,10.4,40.0,34.7,30.8,2,100.0,0.25,medicine,11697.0,5,7,681.9,57,2
250.2,0,0,34.1,408.0,0.1,28.7,0,13.0,0.04,general,2357.0,1,11,4.2,87,1
361.5,1,1,39.9,574.0,18.4,24.1,0,100.0,0.125,general,14155.0,1,8,575.3,59,2
191.5,0,0,26.7,115.0,0.3,32.3,1,12.0,0.03,fuel,14220.0,3,12,63.4,93,1
135.9,1,0,50.2,488.0,11.9,32.1,1,13.0,0.04,medicine,1347.0,5,2,178.7,81,2
189.5,0,0,26.7,115.0,48.7,27.1,1,100.0,0.375,general,691.0,1,8,413.7,51,2
100.3,0,0,28.5,790.0,20.9,20.8,1,100.0,0.25,fuel,5944.0,3,8,88.8,62,1
305.4,0,0,16.6,40.0,12.6,18.2,3,84.0,0.13,general,9047.0,1,4,755.1,71,1
181.6,1,0,37.8,515.0,0.1,33.0,1,12.0,0.03,food,7599.0,4,1,182.3,86,2
282.6,1,0,41.3,502.0,30.2,34.7,2,84.0,0.13,medicine,14460.0,5,5,900.5,55,2
392.8,1,1,57.3,961.0,0.3,28.2,0,42.0,0.65,food,9178.0,4,10,601.6,66,2
266.6,0,0,25.1,102.0,1.0,20.3,1,14.0,0.02,medicine,11781.0,5,2,90.1,85,1
277.9,0,0,31.5,215.0,0.9,34.6,0,60.0,0.52,fuel,5271.0,3,10,68.0,69,1
139.2,1,0,42.5,488.0,0.6,25.6,1,13.0,0.04,food,1405.0,4,2,142.3,78,2
150.4,1,1,58.0,1117.0,3.4,21.8,1,30.0,1.0,general,2358.0,1,6,432.7,62,2
221.6,1,0,43.4,470.0,13.5,20.3,1,80.0,0.5,medicine,2075.0,5,6,395.8,54,2
187.6,1,0,38.9,515.0,4.2,26.8,1,100.0,0.375,food,13628.0,4,6,257.8,61,2
312.4,0,0,21.7,40.0,3.6,22.5,0,84.0,0.13,food,14865.0,4,10,31.1,82,1
88.2,0,0,50.8,1438.0,3.7,27.1,0,4.0,0.14,medicine,11722.0,5,2,9.2,87,1
109.5,1,1,56.0,550.0,10.7,20.5,1,6.0,0.16,construction,13394.0,1,3,222.5,77,2
278.0,1,0,44.4,762.0,0.1,20.2,0,12.0,0.03,agri,11133.0,2,12,153.8,82,2
262.5,1,0,51.6,762.0,14.8,31.1,0,100.0,0.375,food,6456.0,4,8,291.6,62,2
311.4,0,0,22.2,40.0,2.2,33.3,0,14.0,0.02,medicine,3873.0,5,3,11.3,90,1
72.8,0,0,50.5,797.0,0.2,23.6,0,8.0,0.04,medicine,13586.0,5,3,1.3,89,1
272.4,0,0,26.0,215.0,0.6,26.8,0,10.0,0.08,medicine,7107.0,5,2,10.4,92,1
172.0,0,0,18.6,68.0,4.5,26.7,2,14.0,0.02,medicine,14466.0,5,3,162.5,85,1
180.0,1,0,65.5,1197.0,23.9,23.7,1,60.0,1.0,general,12904.0,1,7,529.3,50,2
463.2,0,0,14.7,422.0,1.3,32.5,0,7.0,0.1,food,14916.0,4,12,25.7,100,1
230.7,0,0,29.8,408.0,3.9,29.6,0,13.0,0.04,general,2513.0,1,3,15.4,92,1
114.2,1,1,45.5,550.0,20.8,30.9,0,60.0,1.0,construction,5281.0,1,9,316.9,57,2
187.9,0,0,25.3,115.0,8.3,20.7,1,48.0,0.26,food,2461.0,4,4,112.2,80,1
304.3,0,0,11.5,40.0,1.7,29.9,2,84.0,0.13,food,10193.0,4,10,290.5,75,1
286.9,0,0,24.2,215.0,1.2,20.7,2,60.0,0.52,medicine,11200.0,5,10,357.9,64,1
323.2,2,2,52.1,870.0,1.3,18.2,0,60.0,1.0,construction,8429.0,1,6,2033.1,52,2
168.0,0,0,18.8,68.0,11.1,23.5,0,100.0,0.25,food,13998.0,4,9,45.4,70,1
168.5,1,1,38.9,578.0,6.8,21.5,2,13.0,0.04,fuel,9286.0,3,2,469.9,83,2
549.7,0,0,12.6,35.0,10.5,24.4,1,84.0,0.13,agri,6867.0,2,10,312.0,69,1
229.7,1,0,31.4,250.0,29.5,30.5,3,60.0,0.52,construction,11034.0,1,4,1436.5,51,2
250.0,0,0,29.0,408.0,4.5,30.6,1,78.0,0.26,medicine,9598.0,5,5,130.9,74,1
167.7,1,1,48.3,578.0,4.6,32.2,1,13.0,0.04,food,6031.0,4,2,287.0,81,2
501.1,0,0,25.2,422.0,8.9,22.2,1,70.0,1.0,food,5371.0,4,8,601.3,57,1
258.7,1,0,45.2,762.0,4.3,31.2,2,12.0,0.03,medicine,11508.0,5,11,488.1,82,2
272.7,1,0,37.8,502.0,4.7,21.3,1,14.0,0.02,agri,2280.0,2,11,301.5,84,2
180.7,1,0,73.3,1197.0,9.4,35.0,0,36.0,1.0,construction,7835.0,1,4,283.2,53,2
334.9,0,0,10.4,20.0,56.9,29.6,2,100.0,0.5,fuel,9462.0,3,6,1485.1,50,2
374.1,1,1,59.0,961.0,0.1,19.8,1,7.0,0.1,medicine,5676.0,5,1,610.0,81,2
271.4,1,0,23.8,502.0,13.2,29.6,0,100.0,0.25,food,12998.0,4,9,264.6,66,2
260.5,1,0,47.5,762.0,0.4,30.6,0,12.0,0.03,construction,10678.0,1,1,145.7,83,2
219.5,1,0,39.0,250.0,1.3,23.8,1,10.0,0.08,medicine,14527.0,5,2,234.5,82,2
216.5,0,0,37.3,688.0,0.1,30.1,0,13.0,0.04,construction,13865.0,1,12,3.5,91,1
208.5,1,1,69.4,1041.0,40.1,34.7,1,60.0,1.0,food,12789.0,4,7,1126.8,39,2
207.2,1,1,75.0,1041.0,9.6,33.8,1,36.0,1.0,medicine,4520.0,5,4,654.5,51,2
208.3,1,1,76.0,1041.0,4.9,26.6,3,36.0,1.0,medicine,870.0,5,4,1486.1,43,2
218.4,0,0,41.6,688.0,0.0,24.2,0,13.0,0.04,construction,8526.0,1,12,3.3,88,1
164.6,1,1,43.1,578.0,3.2,31.1,0,100.0,0.5,food,9008.0,4,7,240.5,55,2
274.3,0,0,9.2,102.0,0.3,22.1,2,100.0,0.25,fuel,11922.0,3,8,276.7,66,1
283.5,0,0,29.0,215.0,0.8,29.9,2,10.0,0.08,construction,11362.0,1,1,255.4,90,1
196.4,0,0,23.2,115.0,2.5,30.7,2,72.0,0.195,fuel,12421.0,3,4,200.4,70,1
388.9,1,1,65.1,961.0,0.6,19.7,1,7.0,0.1,construction,2590.0,1,3,639.8,79,2
198.3,1,0,66.9,1238.0,19.9,25.4,2,4.0,0.14,construction,14533.0,1,3,521.0,72,2
161.5,1,1,46.6,578.0,1.5,29.8,2,13.0,0.04,agri,6696.0,2,11,415.8,80,2
109.1,1,1,47.2,550.0,2.9,31.9,0,36.0,1.0,agri,1530.0,2,4,222.1,60,2
189.9,1,0,38.4,515.0,0.1,22.5,0,12.0,0.03,general,14332.0,1,1,105.2,84,2
264.0,1,0,43.6,502.0,5.9,33.3,2,84.0,0.13,food,12518.0,4,5,539.0,66,2
456.6,0,1,34.7,594.0,16.3,33.1,2,100.0,0.25,construction,8351.0,1,8,965.1,61,1
202.9,0,0,20.8,115.0,0.1,24.8,1,8.0,0.04,agri,13109.0,2,3,67.7,94,1
143.9,1,0,30.6,488.0,12.3,34.7,2,78.0,0.26,fuel,2829.0,3,5,349.4,58,2
277.6,1,0,45.4,762.0,0.5,25.3,0,12.0,0.03,fuel,2670.0,3,11,155.8,79,2
271.5,1,0,40.5,762.0,0.8,22.0,0,72.0,0.195,fuel,10635.0,3,10,180.0,70,2
134.3,1,0,39.0,488.0,5.8,33.5,0,13.0,0.04,construction,6424.0,1,2,89.7,83,2
384.9,1,1,36.9,574.0,7.5,32.2,2,100.0,0.125,food,14137.0,4,8,1126.6,63,2
465.3,0,0,46.7,422.0,4.8,25.9,0,70.0,1.0,agri,10175.0,2,8,291.4,57,1
177.5,0,0,2.5,68.0,0.6,19.9,1,14.0,0.02,construction,13867.0,1,12,58.9,92,1
209.6,0,0,41.6,688.0,0.1,25.5,1,78.0,0.26,agri,4122.0,2,4,93.6,72,1
144.5,1,1,66.8,1117.0,3.8,35.0,1,18.0,1.0,food,5640.0,4,10,418.0,60,2
201.1,0,0,16.3,115.0,2.8,34.9,1,72.0,0.195,medicine,1176.0,5,10,91.9,75,1
190.1,0,0,17.6,115.0,0.6,30.6,1,8.0,0.04,medicine,6466.0,5,1,64.7,92,1
505.5,0,0,34.5,422.0,0.4,30.1,2,7.0,0.1,fuel,13609.0,3,12,458.3,84,1
295.5,0,0,14.1,40.0,10.7,29.5,3,100.0,0.25,fuel,6821.0,3,7,748.4,60,1
225.4,1,0,37.6,470.0,0.8,30.2,3,80.0,0.5,general,2380.0,1,8,912.1,63,2
571.8,0,0,9.2,35.0,18.6,22.4,2,100.0,0.25,construction,6138.0,1,8,867.6,66,1
217.4,0,0,33.5,688.0,2.7,20.4,1,13.0,0.04,fuel,2969.0,3,2,81.5,90,1
166.6,0,0,15.0,68.0,0.2,27.1,0,14.0,0.02,general,10435.0,1,12,1.6,83,1
199.0,0,0,26.8,115.0,2.8,33.0,0,48.0,0.26,food,509.0,4,4,28.9,83,1
254.0,0,0,44.0,775.0,21.3,20.1,1,24.0,0.91,food,12975.0,4,5,376.0,59,1
318.1,0,0,25.3,202.0,0.8,19.7,2,14.0,0.02,construction,8142.0,1,1,274.5,87,1
320.8,2,2,54.1,870.0,0.3,21.9,2,6.0,0.16,general,6105.0,1,3,2533.5,67,2
378.5,1,1,60.8,961.0,0.2,19.4,2,42.0,0.65,general,10393.0,1,10,1280.3,63,2
94.4,0,0,29.5,790.0,2.4,30.8,0,100.0,0.25,construction,675.0,1,8,12.8,74,1
186.0,1,0,35.1,515.0,0.0,21.9,0,12.0,0.03,construction,13498.0,1,12,102.7,85,2
272.3,0,0,29.8,802.0,40.8,23.9,1,100.0,0.375,general,2379.0,1,6,469.0,57,2
370.6,1,1,61.4,961.0,1.6,27.4,0,7.0,0.1,general,6309.0,1,12,403.5,83,2
178.6,0,0,8.5,68.0,1.2,33.7,1,14.0,0.02,medicine,7823.0,5,11,60.9,91,1
71.3,0,0,39.0,797.0,0.1,24.9,0,8.0,0.04,agri,563.0,2,12,1.2,89,1
397.9,1,1,42.6,574.0,4.8,26.2,2,15.0,0.01,agri,13525.0,2,1,1062.6,81,2
144.2,1,1,55.2,1117.0,0.5,21.2,0,18.0,1.0,general,6964.0,1,5,282.1,62,2
236.2,0,0,36.7,408.0,1.1,25.3,0,13.0,0.04,medicine,1939.0,5,11,6.9,91,1
88.0,0,0,60.3,1438.0,0.6,31.0,3,4.0,0.14,medicine,9715.0,5,12,178.8,78,1
220.9,1,0,30.6,250.0,4.2,31.5,0,10.0,0.08,agri,8868.0,2,11,145.6,86,2
263.7,1,0,40.0,502.0,2.3,28.3,3,14.0,0.02,construction,2836.0,1,2,882.9,75,2
191.8,1,0,55.4,1238.0,8.1,25.8,0,40.0,1.0,fuel,14733.0,3,8,292.7,52,2
313.9,0,0,3.9,40.0,11.0,24.5,0,100.0,0.25,agri,7227.0,2,6,84.2,73,1
264.0,0,0,33.9,802.0,0.3,27.5,0,12.0,0.03,fuel,4079.0,3,11,3.9,92,1
283.0,0,0,18.0,102.0,19.1,28.1,3,100.0,0.25,general,4796.0,1,9,827.3,62,1
233.8,0,0,26.7,408.0,4.5,24.4,1,13.0,0.04,agri,4498.0,2,3,94.8,91,1
200.6,0,0,42.0,688.0,32.1,33.0,0,100.0,0.5,medicine,3244.0,5,9,183.7,61,2
474.8,0,0,31.2,422.0,1.3,20.9,2,7.0,0.1,fuel,2099.0,3,12,439.9,89,1
234.5,0,0,29.3,408.0,2.8,22.5,0,13.0,0.04,food,3882.0,4,12,12.1,89,1
202.8,1,1,71.1,1041.0,13.4,27.4,2,60.0,1.0,agri,813.0,2,6,990.8,42,2
227.3,1,0,34.8,250.0,0.1,31.5,0,10.0,0.08,construction,7116.0,1,11,132.3,86,2
106.5,1,1,45.4,550.0,0.9,26.9,1,6.0,0.16,medicine,12520.0,5,1,182.0,80,2
185.7,1,0,61.5,1238.0,45.2,35.0,0,40.0,1.0,construction,10317.0,1,6,632.7,50,2
286.0,0,0,32.1,215.0,58.3,27.2,3,100.0,1.0,fuel,3070.0,3,9,2705.0,29,2
432.3,0,1,51.0,594.0,12.4,20.9,3,100.0,0.25,general,14789.0,1,8,1543.0,55,1
178.6,1,0,71.3,1197.0,66.1,18.6,0,60.0,1.0,fuel,7856.0,3,8,1119.8,39,3
183.0,1,0,54.7,1238.0,3.6,24.1,0,4.0,0.14,general,14883.0,1,11,125.1,83,2
276.8,0,0,18.6,102.0,23.5,23.0,1,84.0,0.13,construction,3037.0,1,4,242.6,65,1
337.7,0,0,29.6,202.0,1.0,21.2,2,14.0,0.02,construction,7487.0,1,2,292.6,81,1
270.7,0,0,36.0,802.0,1.4,33.5,0,72.0,0.195,medicine,8288.0,5,5,26.2,77,1
557.1,0,0,10.6,35.0,18.8,34.9,2,14.0,0.02,agri,6404.0,2,3,742.2,87,1
432.1,0,1,48.2,594.0,0.4,20.5,0,14.0,0.02,food,2688.0,4,12,142.2,88,1
269.5,0,0,26.1,215.0,2.4,34.9,3,10.0,0.08,food,13290.0,4,3,547.0,83,1
362.2,1,1,41.3,574.0,2.3,29.1,3,15.0,0.01,medicine,1136.0,5,11,1623.2,82,2
175.2,1,0,68.1,1197.0,12.6,25.6,0,60.0,1.0,general,6414.0,1,7,292.6,51,2
188.4,1,0,47.0,515.0,50.4,28.2,2,100.0,0.375,agri,9708.0,2,8,1037.4,45,2
189.9,0,0,22.5,115.0,29.2,30.4,3,80.0,0.5,general,2691.0,1,8,748.2,57,1
98.0,0,0,35.9,790.0,8.8,23.6,2,84.0,0.13,food,14959.0,4,5,110.3,69,1
263.5,0,0,14.1,102.0,1.9,27.4,2,14.0,0.02,food,9134.0,4,1,233.7,87,1
392.3,1,1,35.9,574.0,1.3,21.7,3,15.0,0.01,agri,582.0,2,11,1735.1,73,2
204.5,0,0,22.7,115.0,15.1,34.9,0,48.0,0.26,agri,881.0,2,10,71.0,77,1
194.5,1,1,66.0,1041.0,63.9,18.2,0,60.0,1.0,fuel,1777.0,3,8,1476.2,37,3
393.7,1,1,52.8,574.0,11.3,33.3,1,100.0,0.125,construction,7522.0,1,9,794.0,59,2
403.5,1,1,59.5,961.0,8.7,31.6,1,42.0,0.65,fuel,3395.0,3,5,1027.2,61,2
191.6,1,0,39.1,515.0,10.8,35.0,2,72.0,0.195,food,12739.0,4,5,439.2,60,2
327.6,0,0,15.3,20.0,20.0,23.5,1,78.0,0.26,construction,5425.0,1,4,284.4,71,1
187.7,1,0,56.4,1238.0,39.1,19.1,0,24.0,0.91,medicine,11267.0,5,5,522.3,56,2
191.7,0,0,27.6,115.0,19.2,30.0,1,100.0,0.375,agri,4656.0,2,6,177.9,61,1
399.1,1,1,63.0,961.0,2.7,18.2,2,7.0,0.1,fuel,13300.0,3,3,1073.8,78,2
263.5,1,0,47.2,762.0,0.5,25.1,2,12.0,0.03,fuel,2335.0,3,12,465.9,79,2
182.0,1,0,70.9,1197.0,27.5,28.1,0,6.0,0.16,food,5892.0,4,3,243.3,74,2
199.4,0,0,24.7,115.0,2.4,27.7,0,12.0,0.03,food,2629.0,4,3,8.3,94,1
430.8,0,1,40.4,594.0,1.0,23.8,1,14.0,0.02,agri,5836.0,2,1,316.7,88,1
190.7,1,0,42.6,515.0,8.2,22.8,1,100.0,0.375,agri,13208.0,2,8,284.1,56,2
182.9,1,0,59.9,1238.0,3.0,25.8,0,4.0,0.14,food,10212.0,4,3,122.8,80,2
323.6,0,0,6.3,40.0,0.1,23.6,2,14.0,0.02,agri,6929.0,2,11,274.6,84,1
233.4,0,0,49.7,775.0,5.4,33.0,0,4.0,0.14,agri,3699.0,2,3,30.3,88,1
331.0,0,0,34.1,750.0,6.4,33.8,0,30.0,1.0,food,6068.0,4,9,217.9,67,1
313.8,2,2,49.8,870.0,1.7,24.7,0,6.0,0.16,medicine,854.0,5,2,1355.0,78,2
209.7,1,0,41.2,470.0,1.4,23.7,1,80.0,0.5,food,12861.0,4,8,296.0,62,2
381.5,1,1,54.6,961.0,28.6,24.8,0,70.0,1.0,food,14645.0,4,6,1225.9,40,2
168.7,0,0,11.6,68.0,0.3,23.4,0,14.0,0.02,fuel,9863.0,3,12,1.9,97,1
241.4,1,0,24.4,250.0,5.4,22.8,3,100.0,1.0,general,14732.0,1,6,1325.0,42,2
185.7,1,0,69.6,1197.0,8.3,24.9,3,60.0,1.0,agri,6574.0,2,8,1059.4,41,2
198.1,0,0,13.3,115.0,0.7,25.4,0,72.0,0.195,general,514.0,1,10,17.3,84,1
350.3,0,0,42.9,750.0,36.8,34.5,0,30.0,1.0,general,14990.0,1,6,552.1,63,2
443.9,0,1,46.8,594.0,0.8,29.6,2,14.0,0.02,construction,10437.0,1,12,617.8,81,1
307.3,0,0,18.2,40.0,1.6,30.5,0,14.0,0.02,general,13915.0,1,3,8.7,98,1
442.3,0,1,47.7,594.0,15.8,21.6,0,84.0,0.13,medicine,7929.0,5,5,300.7,68,1
214.6,1,0,32.9,470.0,5.3,22.8,0,48.0,0.26,food,14983.0,4,10,170.8,74,2
329.7,0,0,42.5,750.0,15.8,25.1,1,30.0,1.0,medicine,656.0,5,6,461.5,62,1
207.6,1,1,79.7,1041.0,1.2,33.8,0,6.0,0.16,fuel,11305.0,3,1,233.0,77,2
165.3,1,1,44.9,578.0,2.3,20.0,0,78.0,0.26,fuel,13434.0,3,10,202.9,65,2
138.2,1,0,39.0,488.0,15.9,19.4,3,78.0,0.26,food,12770.0,4,5,622.5,64,2
97.6,0,0,29.7,790.0,3.2,21.3,0,14.0,0.02,fuel,3775.0,3,2,4.8,91,1
347.4,0,0,36.7,750.0,1.0,30.8,2,3.0,0.17,general,12582.0,1,11,336.3,85,1
343.3,0,0,22.8,202.0,9.2,30.8,0,100.0,0.25,construction,1528.0,1,9,81.6,70,1
165.0,1,1,54.8,578.0,12.4,35.0,1,100.0,0.5,agri,3465.0,2,8,412.1,49,2
219.8,1,0,31.3,250.0,1.5,29.9,1,10.0,0.08,general,9175.0,1,1,235.4,86,2
181.5,1,0,66.8,1238.0,1.8,18.4,0,40.0,1.0,food,9285.0,4,7,244.6,54,2
141.9,1,1,60.7,1117.0,26.7,31.6,0,30.0,1.0,construction,12237.0,1,6,439.7,57,2
184.0,1,0,66.0,1238.0,0.6,21.1,1,4.0,0.14,agri,6526.0,2,1,201.4,81,2
235.2,0,0,44.5,775.0,46.9,26.6,0,40.0,1.0,agri,2422.0,2,6,496.5,48,2
336.8,0,0,41.4,750.0,2.9,22.2,1,30.0,1.0,medicine,10497.0,5,9,353.5,67,1
250.8,0,0,28.5,408.0,0.1,32.2,0,13.0,0.04,construction,7494.0,1,12,4.1,93,1
198.7,0,0,17.4,115.0,3.9,27.1,2,80.0,0.5,agri,13107.0,2,8,258.5,71,1
264.2,1,0,50.8,762.0,2.5,19.3,1,12.0,0.03,construction,2311.0,1,12,279.8,84,2
188.6,0,0,25.9,115.0,6.1,32.8,1,8.0,0.04,fuel,3442.0,3,3,81.9,93,1
327.6,0,0,23.6,202.0,4.3,27.1,1,14.0,0.02,food,13887.0,4,3,128.5,91,1
297.5,2,2,63.3,870.0,15.4,25.8,0,60.0,1.0,fuel,1423.0,3,8,2243.9,43,2
81.3,0,0,53.0,1438.0,0.1,25.0,1,4.0,0.14,fuel,10463.0,3,2,31.1,87,1
72.2,0,0,37.2,797.0,1.8,29.6,1,8.0,0.04,medicine,14679.0,5,2,26.0,87,1
193.6,0,0,20.5,115.0,0.6,25.9,0,8.0,0.04,agri,2261.0,2,11,4.5,92,1
194.3,0,0,21.0,115.0,0.0,24.8,0,8.0,0.04,fuel,7657.0,3,3,3.0,90,1
387.5,1,1,66.1,961.0,0.2,29.9,1,7.0,0.1,fuel,7283.0,3,12,632.4,82,2
190.0,1,0,56.9,515.0,3.9,24.7,1,72.0,0.195,food,10813.0,4,4,231.2,64,2
73.1,0,0,36.0,797.0,4.8,24.4,2,48.0,0.26,fuel,10597.0,3,5,82.1,79,1
291.2,0,0,29.3,215.0,2.3,34.5,0,10.0,0.08,agri,1261.0,2,1,17.6,91,1
312.5,2,2,58.1,870.0,90.3,25.1,1,60.0,1.0,fuel,5070.0,3,8,3358.9,21,3
398.4,1,1,57.5,961.0,22.2,33.2,0,42.0,0.65,medicine,6221.0,5,4,921.2,55,2
168.0,0,0,14.4,68.0,5.2,24.2,0,14.0,0.02,agri,8019.0,2,3,12.8,98,1
304.6,2,2,50.3,870.0,1.9,19.6,0,6.0,0.16,general,8514.0,1,11,1318.7,79,2
488.8,0,0,32.2,422.0,1.0,19.2,0,7.0,0.1,general,7908.0,1,2,25.3,94,1
180.0,1,0,70.5,1197.0,1.6,28.3,0,60.0,1.0,food,13003.0,4,7,241.4,54,2
275.6,0,0,40.1,215.0,2.7,19.2,0,10.0,0.08,general,11685.0,1,12,18.2,88,1
212.7,0,0,32.0,688.0,0.0,28.3,3,13.0,0.04,medicine,13509.0,5,1,407.0,84,1
107.7,1,1,50.7,550.0,17.1,23.4,1,60.0,1.0,medicine,6250.0,5,8,383.5,46,2
198.3,1,0,54.1,1238.0,3.8,25.9,0,24.0,0.91,construction,14015.0,1,10,258.3,65,2
147.6,1,1,62.3,1117.0,18.6,22.6,0,18.0,1.0,general,2827.0,1,5,394.0,57,2
485.5,0,0,38.3,422.0,0.3,20.7,2,7.0,0.1,medicine,10664.0,5,12,439.0,86,1
181.3,1,0,53.0,1238.0,2.3,19.2,0,40.0,1.0,general,8183.0,1,9,246.6,56,2
95.8,0,0,38.4,790.0,16.0,18.1,3,84.0,0.13,food,3532.0,4,5,251.2,66,1
283.4,1,0,42.0,502.0,5.3,30.4,1,14.0,0.02,agri,9495.0,2,3,318.0,75,2
398.0,1,1,54.4,961.0,0.1,24.0,0,7.0,0.1,food,2514.0,4,12,418.8,81,2
241.7,0,0,32.6,775.0,3.0,19.1,1,4.0,0.14,medicine,8181.0,5,3,104.3,89,1
115.3,1,1,44.1,550.0,30.3,27.8,0,60.0,1.0,construction,10508.0,1,6,383.4,49,2
235.2,0,0,40.4,775.0,0.2,30.7,3,4.0,0.14,agri,5089.0,2,1,474.8,78,1
174.9,1,0,58.3,1197.0,1.7,20.2,2,60.0,1.0,general,13119.0,1,9,537.8,46,2
277.7,0,0,14.0,102.0,8.2,19.7,0,100.0,0.25,food,12716.0,4,9,61.5,75,1
265.6,0,0,33.6,802.0,0.5,32.8,0,12.0,0.03,fuel,8905.0,3,2,4.7,93,1
271.2,1,0,47.0,762.0,0.7,28.1,0,100.0,0.375,agri,11195.0,2,9,210.3,57,2
205.9,1,1,67.5,1041.0,0.6,30.2,0,6.0,0.16,agri,1833.0,2,11,228.2,83,2
110.8,1,1,51.9,550.0,7.6,32.0,0,6.0,0.16,general,2864.0,1,11,142.8,73,2
189.7,1,0,60.6,1238.0,1.6,26.9,1,4.0,0.14,fuel,2356.0,3,2,212.2,80,2
257.2,0,0,36.8,775.0,6.5,32.9,1,4.0,0.14,medicine,3314.0,5,3,127.2,78,1
193.6,1,0,41.1,515.0,23.8,20.8,0,100.0,0.375,agri,9546.0,2,9,269.2,54,2
193.7,1,0,65.4,1238.0,7.5,31.9,2,40.0,1.0,construction,13094.0,1,8,648.5,50,2
80.9,0,0,62.3,1438.0,1.2,19.5,1,4.0,0.14,medicine,12821.0,5,3,32.5,83,1
235.9,0,0,40.9,408.0,1.8,33.2,0,13.0,0.04,fuel,14258.0,3,3,9.1,88,1
141.0,1,0,46.2,488.0,12.5,19.5,2,78.0,0.26,fuel,1179.0,3,4,344.2,58,2
372.5,1,1,37.5,574.0,7.4,20.9,0,100.0,0.125,general,10118.0,1,9,467.1,66,2
439.2,0,1,45.3,594.0,24.1,34.3,0,100.0,0.25,construction,6510.0,1,7,429.1,60,1
257.4,0,0,22.1,102.0,0.3,23.4,2,14.0,0.02,food,14597.0,4,2,219.4,87,1
99.0,0,0,27.7,790.0,4.4,23.6,1,100.0,0.25,agri,8197.0,2,8,51.1,63,1
306.4,2,2,56.0,870.0,0.2,18.4,2,6.0,0.16,agri,2131.0,2,12,2415.7,71,2
194.3,1,0,41.6,515.0,7.3,19.2,0,100.0,0.375,fuel,13473.0,3,8,178.8,63,2
362.7,1,1,36.4,574.0,4.2,30.8,0,100.0,0.125,food,12942.0,4,6,424.4,68,2
304.2,2,2,59.5,870.0,0.4,26.8,1,6.0,0.16,general,11289.0,1,1,1709.3,78,2
460.5,0,1,44.8,594.0,1.9,20.4,1,84.0,0.13,food,8812.0,4,4,378.2,72,1
199.8,0,0,11.4,115.0,1.0,33.6,1,12.0,0.03,food,6528.0,4,12,68.5,90,1
312.9,2,2,67.1,870.0,2.7,20.6,2,6.0,0.16,food,7653.0,4,3,2542.1,68,2
183.6,1,0,48.4,515.0,1.1,31.4,1,12.0,0.03,construction,3998.0,1,2,188.7,79,2
453.0,0,1,40.2,594.0,0.2,26.9,2,14.0,0.02,medicine,11299.0,5,2,622.9,99,1
496.0,0,0,22.2,422.0,7.9,28.7,1,70.0,1.0,medicine,14235.0,5,7,582.2,63,1
162.8,1,1,41.0,578.0,6.2,18.9,1,13.0,0.04,medicine,2403.0,5,2,286.9,78,2
238.8,1,0,36.2,250.0,9.7,29.1,2,60.0,0.52,medicine,7740.0,5,10,634.4,59,2
494.8,0,0,28.7,422.0,1.5,28.0,0,7.0,0.1,agri,5682.0,2,2,28.9,85,1
316.1,0,0,25.6,40.0,6.6,34.4,0,14.0,0.02,agri,10582.0,2,2,30.5,94,1
167.5,0,0,12.1,68.0,0.7,29.4,2,14.0,0.02,medicine,5000.0,5,2,144.2,89,1
229.5,0,0,36.7,408.0,0.4,22.3,0,78.0,0.26,food,12168.0,4,10,25.6,71,1
261.2,0,0,40.6,802.0,0.9,29.7,3,12.0,0.03,agri,3814.0,2,11,504.8,88,1
97.9,0,0,26.7,790.0,4.7,19.3,0,14.0,0.02,food,7153.0,4,2,6.7,93,1
111.2,1,1,47.8,550.0,1.7,23.1,1,36.0,1.0,agri,11852.0,2,10,312.1,57,2
241.7,0,0,35.5,775.0,1.4,25.7,2,4.0,0.14,fuel,14837.0,3,3,231.0,89,1
201.0,0,0,34.2,688.0,0.6,20.5,2,100.0,0.5,fuel,836.0,3,9,244.5,58,1
265.0,0,0,21.6,102.0,0.4,33.8,3,14.0,0.02,fuel,7708.0,3,2,505.6,86,1
170.4,0,0,14.2,68.0,2.3,21.8,1,100.0,0.25,food,10146.0,4,9,81.7,68,1
165.8,1,1,47.2,578.0,20.2,27.1,3,78.0,0.26,food,1371.0,4,5,1050.6,53,2
173.1,0,0,11.5,68.0,0.5,20.5,2,14.0,0.02,medicine,10229.0,5,12,148.2,92,1
242.4,0,0,39.0,408.0,2.8,21.8,0,100.0,0.5,general,11442.0,1,9,63.8,62,1
482.1,0,0,33.7,422.0,20.3,34.6,1,70.0,1.0,general,12351.0,1,6,747.2,52,1
274.1,0,0,35.3,802.0,8.3,21.9,3,100.0,0.375,general,11202.0,1,8,709.3,55,1
540.5,0,0,7.5,35.0,6.3,31.1,0,14.0,0.02,agri,11997.0,2,3,49.9,96,1
77.2,0,0,48.3,797.0,24.2,28.3,0,80.0,0.5,food,12216.0,4,7,53.2,55,1
227.4,1,0,29.9,250.0,16.5,24.5,1,60.0,0.52,construction,9425.0,1,4,436.0,64,2
421.1,0,1,49.7,594.0,46.9,27.8,2,100.0,0.25,medicine,8073.0,5,6,1706.0,50,2
406.7,1,1,54.0,961.0,0.1,19.9,1,7.0,0.1,fuel,5257.0,3,2,662.8,84,2
188.2,1,0,35.3,515.0,25.9,28.1,0,100.0,0.375,agri,12727.0,2,8,275.6,52,2
171.5,1,0,61.3,1197.0,3.9,33.4,0,60.0,1.0,general,13008.0,1,9,241.0,54,2
322.2,0,0,17.4,40.0,0.6,25.1,2,14.0,0.02,agri,8017.0,2,2,276.9,90,1
291.5,0,0,29.2,215.0,1.1,20.7,2,10.0,0.08,construction,1677.0,1,2,264.7,92,1
186.2,1,0,68.0,1197.0,7.6,29.1,2,60.0,1.0,fuel,5847.0,3,8,624.3,44,2
301.2,2,2,51.8,870.0,1.5,32.2,0,6.0,0.16,construction,14262.0,1,11,1297.1,74,2
138.0,1,0,37.9,488.0,0.0,31.3,3,100.0,0.5,construction,9317.0,1,9,552.8,52,2
180.0,1,0,63.4,1197.0,12.0,33.3,0,60.0,1.0,food,11507.0,4,7,297.1,47,2
272.6,0,0,24.6,102.0,14.9,21.7,0,100.0,0.25,general,12120.0,1,8,92.0,69,1
187.1,1,0,62.4,1238.0,6.2,18.6,3,4.0,0.14,medicine,4585.0,5,3,696.2,72,2
278.4,0,0,17.6,215.0,0.1,32.8,0,10.0,0.08,medicine,14228.0,5,11,9.0,97,1
215.6,1,0,40.9,470.0,4.7,24.0,3,80.0,0.5,fuel,12922.0,3,8,918.7,49,2
328.7,0,0,20.7,202.0,3.8,25.2,3,14.0,0.02,food,2442.0,4,2,663.1,81,1
220.6,1,0,36.5,470.0,43.9,26.7,2,80.0,0.5,general,6861.0,1,7,1102.0,44,2
546.3,0,0,7.8,35.0,0.6,27.9,2,14.0,0.02,food,8706.0,4,12,468.8,92,1
264.6,0,0,11.9,102.0,5.5,24.1,3,100.0,0.25,food,8836.0,4,6,615.6,66,1
88.6,0,0,52.5,1438.0,0.4,23.8,1,24.0,0.91,fuel,12663.0,3,4,80.4,66,1
217.6,1,0,38.1,470.0,2.6,23.9,1,8.0,0.04,food,6684.0,4,2,232.6,84,2
151.1,1,1,52.9,1117.0,0.7,30.0,2,3.0,0.17,construction,9313.0,1,12,407.3,76,2
110.0,1,1,43.4,550.0,1.0,21.5,1,6.0,0.16,fuel,12222.0,3,12,188.1,83,2
111.0,1,1,51.1,550.0,1.6,33.8,0,6.0,0.16,construction,1507.0,1,11,125.8,91,2
232.9,0,0,42.5,775.0,47.3,24.9,1,40.0,1.0,general,9338.0,1,8,696.0,50,2
210.6,1,0,32.9,470.0,25.3,20.8,1,80.0,0.5,fuel,3658.0,3,8,476.9,52,2
111.9,1,1,49.1,550.0,0.5,20.5,2,6.0,0.16,construction,14547.0,1,3,299.6,77,2
558.3,0,0,4.9,35.0,2.4,28.6,1,14.0,0.02,agri,6098.0,2,2,201.6,94,1
278.4,0,0,24.7,215.0,15.0,20.2,3,100.0,1.0,food,2219.0,4,8,1114.3,44,1
185.4,1,0,38.4,515.0,3.0,26.2,0,12.0,0.03,medicine,3403.0,5,1,112.7,82,2
257.9,1,0,47.4,502.0,1.2,31.7,0,14.0,0.02,construction,5486.0,1,2,146.8,88,2
101.4,0,0,39.8,790.0,0.3,32.6,0,14.0,0.02,construction,5413.0,1,3,1.2,90,1
205.0,1,1,70.8,1041.0,7.7,21.9,2,6.0,0.16,agri,14433.0,2,3,611.6,70,2
544.8,0,0,7.3,35.0,0.1,28.2,1,14.0,0.02,general,1435.0,1,2,175.9,88,1
379.5,1,1,36.0,574.0,10.3,30.1,0,100.0,0.125,construction,4140.0,1,8,506.4,65,2
162.6,1,1,52.2,578.0,13.2,34.9,1,78.0,0.26,general,5032.0,1,5,363.6,65,2
291.5,0,0,32.4,215.0,70.3,26.4,0,100.0,1.0,fuel,11601.0,3,8,1370.8,35,3
330.2,0,0,4.8,20.0,1.8,34.6,1,100.0,0.5,agri,6589.0,2,9,205.1,66,1
95.1,0,0,32.5,790.0,0.8,29.3,0,14.0,0.02,construction,11368.0,1,1,1.7,90,1
446.2,0,1,43.8,594.0,1.2,34.4,2,100.0,0.25,construction,11924.0,1,7,713.2,62,1
190.7,1,1,66.0,1041.0,59.2,33.6,0,60.0,1.0,construction,8648.0,1,7,1252.8,46,2
386.5,1,1,59.2,961.0,1.8,24.9,0,7.0,0.1,medicine,2526.0,5,1,422.3,82,2
257.7,0,0,41.5,802.0,8.0,31.5,1,100.0,0.375,general,5425.0,1,9,170.8,67,1
305.7,2,2,60.6,870.0,0.4,30.1,1,6.0,0.16,food,11852.0,4,12,1716.5,73,2
284.8,0,0,24.9,215.0,15.8,30.2,0,100.0,1.0,food,3744.0,4,7,248.2,54,1
308.5,2,2,62.4,870.0,2.2,23.9,1,6.0,0.16,construction,8264.0,1,12,1770.9,71,2
290.1,0,0,26.8,215.0,1.9,29.6,3,10.0,0.08,fuel,14574.0,3,2,583.9,76,1
289.8,0,0,23.0,215.0,0.7,34.4,2,10.0,0.08,fuel,740.0,3,11,260.7,92,1
467.8,0,0,31.1,422.0,23.4,29.0,3,70.0,1.0,fuel,9658.0,3,8,2140.6,41,1
262.3,1,0,42.3,762.0,1.3,23.0,1,100.0,0.375,medicine,7730.0,5,9,340.6,59,2
223.3,1,0,35.7,470.0,8.3,29.8,3,48.0,0.26,construction,14262.0,1,5,899.8,64,2
77.3,0,0,51.9,797.0,11.0,31.9,1,48.0,0.26,general,2448.0,1,10,50.7,73,1
242.3,0,0,30.5,775.0,43.7,24.0,0,24.0,0.91,agri,2227.0,2,5,437.8,57,2
261.7,1,0,43.1,502.0,2.6,19.1,1,14.0,0.02,fuel,5929.0,3,1,276.4,86,2
301.0,0,0,14.8,40.0,4.6,31.8,0,14.0,0.02,agri,2938.0,2,3,20.5,90,1
250.7,0,0,47.5,775.0,0.7,21.7,0,4.0,0.14,fuel,1627.0,3,12,16.0,86,1
97.0,0,0,32.6,790.0,1.3,22.9,0,14.0,0.02,agri,2311.0,2,11,2.3,92,1
73.3,0,0,44.8,797.0,0.1,22.6,1,8.0,0.04,construction,4487.0,1,2,24.4,80,1
245.6,0,0,37.4,775.0,13.8,23.4,0,40.0,1.0,construction,14236.0,1,6,201.6,66,1
253.5,0,0,29.2,775.0,7.1,29.8,1,4.0,0.14,general,14722.0,1,1,128.3,85,1
212.7,0,0,43.2,688.0,18.8,23.6,2,78.0,0.26,food,14730.0,4,4,325.8,62,1
318.5,2,2,58.1,870.0,3.6,27.0,0,36.0,1.0,medicine,6816.0,5,10,2059.5,55,2
270.4,0,0,17.4,102.0,1.0,30.6,2,84.0,0.13,medicine,7280.0,5,5,254.3,70,1
87.9,0,0,59.3,1438.0,1.8,34.3,0,4.0,0.14,medicine,14779.0,5,3,7.0,88,1
200.0,1,1,57.2,1041.0,6.0,26.6,0,6.0,0.16,construction,8239.0,1,1,249.1,76,2
144.3,1,1,62.1,1117.0,0.2,22.4,1,18.0,1.0,fuel,11573.0,3,10,395.8,58,2
203.9,0,0,15.2,115.0,9.3,34.7,1,48.0,0.26,medicine,7327.0,5,5,125.9,76,1
504.2,0,0,31.2,422.0,3.0,23.0,0,42.0,0.65,medicine,8864.0,5,10,176.5,78,1
208.2,1,1,66.3,1041.0,46.2,28.0,1,60.0,1.0,fuel,11405.0,3,7,1283.2,38,2
73.0,0,0,49.9,797.0,3.8,33.8,0,80.0,0.5,fuel,2601.0,3,6,20.3,68,1
528.2,0,0,6.3,35.0,15.2,20.0,2,100.0,0.25,medicine,14089.0,5,8,742.1,58,1
249.5,0,0,38.0,408.0,1.1,20.9,0,100.0,0.5,construction,7780.0,1,6,59.3,67,1
236.5,1,0,24.8,250.0,0.5,32.8,2,10.0,0.08,agri,11844.0,2,11,428.8,85,2
276.5,1,0,45.5,762.0,1.9,29.7,2,72.0,0.195,agri,546.0,2,10,545.1,71,2
185.9,1,0,61.3,1238.0,17.0,21.0,1,40.0,1.0,food,12313.0,4,7,481.7,52,2
278.6,0,0,22.7,215.0,1.5,18.0,1,10.0,0.08,medicine,7446.0,5,11,104.6,89,1
235.2,0,0,34.2,408.0,7.8,21.6,1,78.0,0.26,agri,4888.0,2,5,138.2,72,1
282.6,1,0,39.8,502.0,3.3,28.0,2,84.0,0.13,fuel,3526.0,3,5,552.2,63,2
213.0,1,0,39.9,470.0,2.6,23.8,0,48.0,0.26,fuel,13223.0,3,4,157.3,77,2
323.3,0,0,26.9,202.0,4.2,34.2,0,14.0,0.02,fuel,4265.0,3,12,20.3,87,1
556.1,0,0,9.0,35.0,0.2,34.5,1,84.0,0.13,agri,7259.0,2,10,210.7,78,1
114.2,1,1,34.5,550.0,3.5,22.7,3,6.0,0.16,fuel,3042.0,3,2,551.0,72,2
364.4,1,1,41.7,574.0,39.3,33.2,1,100.0,0.125,construction,8669.0,1,8,1284.2,56,2
229.7,0,0,36.4,408.0,17.5,18.2,0,100.0,0.5,medicine,14127.0,5,6,122.5,59,1
302.3,2,2,57.5,870.0,5.7,28.7,2,60.0,1.0,agri,1083.0,2,9,3249.2,47,2
151.1,1,1,65.8,1117.0,0.3,33.0,1,3.0,0.17,fuel,3051.0,3,11,256.9,77,2
208.4,1,1,70.1,1041.0,2.8,22.2,2,36.0,1.0,construction,2639.0,1,4,879.0,46,2
216.0,1,0,33.3,470.0,11.1,32.6,0,48.0,0.26,fuel,10791.0,3,5,200.8,77,2
241.3,1,0,44.6,250.0,27.0,18.3,1,100.0,1.0,general,10936.0,1,8,752.7,38,2
271.6,0,0,29.8,802.0,0.3,34.0,0,12.0,0.03,general,13868.0,1,1,4.3,94,1
394.7,1,1,47.4,574.0,2.2,18.7,1,15.0,0.01,fuel,10901.0,3,3,635.9,86,2
266.5,0,0,33.1,215.0,1.0,24.1,2,60.0,0.52,general,12347.0,1,4,331.5,68,1
396.5,1,1,59.0,961.0,11.2,22.6,3,42.0,0.65,general,14830.0,1,5,2598.3,51,2
149.3,1,1,59.3,1117.0,4.5,26.8,0,18.0,1.0,general,12894.0,1,10,312.0,62,2
260.5,1,0,37.4,502.0,31.5,26.6,2,100.0,0.25,food,7502.0,4,9,898.3,52,2
192.4,1,0,54.6,1238.0,13.6,34.4,3,40.0,1.0,food,4763.0,4,8,1179.6,50,2
207.3,0,0,34.0,688.0,0.5,33.3,3,13.0,0.04,general,12180.0,1,3,399.7,81,1
298.9,2,2,67.3,870.0,36.7,33.5,1,60.0,1.0,construction,10618.0,1,7,3212.9,37,2
190.7,1,1,64.1,1041.0,4.3,18.6,2,6.0,0.16,general,5048.0,1,2,540.4,74,2
238.9,0,0,41.4,408.0,12.3,31.1,0,100.0,0.5,agri,3278.0,2,7,102.1,60,1
180.9,1,0,61.5,1197.0,5.9,19.3,2,6.0,0.16,food,1543.0,4,11,374.8,79,2
310.3,0,0,9.2,20.0,0.6,28.7,3,13.0,0.04,fuel,5445.0,3,11,599.8,88,1
214.5,0,0,40.7,688.0,16.3,21.8,0,100.0,0.5,food,9035.0,4,7,108.9,60,1
429.3,0,1,41.3,594.0,4.2,23.3,0,14.0,0.02,food,4393.0,4,3,167.9,91,1
95.0,0,0,29.6,790.0,5.1,21.5,2,84.0,0.13,agri,8888.0,2,4,98.3,72,1
409.0,1,1,59.5,961.0,121.7,32.8,2,70.0,1.0,fuel,14372.0,3,8,4396.4,30,3
138.1,1,1,52.9,1117.0,14.7,21.7,1,30.0,1.0,general,8489.0,1,7,472.4,62,2
324.3,0,0,11.8,40.0,5.8,32.4,1,84.0,0.13,food,4542.0,4,4,154.3,69,1
108.7,1,1,38.0,550.0,4.6,27.9,0,6.0,0.16,medicine,9368.0,5,3,131.2,87,2
308.3,0,0,12.7,20.0,3.6,18.7,0,78.0,0.26,general,4058.0,1,5,48.2,76,1
274.2,0,0,37.4,802.0,0.1,25.4,0,12.0,0.03,medicine,1551.0,5,11,3.4,90,1
293.8,0,0,33.7,215.0,3.8,25.9,0,10.0,0.08,medicine,3401.0,5,1,23.7,94,1
329.0,0,0,37.2,202.0,38.4,18.2,1,100.0,0.25,fuel,1348.0,3,6,491.2,56,2
307.5,2,2,59.4,870.0,2.6,19.1,1,6.0,0.16,construction,2847.0,1,2,1775.2,70,2
190.7,1,0,56.9,1238.0,4.3,18.3,0,4.0,0.14,general,2684.0,1,11,133.0,82,2
327.5,0,0,19.7,202.0,29.2,22.8,0,100.0,0.25,general,7957.0,1,7,215.5,70,1
195.7,1,0,45.5,515.0,12.1,32.4,0,72.0,0.195,medicine,11207.0,5,4,177.8,64,2
240.3,1,0,39.2,250.0,0.0,25.5,0,10.0,0.08,fuel,14597.0,3,2,139.5,88,2
384.4,1,1,42.6,574.0,2.1,18.3,1,90.0,0.065,construction,10460.0,1,5,636.9,62,2
326.5,0,0,30.7,202.0,10.7,34.6,3,84.0,0.13,fuel,10451.0,3,4,780.8,62,1
448.0,0,1,52.4,594.0,4.0,27.1,3,100.0,0.25,agri,988.0,2,6,1410.9,60,1
70.8,0,0,49.1,797.0,0.1,30.6,0,8.0,0.04,general,7131.0,1,12,1.1,87,1
204.0,0,0,39.5,688.0,44.2,28.0,0,100.0,0.5,food,2978.0,4,7,283.0,54,2
204.5,0,0,16.4,115.0,2.6,18.8,0,12.0,0.03,food,2734.0,4,2,9.3,98,1
248.2,0,0,29.7,408.0,0.8,22.9,1,78.0,0.26,construction,670.0,1,5,113.8,70,1
191.1,0,0,17.9,115.0,24.3,23.3,1,48.0,0.26,fuel,12226.0,3,5,189.0,67,1
261.6,1,0,36.3,502.0,32.5,30.9,0,100.0,0.25,fuel,9113.0,3,8,421.6,56,2
196.9,1,0,61.3,1238.0,0.8,21.6,2,4.0,0.14,medicine,3002.0,5,12,370.3,75,2
190.6,1,1,74.5,1041.0,7.9,27.9,1,60.0,1.0,construction,2108.0,1,9,586.3,48,2
493.9,0,0,29.1,422.0,5.0,33.4,2,7.0,0.1,food,12841.0,4,11,498.9,88,1
112.0,1,1,39.6,550.0,1.4,34.2,0,6.0,0.16,agri,9889.0,2,3,126.4,83,2
482.0,0,0,34.2,422.0,0.1,30.6,0,7.0,0.1,agri,10502.0,2,12,19.0,94,1
294.8,2,2,55.7,870.0,0.7,24.8,0,6.0,0.16,general,5609.0,1,1,1256.3,79,2
310.0,0,0,12.7,40.0,2.1,34.0,0,14.0,0.02,general,11939.0,1,12,10.9,92,1
256.7,1,0,36.8,502.0,0.1,27.1,0,14.0,0.02,general,4476.0,1,12,140.7,85,2
210.2,0,0,42.1,688.0,47.7,20.1,2,78.0,0.26,fuel,6217.0,3,5,646.1,55,2
75.5,0,0,47.7,797.0,0.8,30.1,1,48.0,0.26,general,3216.0,1,5,34.6,76,1
192.5,1,0,60.2,1238.0,1.6,29.1,1,4.0,0.14,medicine,3509.0,5,11,215.1,77,2
203.9,0,0,44.4,688.0,6.3,30.1,0,100.0,0.5,construction,13725.0,1,8,65.0,62,1
179.3,0,0,8.0,68.0,9.0,19.6,0,100.0,0.25,agri,12199.0,2,7,42.3,67,1
303.0,2,2,47.7,870.0,1.2,25.0,1,6.0,0.16,food,12310.0,4,2,1718.8,70,2
319.9,2,2,56.1,870.0,16.0,19.7,0,36.0,1.0,food,14244.0,4,4,2434.0,50,2
350.9,0,0,48.0,750.0,1.2,32.9,0,3.0,0.17,agri,2923.0,2,11,29.3,90,1
200.1,0,0,14.7,115.0,0.5,20.3,3,8.0,0.04,agri,10620.0,2,1,386.2,83,1
331.0,0,0,30.6,202.0,55.0,33.4,1,100.0,0.25,construction,3841.0,1,8,827.7,54,2
189.8,0,0,26.4,115.0,15.3,26.5,0,80.0,0.5,general,1284.0,1,6,92.2,69,1
145.5,1,1,70.8,1117.0,0.5,28.8,0,3.0,0.17,food,9778.0,4,2,162.0,83,2
330.5,0,0,6.2,20.0,82.5,32.3,1,100.0,0.5,medicine,14096.0,5,9,1612.2,47,3
237.9,0,0,33.5,775.0,6.5,20.5,0,40.0,1.0,fuel,13187.0,3,7,157.0,69,1
201.2,1,1,68.1,1041.0,8.8,23.8,0,60.0,1.0,general,8445.0,1,8,452.2,44,2
100.7,0,0,39.7,790.0,1.6,23.0,0,14.0,0.02,general,1635.0,1,1,2.8,90,1
271.5,0,0,38.8,802.0,1.4,21.6,3,12.0,0.03,construction,2950.0,1,11,528.8,87,1
194.8,1,0,29.3,515.0,0.1,27.6,2,12.0,0.03,construction,563.0,1,1,342.2,85,2
168.3,1,1,48.1,578.0,0.4,30.6,0,13.0,0.04,agri,9641.0,2,11,171.5,85,2
190.3,1,1,78.7,1041.0,11.3,30.3,0,36.0,1.0,medicine,8166.0,5,10,446.2,53,2
430.8,0,1,44.6,594.0,13.0,32.6,0,14.0,0.02,food,13563.0,4,3,239.5,87,1
373.4,1,1,42.1,574.0,1.1,30.5,2,15.0,0.01,general,3418.0,1,12,942.1,76,2
189.7,1,0,36.4,515.0,3.8,20.7,0,72.0,0.195,general,8595.0,1,10,137.0,73,2
193.3,0,0,8.8,115.0,35.6,33.0,0,80.0,0.5,construction,4380.0,1,6,199.8,62,2
487.2,0,0,30.5,422.0,1.0,23.3,0,7.0,0.1,food,10669.0,4,12,25.1,87,1
320.6,0,0,11.4,20.0,3.0,23.1,2,13.0,0.04,general,11067.0,1,3,296.3,91,1
192.1,1,1,77.1,1041.0,24.9,29.6,2,36.0,1.0,food,10944.0,4,5,1119.8,48,2
335.3,0,0,27.9,202.0,26.2,27.8,0,100.0,0.25,agri,5815.0,2,7,194.5,63,1
276.2,0,0,36.0,802.0,9.5,18.4,3,100.0,0.375,construction,8502.0,1,7,729.0,55,1
140.1,1,0,34.6,488.0,0.7,22.4,0,13.0,0.04,medicine,10907.0,5,1,79.8,85,2
145.5,1,0,43.1,488.0,7.3,28.5,2,13.0,0.04,construction,11025.0,1,2,290.9,75,2
175.6,1,1,47.9,578.0,16.5,29.8,0,78.0,0.26,general,13621.0,1,5,289.7,62,2
260.0,1,0,45.2,762.0,0.2,32.1,1,12.0,0.03,construction,10160.0,1,1,261.8,81,2
143.0,1,1,57.9,1117.0,0.3,32.1,1,18.0,1.0,agri,7493.0,2,10,393.0,56,2
189.1,0,0,20.9,115.0,0.3,20.1,0,12.0,0.03,agri,9236.0,2,2,2.9,90,1
274.3,1,0,36.9,762.0,0.2,31.6,0,72.0,0.195,medicine,13822.0,5,10,178.4,69,2
168.2,0,0,13.3,68.0,1.5,27.3,2,14.0,0.02,fuel,11030.0,3,12,147.5,87,1
144.8,1,1,64.4,1117.0,32.9,20.0,1,30.0,1.0,general,10290.0,1,8,679.1,50,2
281.7,0,0,25.5,215.0,1.2,27.7,0,10.0,0.08,food,2282.0,4,2,13.1,87,1
235.7,0,0,30.4,408.0,16.8,24.5,1,78.0,0.26,agri,2165.0,2,4,185.6,69,1
173.5,1,0,66.8,1197.0,1.0,28.3,2,6.0,0.16,construction,3026.0,1,12,330.8,70,2
70.4,0,0,47.8,797.0,3.4,18.9,1,8.0,0.04,construction,6735.0,1,3,27.2,87,1
241.8,0,0,28.2,408.0,0.5,33.8,1,78.0,0.26,food,2432.0,4,10,109.6,73,1
171.3,1,0,61.2,1197.0,1.0,29.0,1,6.0,0.16,general,1319.0,1,12,191.6,79,2
169.8,1,1,48.5,578.0,17.8,29.1,0,100.0,0.5,food,1211.0,4,7,330.0,54,2
201.6,0,0,15.6,115.0,2.2,31.8,2,8.0,0.04,medicine,13772.0,5,3,182.4,84,1
172.6,1,0,62.1,1197.0,27.7,31.5,0,36.0,1.0,food,728.0,4,5,393.0,47,2
339.2,0,0,42.2,750.0,0.8,21.3,1,18.0,1.0,agri,3218.0,2,4,339.0,70,1
402.8,1,1,67.1,961.0,3.6,26.9,0,7.0,0.1,medicine,4427.0,5,2,458.5,83,2
464.0,0,0,29.4,422.0,0.0,20.7,3,7.0,0.1,agri,9161.0,2,3,915.2,86,1
209.4,1,0,35.4,470.0,0.9,21.7,1,8.0,0.04,food,9880.0,4,11,215.5,84,2
71.9,0,0,46.1,797.0,0.9,19.5,3,8.0,0.04,construction,11398.0,1,12,139.7,82,1
309.1,0,0,7.7,20.0,1.1,20.7,0,13.0,0.04,medicine,7420.0,5,2,9.1,97,1
272.8,1,0,42.4,502.0,1.6,27.4,0,14.0,0.02,agri,7261.0,2,1,157.0,83,2
215.8,0,0,41.6,688.0,1.2,30.0,0,100.0,0.5,agri,3112.0,2,8,51.5,66,1
305.1,0,0,8.4,40.0,0.4,34.4,3,14.0,0.02,agri,11239.0,2,1,581.5,90,1
225.0,1,0,32.6,250.0,2.6,21.4,2,60.0,0.52,construction,5524.0,1,10,533.7,63,2
321.2,2,2,56.3,870.0,1.4,34.7,2,60.0,1.0,general,11408.0,1,7,3452.8,45,2
197.6,1,0,61.8,1238.0,1.6,25.9,0,4.0,0.14,fuel,12763.0,3,3,127.4,82,2
296.0,0,0,14.7,40.0,6.6,21.5,1,84.0,0.13,food,8048.0,4,10,145.2,68,1
321.4,0,0,10.4,20.0,1.8,21.0,1,13.0,0.04,fuel,9848.0,3,3,115.7,96,1
291.5,0,0,30.0,215.0,24.9,18.8,1,100.0,1.0,construction,7164.0,1,6,501.8,46,1
186.8,1,0,36.1,515.0,2.2,21.9,1,12.0,0.03,agri,4745.0,2,2,196.7,78,2
398.4,1,1,40.1,574.0,7.2,25.5,0,100.0,0.125,food,8613.0,4,7,498.1,63,2
328.0,0,0,15.2,20.0,0.6,24.3,0,13.0,0.04,agri,8130.0,2,2,7.4,93,1
305.5,0,0,14.3,40.0,3.3,34.6,0,14.0,0.02,construction,14791.0,1,3,15.3,86,1
112.3,1,1,46.8,550.0,0.6,18.2,1,6.0,0.16,agri,3145.0,2,12,190.7,80,2
138.1,1,1,62.1,1117.0,4.7,33.6,1,18.0,1.0,agri,8315.0,2,5,404.7,63,2
326.6,0,0,11.2,20.0,7.2,29.4,2,100.0,0.5,agri,13604.0,2,9,454.1,59,1
145.6,1,1,56.4,1117.0,0.1,33.8,1,3.0,0.17,agri,6732.0,2,3,246.5,84,2
279.0,0,0,23.3,215.0,10.0,20.7,0,10.0,0.08,fuel,663.0,3,3,48.4,89,1
330.7,0,0,47.3,750.0,0.6,18.5,0,3.0,0.17,food,9128.0,4,1,24.9,94,1
204.7,0,0,17.1,115.0,3.9,18.0,0,12.0,0.03,food,4792.0,4,1,12.9,96,1
265.2,0,0,30.8,802.0,1.0,29.2,0,12.0,0.03,construction,4972.0,1,1,6.4,94,1
315.6,0,0,4.5,20.0,35.1,31.2,1,13.0,0.04,general,6545.0,1,3,374.5,80,2
402.8,1,1,65.1,961.0,9.4,23.0,1,70.0,1.0,medicine,10183.0,5,7,1268.3,47,2
267.6,0,0,27.9,215.0,1.4,18.8,0,10.0,0.08,construction,11267.0,1,1,13.0,90,1
254.7,0,0,31.5,775.0,0.1,30.3,1,4.0,0.14,fuel,9337.0,3,12,97.6,89,1
280.4,0,0,27.5,215.0,52.8,26.9,0,100.0,1.0,construction,7322.0,1,8,711.1,43,2
426.0,0,1,38.9,594.0,0.7,29.8,1,14.0,0.02,food,1681.0,4,12,310.1,88,1
448.0,0,1,44.0,594.0,24.7,34.4,1,100.0,0.25,medicine,13876.0,5,6,697.1,56,1
243.1,0,0,40.5,408.0,1.9,25.4,2,78.0,0.26,food,3117.0,4,5,256.2,70,1
277.0,1,0,44.5,762.0,0.0,34.7,2,12.0,0.03,fuel,1554.0,3,12,485.9,82,2
105.0,1,1,37.7,550.0,0.6,19.5,2,36.0,1.0,general,6963.0,1,10,430.2,57,2
244.7,0,0,30.3,408.0,5.6,23.4,2,78.0,0.26,medicine,9001.0,5,10,279.8,64,1
370.6,1,1,38.8,574.0,8.6,18.9,2,90.0,0.065,food,13948.0,4,10,1075.0,67,2
199.9,0,0,19.1,115.0,1.1,20.6,0,8.0,0.04,food,10926.0,4,2,5.9,98,1
274.2,0,0,18.5,215.0,0.1,33.3,2,10.0,0.08,medicine,13346.0,5,11,243.1,88,1
80.8,0,0,57.2,1438.0,2.0,31.0,0,4.0,0.14,agri,11328.0,2,1,6.6,82,1
455.3,0,1,40.1,594.0,2.1,31.9,1,100.0,0.25,agri,501.0,2,7,412.5,69,1
573.7,0,0,13.6,35.0,12.7,28.5,2,100.0,0.25,food,9341.0,4,6,762.4,70,1
102.0,0,0,34.8,790.0,1.9,20.9,1,14.0,0.02,construction,14789.0,1,2,35.9,90,1
464.4,0,0,36.9,422.0,7.4,22.1,3,70.0,1.0,general,7092.0,1,8,1658.1,52,1
113.1,1,1,48.0,550.0,14.9,29.6,3,36.0,1.0,general,14820.0,1,10,919.0,44,2
177.5,0,0,12.1,68.0,34.5,21.4,1,100.0,0.25,medicine,9049.0,5,6,236.1,61,2
343.5,0,0,40.0,750.0,5.8,33.7,1,30.0,1.0,general,10686.0,1,6,384.4,66,1
193.1,1,0,33.9,515.0,3.3,25.0,1,72.0,0.195,medicine,10453.0,5,4,231.9,65,2
184.4,1,0,74.7,1197.0,33.2,24.4,1,60.0,1.0,medicine,7374.0,5,6,649.6,40,2
273.9,0,0,21.6,102.0,25.6,27.6,0,100.0,0.25,fuel,5930.0,3,9,155.4,70,1
74.5,0,0,44.9,797.0,3.1,25.4,1,8.0,0.04,construction,12136.0,1,2,28.4,92,1
313.5,0,0,20.1,20.0,0.4,26.8,3,13.0,0.04,food,1302.0,4,3,604.1,86,1
217.0,1,0,38.1,470.0,2.2,34.8,1,8.0,0.04,medicine,2842.0,5,2,230.0,84,2
237.2,0,0,41.0,408.0,3.9,30.3,1,13.0,0.04,construction,11051.0,1,3,93.7,89,1
207.3,1,0,34.4,470.0,1.6,20.8,1,48.0,0.26,general,13781.0,1,5,250.9,73,2
196.7,0,0,19.3,115.0,0.5,22.8,1,12.0,0.03,agri,7169.0,2,2,65.8,93,1
276.6,0,0,22.6,215.0,5.8,29.7,2,100.0,1.0,general,12891.0,1,7,528.3,53,1
323.0,2,2,55.9,870.0,0.4,23.2,0,6.0,0.16,fuel,13127.0,3,11,1369.8,77,2
186.7,1,0,37.8,515.0,8.0,25.6,2,100.0,0.375,general,9446.0,1,6,447.2,57,2
551.5,0,0,5.5,35.0,6.2,22.1,3,100.0,0.25,fuel,7629.0,3,6,1297.8,71,1
168.2,1,1,38.4,578.0,10.4,31.4,2,100.0,0.5,construction,9154.0,1,8,611.7,49,2
74.7,0,0,46.1,797.0,13.3,30.2,2,80.0,0.5,agri,1694.0,2,8,117.7,59,1
143.2,1,1,54.9,1117.0,0.1,26.9,0,3.0,0.17,construction,13988.0,1,2,158.3,83,2
188.9,1,0,60.7,1238.0,8.6,33.8,2,24.0,0.91,food,12639.0,4,10,609.7,55,2
138.0,1,1,59.3,1117.0,4.7,31.2,0,3.0,0.17,construction,14453.0,1,11,168.0,80,2
330.0,0,0,25.2,202.0,0.7,32.3,0,14.0,0.02,fuel,5573.0,3,1,5.5,90,1
83.4,0,0,60.8,1438.0,4.6,20.9,1,40.0,1.0,general,4821.0,1,8,90.8,59,1
135.2,1,0,34.9,488.0,3.1,34.5,1,13.0,0.04,general,11742.0,1,11,146.3,79,2
194.1,0,0,22.7,115.0,14.9,30.2,1,100.0,0.375,fuel,10622.0,3,8,158.8,67,1
376.0,1,1,34.3,574.0,0.3,26.3,3,15.0,0.01,agri,3798.0,2,2,1641.9,79,2
386.5,1,1,62.0,961.0,2.5,27.1,0,70.0,1.0,medicine,1280.0,5,7,781.2,44,2
498.5,0,0,20.5,422.0,8.6,23.8,2,42.0,0.65,food,13214.0,4,5,788.6,67,1
187.5,1,0,41.1,515.0,0.7,25.4,0,12.0,0.03,agri,3182.0,2,11,105.9,86,2
204.3,0,0,35.0,688.0,4.0,21.9,0,100.0,0.5,construction,9563.0,1,9,57.7,64,1
176.2,1,0,64.9,1197.0,0.4,19.4,0,36.0,1.0,medicine,4539.0,5,10,231.1,58,2
272.1,0,0,14.5,102.0,1.1,26.2,2,14.0,0.02,fuel,13258.0,3,1,236.3,88,1
574.4,0,0,14.2,35.0,0.7,30.6,0,100.0,0.25,construction,9653.0,1,9,63.3,70,1
192.1,0,0,22.1,115.0,2.8,32.7,0,8.0,0.04,construction,6545.0,1,2,9.9,86,1
315.5,0,0,14.9,20.0,3.9,33.2,2,100.0,0.5,agri,13724.0,2,6,410.5,58,1
339.7,0,0,27.9,202.0,2.1,31.9,2,100.0,0.25,medicine,11886.0,5,9,356.8,64,1
421.7,0,1,51.2,594.0,0.6,32.0,0,14.0,0.02,general,1196.0,1,12,140.0,91,1
401.1,1,1,65.4,961.0,1.5,19.8,1,7.0,0.1,food,2838.0,4,3,669.5,79,2
204.6,1,0,42.9,470.0,1.5,27.4,1,8.0,0.04,medicine,2305.0,5,1,213.7,84,2
203.6,0,0,11.3,115.0,0.5,28.5,3,8.0,0.04,agri,10372.0,2,12,392.7,90,1
198.2,1,1,69.8,1041.0,4.9,25.1,2,36.0,1.0,general,12683.0,1,10,860.0,53,2
402.6,1,1,58.0,961.0,1.5,32.5,2,7.0,0.1,construction,7723.0,1,11,1065.1,76,2
308.1,0,0,17.2,20.0,2.4,20.7,0,100.0,0.5,food,12780.0,4,6,79.0,69,1
234.8,0,0,30.3,408.0,6.9,26.3,0,13.0,0.04,medicine,12700.0,5,3,25.7,94,1
305.1,0,0,22.8,20.0,6.5,29.0,0,13.0,0.04,medicine,7954.0,5,11,31.4,88,1
152.0,1,1,69.7,1117.0,3.1,30.3,0,30.0,1.0,medicine,7322.0,5,9,310.1,55,2
183.4,0,0,21.8,68.0,3.9,28.8,1,100.0,0.25,medicine,7782.0,5,7,93.2,74,1
166.5,0,0,11.9,68.0,8.3,32.1,2,14.0,0.02,general,14711.0,1,3,172.4,84,1
506.9,0,0,24.1,422.0,30.3,20.7,1,70.0,1.0,general,10015.0,1,8,989.9,47,2
209.9,1,0,28.9,470.0,0.0,20.4,2,8.0,0.04,general,2047.0,1,11,370.0,81,2
291.7,0,0,25.0,215.0,29.1,33.4,1,60.0,0.52,fuel,2405.0,3,5,396.7,64,1
199.3,1,0,63.9,1238.0,0.4,28.0,1,4.0,0.14,general,9278.0,1,12,216.9,82,2
206.3,1,0,43.0,470.0,19.3,27.2,2,48.0,0.26,medicine,12328.0,5,5,567.2,63,2
181.7,1,0,39.5,515.0,1.0,32.9,1,12.0,0.03,medicine,3040.0,5,3,186.1,85,2
175.9,1,1,40.5,578.0,0.6,21.2,3,13.0,0.04,medicine,658.0,5,2,779.8,79,2
159.7,1,1,46.4,578.0,1.2,26.3,1,13.0,0.04,food,13410.0,4,1,257.0,77,2
461.2,0,0,23.2,422.0,4.5,28.6,0,7.0,0.1,food,4054.0,4,11,45.8,92,1
213.2,0,0,46.3,688.0,17.7,19.3,0,100.0,0.5,general,13401.0,1,7,114.6,59,1
169.3,1,1,49.6,578.0,7.9,20.5,0,13.0,0.04,agri,14125.0,2,2,203.9,90,2
395.6,1,1,63.2,961.0,0.3,18.4,1,7.0,0.1,construction,7745.0,1,3,646.7,77,2
142.2,1,1,63.5,1117.0,1.2,26.8,1,3.0,0.17,medicine,7070.0,5,1,245.2,77,2
257.6,1,0,39.2,762.0,4.6,33.4,1,12.0,0.03,general,14666.0,1,3,286.0,80,2
348.5,0,0,46.2,750.0,5.6,25.1,2,30.0,1.0,construction,9040.0,1,8,663.1,59,1
95.8,0,0,33.9,790.0,44.0,29.1,2,100.0,0.25,fuel,12290.0,3,8,265.8,55,2
206.6,0,0,45.2,688.0,29.3,18.4,1,78.0,0.26,agri,11542.0,2,4,236.7,58,1
222.9,1,0,32.2,470.0,1.2,31.9,1,8.0,0.04,agri,10327.0,2,1,231.0,82,2
169.5,0,0,19.4,68.0,2.5,24.7,3,14.0,0.02,general,10844.0,1,2,334.5,89,1
149.3,1,1,63.5,1117.0,44.6,29.5,2,30.0,1.0,construction,6654.0,1,7,1246.7,41,2
183.8,1,0,66.9,1197.0,4.0,34.6,1,6.0,0.16,construction,2088.0,1,1,219.4,77,2
209.6,1,0,45.1,470.0,30.1,24.1,2,80.0,0.5,fuel,3151.0,3,8,788.4,52,2
274.5,0,0,32.7,215.0,5.5,24.2,0,60.0,0.52,general,11895.0,1,4,87.0,71,1
262.5,1,0,36.9,502.0,16.0,25.8,1,100.0,0.25,medicine,11365.0,5,9,425.9,56,2
138.8,1,1,66.1,1117.0,4.9,30.2,0,18.0,1.0,agri,9013.0,2,10,292.0,62,2
281.9,0,0,14.2,102.0,9.5,28.4,2,84.0,0.13,general,13785.0,1,5,323.0,74,1
185.5,0,0,25.8,115.0,28.7,21.7,2,80.0,0.5,medicine,13433.0,5,8,406.1,57,1
292.3,0,0,19.5,215.0,3.3,29.2,1,60.0,0.52,general,11275.0,1,10,194.1,67,1
245.0,0,0,36.7,775.0,32.6,30.7,1,40.0,1.0,general,7121.0,1,8,504.8,55,2
149.6,1,1,62.2,1117.0,1.2,33.1,2,3.0,0.17,food,1056.0,4,1,406.7,81,2
171.5,1,0,77.6,1197.0,0.1,25.4,0,6.0,0.16,food,5166.0,4,12,107.6,80,2
477.0,0,0,43.7,422.0,15.8,26.1,2,70.0,1.0,construction,1810.0,1,6,1090.6,51,1
143.9,1,0,37.0,488.0,10.9,29.4,0,100.0,0.5,food,14700.0,4,9,159.5,51,2
85.0,0,0,57.7,1438.0,29.3,26.3,0,24.0,0.91,general,13619.0,1,10,100.3,56,1
402.4,1,1,67.0,961.0,3.9,28.4,1,7.0,0.1,agri,14650.0,2,3,701.3,75,2
76.4,0,0,47.6,797.0,104.3,28.0,2,80.0,0.5,general,11728.0,1,7,528.9,37,3
180.5,1,0,53.9,1238.0,13.6,22.0,0,40.0,1.0,food,14138.0,4,8,307.4,57,2
233.8,0,0,45.2,408.0,1.2,19.2,0,78.0,0.26,general,10509.0,1,5,28.7,72,1
315.5,0,0,20.1,202.0,2.8,31.9,2,14.0,0.02,construction,2444.0,1,11,286.0,83,1
